CustomerID,total_orders,total_items,total_revenue,avg_order_value,unique_products,first_purchase,last_purchase,days_since_last_purchase,customer_lifespan,purchase_frequency,total_active_months,returned_second_month,churned,churn_probability
12346,1,74215,77183.6,77183.6,1,2011-01-18 10:01:00,2011-01-18 10:01:00,325,0,1.0,1,0,1,0.9962616476535858
12347,7,2458,4310.0,23.68131868131868,103,2010-12-07 14:57:00,2011-12-07 15:52:00,1,365,0.0191256830601092,7,1,0,0.022150669591037866
12348,4,2341,1797.24,57.97548387096774,22,2010-12-16 19:09:00,2011-09-25 13:13:00,74,282,0.0141342756183745,4,1,0,0.12080909164942302
12349,1,631,1757.55,24.076027397260273,73,2011-11-21 09:51:00,2011-11-21 09:51:00,18,0,1.0,1,0,0,0.42268320260302245
12350,1,197,334.4,19.670588235294115,17,2011-02-02 16:01:00,2011-02-02 16:01:00,309,0,1.0,1,0,1,0.5598281694706382
12352,8,536,2506.04,29.482823529411764,59,2011-02-16 12:33:00,2011-11-03 14:37:00,35,260,0.0306513409961685,4,1,0,0.09806305344351143
12353,1,20,89.0,22.25,4,2011-05-19 17:47:00,2011-05-19 17:47:00,203,0,1.0,1,0,1,0.5919234705570446
12354,1,530,1079.4,18.610344827586207,58,2011-04-21 13:11:00,2011-04-21 13:11:00,231,0,1.0,1,0,1,0.4613515764817004
12355,1,240,459.4,35.33846153846154,13,2011-05-09 13:49:00,2011-05-09 13:49:00,213,0,1.0,1,0,1,0.566818528649818
12356,3,1591,2811.43,47.65135593220339,53,2011-01-18 09:50:00,2011-11-17 08:40:00,22,302,0.0099009900990099,3,1,0,0.0969612943028495
12357,1,2708,6207.67,47.38679389312977,131,2011-11-06 16:07:00,2011-11-06 16:07:00,32,0,1.0,1,0,0,0.24760061913947182
12358,2,248,1168.06,61.47684210526315,13,2011-07-12 10:04:00,2011-12-08 10:26:00,1,149,0.0133333333333333,2,1,0,0.3801942652933611
12359,4,1609,6310.03,25.75522448979592,214,2011-01-12 12:43:00,2011-10-13 12:47:00,57,274,0.0145454545454545,4,1,0,0.02537092804517619
12360,3,1165,2662.06,20.63612403100775,105,2011-05-23 09:43:00,2011-10-18 15:22:00,51,148,0.0201342281879194,3,1,0,0.17936389877242984
12361,1,91,189.9,18.99,10,2011-02-25 13:51:00,2011-02-25 13:51:00,286,0,1.0,1,0,1,0.5774076799730993
12362,10,2229,5226.23,19.647481203007516,201,2011-02-17 10:30:00,2011-12-06 15:40:00,2,292,0.0341296928327645,8,1,0,0.012989982778365683
12363,2,408,552.0,24.0,23,2011-04-11 13:29:00,2011-08-22 10:18:00,109,132,0.0150375939849624,2,1,1,0.3904279250473286
12364,4,1506,1313.1,15.448235294117646,70,2011-08-19 15:24:00,2011-12-02 10:22:00,7,104,0.0380952380952381,4,1,0,0.2641348970216425
12365,2,174,641.38,29.15363636363636,22,2011-02-21 13:51:00,2011-02-21 14:04:00,290,0,2.0,1,0,1,0.5815931621402485
12367,1,173,168.9,15.354545454545455,11,2011-12-05 16:48:00,2011-12-05 16:48:00,3,0,1.0,1,0,0,0.5738900660633983
12370,4,2352,3541.94,21.33698795180723,143,2010-12-14 12:58:00,2011-10-19 14:51:00,50,309,0.0129032258064516,3,1,0,0.040290600877018114
12371,2,591,1887.96,29.96761904761905,63,2011-10-11 10:43:00,2011-10-26 10:16:00,44,14,0.1333333333333333,1,0,0,0.36839322996066637
12372,3,794,1298.04,24.962307692307693,34,2011-02-16 12:46:00,2011-09-29 12:12:00,71,224,0.0133333333333333,3,1,0,0.19814454846464732
12373,1,197,364.6,26.042857142857144,14,2011-02-01 13:10:00,2011-02-01 13:10:00,310,0,1.0,1,0,1,0.5660066061833443
12374,1,342,742.9300000000001,22.513030303030305,33,2011-11-14 15:37:00,2011-11-14 15:37:00,24,0,1.0,1,0,0,0.5203173935607974
12375,2,178,457.5,26.91176470588235,14,2011-09-02 14:23:00,2011-11-29 10:36:00,10,87,0.0227272727272727,2,1,0,0.49428166653485106
12377,2,944,1628.12,21.144415584415583,72,2010-12-20 09:37:00,2011-01-28 15:45:00,314,39,0.05,2,1,1,0.43586712493083823
12378,1,2529,4008.62,18.30420091324201,219,2011-08-02 10:34:00,2011-08-02 10:34:00,129,0,1.0,1,0,1,0.14693293416103256
12379,2,407,852.24,21.306,39,2011-06-22 16:32:00,2011-09-19 10:09:00,81,88,0.0224719101123595,2,1,0,0.4324496477482997
12380,4,1127,2724.81,26.20009615384615,77,2011-06-07 09:49:00,2011-11-18 11:27:00,21,164,0.0242424242424242,4,1,0,0.17656319041835938
12381,5,808,1845.31,21.21045977011494,70,2011-08-12 09:57:00,2011-12-05 12:44:00,4,115,0.043103448275862,4,1,0,0.2466071325234941
12383,5,1532,1850.56,18.69252525252525,84,2010-12-22 14:28:00,2011-06-08 08:02:00,184,167,0.0297619047619047,5,1,1,0.14691315358845033
12384,2,126,585.27,21.676666666666662,26,2011-08-10 11:23:00,2011-11-11 08:39:00,28,92,0.021505376344086,2,1,0,0.4597795016429713
12386,2,354,401.9,40.19,10,2010-12-08 09:53:00,2011-01-06 12:37:00,337,29,0.0666666666666666,2,1,1,0.6054870737006152
12388,6,1462,2780.66,27.8066,57,2011-01-17 11:12:00,2011-11-24 12:30:00,15,311,0.0192307692307692,6,1,0,0.06057235950280831
12390,1,353,549.84,17.1825,32,2011-09-21 09:33:00,2011-09-21 09:33:00,79,0,1.0,1,0,0,0.5237238436912505
12391,1,293,439.66,4.72752688172043,92,2011-11-18 12:07:00,2011-11-18 12:07:00,21,0,1.0,1,0,0,0.40117856017172665
12393,4,816,1582.6,24.728125,47,2011-01-11 09:47:00,2011-09-28 15:41:00,71,260,0.0153256704980842,3,1,0,0.13872342646905825
12394,2,819,1272.48,47.12888888888889,26,2011-05-06 14:01:00,2011-10-07 08:08:00,63,153,0.0129870129870129,2,1,0,0.33723503795562537
12395,12,2118,3018.63,19.350192307692307,91,2010-12-03 16:35:00,2011-11-20 15:21:00,18,351,0.034090909090909,8,1,0,0.020983836572351186
12397,2,1263,2409.9,19.126190476190477,110,2011-07-27 14:21:00,2011-11-04 09:52:00,35,99,0.02,2,1,0,0.25594022923460735
12398,1,1394,1635.66,19.24305882352941,85,2011-10-25 10:27:00,2011-10-25 10:27:00,45,0,1.0,1,0,0,0.38559066681260756
12399,4,1178,1108.65,18.790677966101697,47,2011-03-23 09:42:00,2011-08-12 13:15:00,118,142,0.0279720279720279,4,1,1,0.2543481704227507
12401,1,11,84.3,16.86,5,2011-02-09 13:50:00,2011-02-09 13:50:00,302,0,1.0,1,0,1,0.5898771722175692
12402,1,94,225.6,20.509090909090908,11,2011-01-20 13:49:00,2011-01-20 13:49:00,322,0,1.0,1,0,1,0.5750569994747371
12403,1,96,427.7,85.53999999999999,5,2011-10-21 10:51:00,2011-10-21 10:51:00,49,0,1.0,1,0,0,0.588220544283333
12405,1,857,1710.39,31.67388888888889,54,2011-07-14 08:52:00,2011-07-14 08:52:00,148,0,1.0,1,0,1,0.4584038655114922
12406,2,1818,3415.3,32.52666666666667,92,2011-06-09 10:23:00,2011-11-17 19:22:00,21,161,0.0123456790123456,2,1,0,0.19132036911498973
12407,5,1416,1708.12,22.183376623376624,57,2011-03-20 13:21:00,2011-10-21 10:11:00,49,214,0.0232558139534883,4,1,0,0.14597156868397082
12408,5,1409,2888.55,27.51,81,2011-03-24 14:46:00,2011-11-07 12:27:00,32,227,0.0219298245614035,4,1,0,0.10880613869578412
12409,3,5551,11072.67,101.58412844036695,91,2011-06-10 12:19:00,2011-09-22 10:38:00,78,103,0.0288461538461538,2,1,0,0.1669426258499404
12410,2,211,693.3299999999999,26.666538461538455,26,2011-02-04 10:38:00,2011-02-04 10:39:00,308,0,2.0,1,0,1,0.5721780511642661
12412,3,829,1226.88,20.112786885245903,43,2011-06-23 13:51:00,2011-09-26 10:16:00,74,94,0.031578947368421,3,1,0,0.3698775121733112
12413,3,286,758.1,19.95,29,2011-01-06 16:12:00,2011-10-04 09:00:00,66,270,0.011070110701107,3,1,0,0.1636382678025916
12414,3,300,562.41,31.244999999999997,16,2011-02-02 14:51:00,2011-05-06 14:51:00,216,93,0.0319148936170212,3,1,1,0.44185499226476455
12415,21,77374,124914.53,174.95032212885152,444,2011-01-06 11:12:00,2011-11-15 14:22:00,23,313,0.0668789808917197,11,1,0,3.055578226009865e-08
12417,9,1552,3649.1,19.005729166666665,158,2010-12-17 11:51:00,2011-12-06 14:52:00,2,354,0.0253521126760563,8,1,0,0.013876045609856466
12418,1,407,668.58,19.664117647058823,34,2011-08-19 11:08:00,2011-08-19 11:08:00,112,0,1.0,1,0,1,0.5175625169090369
12420,1,345,600.39,20.70310344827586,29,2011-10-07 08:55:00,2011-10-07 08:55:00,63,0,1.0,1,0,0,0.5298231698406471
12421,4,484,807.04,17.93422222222222,32,2011-01-24 15:09:00,2011-11-24 09:07:00,15,303,0.0131578947368421,4,1,0,0.11390657825684161
12422,3,370,803.5600000000001,20.604102564102565,39,2011-01-19 09:13:00,2011-09-05 09:48:00,95,229,0.0130434782608695,3,1,1,0.19361001350099272
12423,8,1339,1859.31,14.87448,97,2010-12-21 10:54:00,2011-12-09 10:10:00,0,352,0.0226628895184136,8,1,0,0.026313740301379406
12424,2,740,1760.96,58.69866666666667,30,2011-06-30 12:06:00,2011-06-30 12:06:00,162,0,2.0,1,0,1,0.5459123875371263
12425,1,496,777.2,21.58888888888889,36,2011-09-22 17:31:00,2011-09-22 17:31:00,77,0,1.0,1,0,0,0.5108064157485849
12426,1,258,582.73,19.424333333333333,30,2011-05-29 12:26:00,2011-05-29 12:26:00,194,0,1.0,1,0,1,0.5294729758123655
12427,3,533,825.8,26.638709677419353,26,2010-12-03 10:44:00,2011-11-18 08:56:00,21,349,0.0085714285714285,3,1,0,0.10005419209692862
12428,9,3536,7956.46,27.062789115646257,258,2011-03-01 09:33:00,2011-11-14 08:22:00,25,257,0.0348837209302325,5,1,0,0.011818281410135996
12429,4,1557,3750.4,38.66391752577319,82,2010-12-09 12:05:00,2011-11-30 17:22:00,8,356,0.011204481792717,4,1,0,0.04578506078486419
12430,1,117,256.4,23.30909090909091,11,2011-10-27 15:09:00,2011-10-27 15:09:00,42,0,1.0,1,0,0,0.5744799913846117
12431,15,2896,6419.95,27.43568376068376,163,2010-12-01 10:03:00,2011-11-04 11:55:00,35,338,0.0442477876106194,8,1,0,0.009248061061041228
12432,5,1801,5059.32,46.84555555555555,107,2011-06-20 13:27:00,2011-10-28 11:43:00,42,129,0.0384615384615384,2,1,0,0.17787047598242875
12433,7,11071,13375.87,31.847309523809525,219,2010-12-01 13:24:00,2011-12-09 10:02:00,0,372,0.0187667560321715,5,1,0,0.0036822278932204665
12434,2,394,806.14,16.122799999999998,46,2011-03-24 13:05:00,2011-09-16 12:38:00,84,175,0.0113636363636363,2,1,0,0.2771899374542267
12435,2,2055,7829.89,217.49694444444447,31,2011-03-17 07:40:00,2011-09-21 09:06:00,79,188,0.0105820105820105,2,1,0,0.21876748740359617
12436,1,211,509.01,31.813125,16,2011-09-01 12:09:00,2011-09-01 12:09:00,99,0,1.0,1,0,1,0.5605849121532321
12437,18,2922,4951.41,24.88145728643216,118,2011-01-12 14:13:00,2011-12-08 11:35:00,1,329,0.0545454545454545,10,1,0,0.010902506474045646
12438,2,1180,2906.85,29.66173469387755,84,2011-07-22 13:29:00,2011-11-25 13:28:00,13,125,0.0158730158730158,2,1,0,0.2595859768781809
12441,1,121,173.55,15.77727272727273,11,2010-12-08 10:45:00,2010-12-08 10:45:00,366,0,1.0,1,0,1,0.5748221743013193
12442,1,182,172.06,14.338333333333331,12,2011-12-06 14:22:00,2011-12-06 14:22:00,2,0,1.0,1,0,0,0.5716056941764032
12444,5,1153,5005.46,28.44011363636364,138,2011-06-21 14:00:00,2011-11-18 13:23:00,20,149,0.0333333333333333,5,1,0,0.10291949315230549
12445,1,62,133.4,33.35,4,2011-11-17 18:43:00,2011-11-17 18:43:00,21,0,1.0,1,0,0,0.5912409754119873
12446,1,351,1002.31,17.584385964912283,57,2011-10-13 12:50:00,2011-10-13 12:50:00,57,0,1.0,1,0,0,0.46743371572322934
12447,1,190,476.49,18.326538461538465,26,2011-04-10 13:25:00,2011-04-10 13:25:00,242,0,1.0,1,0,1,0.5399855473796237
12448,1,243,449.45,20.429545454545455,22,2011-10-26 13:46:00,2011-10-26 13:46:00,43,0,1.0,1,0,0,0.5476342496173945
12449,4,1553,4067.29,21.294712041884814,118,2011-06-05 15:37:00,2011-11-17 13:46:00,21,164,0.0242424242424242,4,1,0,0.12296302314049669
12450,2,128,197.88,24.735,7,2011-06-19 14:36:00,2011-07-06 14:41:00,155,17,0.1111111111111111,2,1,1,0.6387752609240035
12451,5,6575,9035.52,25.524067796610172,265,2011-01-19 09:05:00,2011-11-29 08:40:00,10,313,0.0159235668789808,4,1,0,0.007563722185102527
12452,2,185,430.57,19.571363636363635,21,2011-11-23 08:05:00,2011-11-23 10:28:00,16,0,2.0,1,0,0,0.5848870673616557
12453,1,473,707.09,16.443953488372095,43,2011-07-28 14:08:00,2011-07-28 14:08:00,133,0,1.0,1,0,1,0.49701638343739357
12454,1,1006,3528.34,235.22266666666667,15,2011-10-14 17:13:00,2011-10-14 17:13:00,55,0,1.0,1,0,0,0.5293827245496097
12455,6,2089,2466.86,27.409555555555556,85,2011-02-16 09:56:00,2011-09-27 15:31:00,72,223,0.0267857142857142,5,1,0,0.09257212243896747
12456,3,1633,3181.04,25.44832,105,2011-03-30 09:12:00,2011-10-26 14:41:00,43,210,0.0142180094786729,3,1,0,0.1168730440949954
12457,7,843,2363.23,38.11661290322581,53,2011-04-14 18:57:00,2011-10-04 13:13:00,65,172,0.0404624277456647,3,1,0,0.1965311913911345
12458,2,506,947.4,24.931578947368426,35,2011-02-28 10:55:00,2011-09-29 15:25:00,70,213,0.0093457943925233,2,1,0,0.23993987624552057
12461,2,287,826.88,23.62514285714286,35,2011-07-08 10:23:00,2011-09-06 16:57:00,93,60,0.0327868852459016,2,1,1,0.4939728373587136
12462,2,536,1189.59,19.186935483870965,51,2011-02-09 14:44:00,2011-11-21 09:11:00,18,284,0.0070175438596491,2,1,0,0.14043842083923777
12463,4,776,1344.78,16.202168674698793,65,2011-04-12 12:47:00,2011-10-17 13:44:00,52,188,0.0211640211640211,4,1,0,0.1768056214177937
12464,8,112,1212.05,41.79482758620689,6,2011-02-03 13:30:00,2011-11-29 13:33:00,9,299,0.0266666666666666,5,1,0,0.11216040403129199
12465,2,479,742.1899999999999,15.79127659574468,46,2011-06-23 13:37:00,2011-11-22 16:34:00,16,152,0.0130718954248366,2,1,0,0.3108196123291695
12468,2,366,729.5400000000001,19.19842105263158,36,2011-01-27 13:29:00,2011-06-05 11:36:00,187,128,0.0155038759689922,2,1,1,0.3706387350723752
12471,30,8200,19788.65,43.11252723311547,150,2010-12-10 09:35:00,2011-12-07 15:43:00,1,362,0.0826446280991735,12,1,0,0.0012266579473825953
12472,7,4148,6572.11,19.386755162241887,219,2010-12-05 14:19:00,2011-11-07 14:01:00,31,336,0.0207715133531157,7,1,0,0.008504519158569217
12473,5,2414,3928.05,23.52125748502994,140,2011-06-01 10:15:00,2011-11-10 13:46:00,28,162,0.0306748466257668,4,1,0,0.0962074525931688
12474,18,4833,7324.09,17.355663507109004,253,2011-01-14 10:06:00,2011-11-22 14:39:00,16,312,0.0575079872204472,9,1,0,0.0034947435844379236
12475,1,535,723.38,20.093888888888888,36,2011-10-17 10:10:00,2011-10-17 10:10:00,53,0,1.0,1,0,0,0.510499446054632
12476,11,2408,6816.42,29.255021459227468,177,2010-12-13 14:39:00,2011-11-24 12:40:00,15,345,0.0317919075144508,9,1,0,0.008813216201829328
12477,6,3653,13219.74,44.0658,191,2011-02-11 12:45:00,2011-11-17 09:51:00,22,278,0.021505376344086,5,1,0,0.016717472648306347
12478,1,236,680.99,18.91638888888889,36,2011-12-06 09:56:00,2011-12-06 09:56:00,3,0,1.0,1,0,0,0.5164483647135392
12479,1,385,527.2,17.006451612903227,31,2011-11-28 13:26:00,2011-11-28 13:26:00,10,0,1.0,1,0,0,0.5254086010612751
12480,4,1707,3281.63,21.30928571428571,129,2011-01-07 15:27:00,2011-11-11 14:52:00,27,307,0.0129870129870129,4,1,0,0.04421808916960647
12481,10,3294,5579.82,25.8325,150,2010-12-09 10:13:00,2011-11-17 08:29:00,22,342,0.0291545189504373,7,1,0,0.013856417717834713
12483,8,1110,2484.98,33.133066666666664,46,2011-01-04 14:20:00,2011-11-22 17:02:00,16,322,0.0247678018575851,7,1,0,0.05327271774578947
12484,6,2187,4527.32,13.199183673469388,256,2011-01-07 14:04:00,2011-11-07 11:37:00,32,303,0.0197368421052631,4,1,0,0.013597553594293718
12488,3,529,1298.66,23.612,46,2011-09-25 10:34:00,2011-11-30 08:50:00,9,65,0.0454545454545454,3,1,0,0.41934246193902525
12489,1,105,334.93,22.328666666666667,15,2011-01-07 13:13:00,2011-01-07 13:13:00,335,0,1.0,1,0,1,0.5657560596801955
12490,10,3064,5417.93,22.114,131,2011-01-14 09:13:00,2011-12-04 16:07:00,4,324,0.0307692307692307,8,1,0,0.017194460986813844
12491,1,260,460.4,17.70769230769231,25,2011-11-01 12:18:00,2011-11-01 12:18:00,38,0,1.0,1,0,0,0.5408752344006735
12492,2,192,263.21000000000004,13.160500000000004,19,2011-08-26 14:51:00,2011-10-07 15:15:00,62,42,0.0465116279069767,2,1,0,0.5666105167588475
12493,2,207,433.74,19.715454545454545,20,2011-05-26 14:53:00,2011-06-27 10:17:00,165,31,0.0625,2,1,1,0.5831729442165144
12494,7,707,1246.1,16.183116883116885,63,2010-12-09 11:31:00,2011-11-24 09:34:00,15,349,0.02,6,1,0,0.047303929473012284
12497,1,1236,1043.1,74.50714285714285,14,2011-09-19 12:29:00,2011-09-19 12:29:00,81,0,1.0,1,0,0,0.5427043220459556
12498,3,159,403.7000000000001,17.55217391304348,21,2011-10-13 09:30:00,2011-11-18 12:53:00,20,36,0.081081081081081,2,1,0,0.5625094250970514
12500,11,2678,4257.82,69.80032786885245,34,2011-01-10 09:48:00,2011-11-16 16:20:00,22,310,0.0353697749196141,7,1,0,0.04705572291150382
12501,1,1783,2169.39,14.5596644295302,149,2011-01-07 12:28:00,2011-01-07 12:28:00,336,0,1.0,1,0,1,0.2590784632007098
12502,5,820,3723.87,25.332448979591835,102,2011-02-03 10:41:00,2011-09-05 11:52:00,95,214,0.0232558139534883,5,1,1,0.09417920976687796
12504,2,90,482.0499999999999,53.5611111111111,6,2011-11-09 14:56:00,2011-11-21 16:02:00,17,12,0.1538461538461538,1,0,0,0.5122641713757821
12506,1,23,73.5,3.1956521739130435,23,2011-04-21 08:54:00,2011-04-21 08:54:00,232,0,1.0,1,0,1,0.5523043643550019
12507,3,894,1304.81,62.13380952380952,19,2011-02-14 09:24:00,2011-07-28 17:09:00,133,164,0.0181818181818181,2,1,1,0.32137294093166086
12508,2,271,397.88,5.851176470588236,57,2011-11-10 16:27:00,2011-11-13 15:37:00,25,2,0.6666666666666666,1,0,0,0.4430583733621023
12509,1,55,176.5,25.214285714285715,7,2011-02-28 14:45:00,2011-02-28 14:45:00,283,0,1.0,1,0,1,0.5845608004290124
12510,2,353,982.57,29.774848484848484,29,2011-01-18 14:04:00,2011-07-20 10:15:00,142,182,0.0109289617486338,2,1,1,0.29571340332194257
12512,2,96,132.18,4.263870967741935,31,2011-10-04 14:53:00,2011-10-04 14:55:00,65,0,2.0,1,0,0,0.5681035528518533
12513,1,462,612.29,17.494,35,2011-08-19 10:51:00,2011-08-19 10:51:00,112,0,1.0,1,0,1,0.5148593718245482
12514,1,440,1017.68,19.954509803921567,51,2011-03-17 16:38:00,2011-03-17 16:38:00,266,0,1.0,1,0,1,0.4782396108812388
12515,1,131,383.7,23.98125,16,2010-12-21 15:43:00,2010-12-21 15:43:00,352,0,1.0,1,0,1,0.5628526387461935
12516,2,875,1312.06,50.46384615384615,20,2011-06-12 11:37:00,2011-09-23 09:13:00,77,102,0.0194174757281553,2,1,0,0.43503028383853953
12517,5,1361,2481.6,8.894623655913978,232,2011-06-02 15:13:00,2011-11-11 14:04:00,27,161,0.0308641975308641,4,1,0,0.05350606444872633
12518,5,1318,2056.89,16.58782258064516,84,2011-08-21 13:18:00,2011-12-09 10:13:00,0,109,0.0454545454545454,5,1,0,0.20925080933295512
12519,1,175,330.84,19.461176470588235,17,2011-10-07 09:26:00,2011-10-07 09:26:00,63,0,1.0,1,0,0,0.5602585337176851
12520,5,1439,2634.26,17.330657894736845,121,2011-03-11 11:35:00,2011-09-21 15:23:00,78,194,0.0256410256410256,4,1,0,0.10033195667572804
12521,1,309,599.68,15.781052631578946,38,2011-07-20 10:51:00,2011-07-20 10:51:00,142,0,1.0,1,0,1,0.5115029614371552
12522,2,194,192.72,16.06,11,2011-10-19 14:41:00,2011-10-31 15:30:00,38,12,0.1538461538461538,1,0,0,0.5008489534981672
12523,11,865,1789.77,16.884622641509434,84,2011-01-12 09:43:00,2011-11-20 12:55:00,18,312,0.0351437699680511,9,1,0,0.032026428678973325
12524,8,3699,4485.72,31.150833333333335,113,2011-01-10 10:35:00,2011-11-30 15:31:00,8,324,0.0246153846153846,7,1,0,0.023649654602032787
12526,3,632,1316.66,18.54450704225352,64,2011-09-06 14:19:00,2011-12-09 12:09:00,0,93,0.0319148936170212,3,1,0,0.33406269584130943
12527,3,234,348.71000000000004,19.37277777777778,18,2011-01-18 12:05:00,2011-09-19 11:55:00,81,243,0.0122950819672131,3,1,0,0.2098881072115653
12528,6,756,1933.48,21.01608695652174,50,2011-01-31 09:05:00,2011-11-30 14:40:00,8,303,0.0197368421052631,6,1,0,0.07294844767680309
12530,4,913,1662.28,25.186060606060607,51,2011-01-07 10:04:00,2011-10-11 12:34:00,59,277,0.014388489208633,4,1,0,0.1105876537305533
12531,1,45,125.22,7.365882352941177,17,2011-11-25 11:12:00,2011-11-25 11:12:00,14,0,1.0,1,0,0,0.5639880878476481
12532,1,153,349.83000000000004,21.864375000000003,16,2011-11-09 13:47:00,2011-11-09 13:47:00,29,0,1.0,1,0,0,0.5626585194850099
12534,1,651,1089.18,17.28857142857143,63,2011-08-01 10:26:00,2011-08-01 10:26:00,130,0,1.0,1,0,1,0.44858024414146885
12535,2,219,716.35,21.069117647058825,28,2011-06-06 12:47:00,2011-09-09 08:48:00,91,94,0.0210526315789473,2,1,1,0.44908754565136294
12536,3,2803,12601.830000000002,48.282873563218395,260,2011-10-11 14:52:00,2011-10-27 14:20:00,42,15,0.1875,1,0,0,0.05807453921301902
12538,1,191,363.95,17.33095238095238,21,2011-11-10 17:16:00,2011-11-10 17:16:00,28,0,1.0,1,0,0,0.5513104477159761
12539,4,2067,5568.35,20.396886446886448,157,2011-01-10 09:11:00,2011-11-17 13:30:00,21,311,0.0128205128205128,3,1,0,0.03373760905811743
12540,17,6685,13400.24,28.03397489539749,277,2010-12-13 09:39:00,2011-11-20 11:31:00,19,342,0.0495626822157434,11,1,0,0.0014027187326108935
12541,3,680,981.18,18.868846153846153,46,2011-03-04 09:32:00,2011-11-10 10:40:00,29,251,0.0119047619047619,3,1,0,0.15785071397183217
12544,1,136,372.7,19.61578947368421,19,2011-11-03 16:15:00,2011-11-03 16:15:00,35,0,1.0,1,0,0,0.5564858161255829
12545,2,523,1000.39,20.0078,42,2011-03-25 12:04:00,2011-09-25 13:39:00,74,184,0.0108108108108108,2,1,0,0.267737717452901
12546,2,633,1161.5,16.833333333333332,59,2011-09-23 09:44:00,2011-10-24 12:09:00,46,31,0.0625,2,1,0,0.48762582894231227
12547,2,134,207.8,25.975,7,2011-03-04 12:46:00,2011-05-26 12:38:00,197,82,0.0240963855421686,2,1,1,0.5210549203575736
12548,1,49,95.2,19.04,5,2011-06-26 15:35:00,2011-06-26 15:35:00,165,0,1.0,1,0,1,0.5891825705453523
12550,1,569,964.83,16.92684210526316,57,2011-09-21 14:35:00,2011-09-21 14:35:00,78,0,1.0,1,0,0,0.4636689138874214
12551,1,100,168.0,16.8,10,2010-12-17 11:23:00,2010-12-17 11:23:00,357,0,1.0,1,0,1,0.5773437624318565
12552,2,88,437.82,21.891,20,2011-10-31 12:11:00,2011-11-01 10:02:00,38,0,2.0,2,1,0,0.7169947286563462
12553,10,1965,3692.28,19.33130890052356,95,2011-01-14 10:42:00,2011-12-01 16:38:00,7,321,0.031055900621118,9,1,0,0.024836824886906163
12556,2,355,599.56,5.038319327731092,100,2011-07-11 13:35:00,2011-10-20 13:06:00,49,100,0.0198019801980198,2,1,0,0.29756991020554174
12557,5,4384,11990.96,363.36242424242425,15,2010-12-03 12:20:00,2011-11-23 16:59:00,15,355,0.0140449438202247,5,1,0,0.0445612421163136
12558,1,196,269.96,24.54181818181818,11,2011-12-02 10:41:00,2011-12-02 10:41:00,7,0,1.0,1,0,0,0.5729598261060472
12559,2,283,561.71,26.74809523809524,21,2011-01-24 10:12:00,2011-02-02 09:49:00,310,8,0.2222222222222222,2,1,1,0.6257438893640712
12560,3,1110,2134.01,20.323904761904764,91,2011-07-19 15:55:00,2011-12-04 13:54:00,4,137,0.0217391304347826,3,1,0,0.21407576279622376
12561,1,177,238.85,14.928125,16,2011-02-10 11:39:00,2011-02-10 11:39:00,302,0,1.0,1,0,1,0.5629117346141751
12562,7,1779,3781.74,22.510357142857146,99,2011-05-25 12:44:00,2011-12-01 17:20:00,7,190,0.0366492146596858,7,1,0,0.08180939721825624
12564,1,133,456.9,21.757142857142856,21,2011-03-23 14:55:00,2011-03-23 14:55:00,260,0,1.0,1,0,1,0.5517415856264636
12565,1,80,145.92,16.21333333333333,9,2011-02-24 10:34:00,2011-02-24 10:34:00,288,0,1.0,1,0,1,0.5799211005728298
12566,1,265,351.65,18.507894736842104,19,2011-09-14 14:30:00,2011-09-14 14:30:00,85,0,1.0,1,0,0,0.5542334098251976
12567,10,4305,9401.28,21.079103139013455,323,2010-12-05 11:57:00,2011-11-17 11:02:00,22,346,0.0288184438040345,7,1,0,0.0025798893343836034
12569,32,1801,4124.69,21.939840425531912,92,2011-04-01 13:47:00,2011-12-07 16:24:00,1,250,0.1274900398406374,9,1,0,0.015221831500809687
12571,2,523,519.61,15.28264705882353,31,2011-08-10 12:35:00,2011-10-31 10:19:00,39,81,0.024390243902439,2,1,0,0.4621440124591461
12572,2,452,1020.42,17.006999999999998,53,2011-10-19 08:20:00,2011-12-01 09:20:00,8,43,0.0454545454545454,2,1,0,0.48243498848228084
12573,1,84,160.54000000000002,5.733571428571429,26,2011-04-26 15:52:00,2011-04-26 15:52:00,226,0,1.0,1,0,1,0.5442775164049887
12574,1,61,218.45,19.85909090909091,11,2011-01-28 09:20:00,2011-01-28 09:20:00,315,0,1.0,1,0,1,0.5756988143475538
12576,5,967,1315.83,14.952613636363637,72,2011-02-08 11:31:00,2011-11-04 10:11:00,35,268,0.0185873605947955,5,1,0,0.08882153286797928
12577,3,469,626.6,4.291780821917809,137,2010-12-15 16:21:00,2011-11-04 13:24:00,34,323,0.0092592592592592,2,1,0,0.055368172268660795
12578,2,1196,2794.51,24.51324561403509,111,2011-01-13 15:34:00,2011-11-18 13:30:00,20,308,0.0064724919093851,2,1,0,0.06952108615712381
12579,1,285,440.42,15.18689655172414,29,2011-09-22 17:15:00,2011-09-22 17:15:00,77,0,1.0,1,0,0,0.5321595751798485
12580,1,238,415.7,17.320833333333333,24,2011-04-07 10:24:00,2011-04-07 10:24:00,246,0,1.0,1,0,1,0.5437501198618112
12581,1,161,197.71,13.180666666666667,15,2011-10-31 08:56:00,2011-10-31 08:56:00,39,0,1.0,1,0,0,0.5655578407453162
12582,2,300,511.36,23.24363636363637,21,2011-02-24 11:42:00,2011-04-15 08:45:00,238,49,0.04,2,1,1,0.545915724669303
12583,15,5060,7281.38,29.47927125506073,115,2010-12-01 08:45:00,2011-12-07 08:07:00,2,370,0.0404312668463611,12,1,0,0.0062584748272420596
12584,9,416,2338.15,24.355729166666663,44,2011-03-04 15:15:00,2011-12-06 09:35:00,3,276,0.0324909747292418,8,1,0,0.06838498411437031
12585,2,1279,2040.1,23.44942528735632,77,2010-12-23 12:58:00,2011-04-19 13:39:00,233,117,0.0169491525423728,2,1,1,0.2873018096376917
12586,1,79,196.94000000000003,17.903636363636366,11,2011-11-22 16:24:00,2011-11-22 16:24:00,16,0,1.0,1,0,0,0.575476189482007
12587,1,51,144.0,36.0,4,2011-12-02 12:47:00,2011-12-02 12:47:00,7,0,1.0,1,0,0,0.5914599066332766
12588,1,53,214.9,21.49,10,2011-10-31 15:01:00,2011-10-31 15:01:00,38,0,1.0,1,0,0,0.577989006086939
12589,2,306,646.68,18.47657142857143,29,2011-07-18 12:05:00,2011-11-11 10:19:00,28,115,0.0172413793103448,2,1,0,0.4086863690825696
12590,2,4283,9864.26,145.06264705882353,68,2011-05-12 14:46:00,2011-05-12 14:52:00,210,0,2.0,1,0,1,0.3360949310611583
12591,1,228,452.85,17.41730769230769,26,2011-01-26 14:35:00,2011-01-26 14:35:00,316,0,1.0,1,0,1,0.5394508078508947
12592,2,290,437.6,24.311111111111114,11,2011-05-10 13:44:00,2011-09-08 15:04:00,91,121,0.0163934426229508,2,1,1,0.4372277484242056
12593,3,206,418.1,19.909523809523808,14,2011-05-05 09:29:00,2011-08-23 12:43:00,108,110,0.027027027027027,2,1,1,0.4408476693731614
12594,10,1777,3338.2200000000003,28.290000000000003,50,2011-01-21 09:52:00,2011-11-02 12:20:00,37,285,0.0349650349650349,9,1,0,0.04721084706761138
12596,2,474,618.27,22.898888888888887,25,2011-04-11 13:22:00,2011-10-19 13:02:00,50,190,0.0104712041884816,2,1,0,0.2912872727411684
12597,4,2236,3811.22,18.50106796116505,184,2011-03-16 14:00:00,2011-11-20 13:33:00,18,248,0.0160642570281124,4,1,0,0.04043535663675823
12598,8,1964,3023.08,22.902121212121212,84,2011-02-28 11:58:00,2011-11-30 12:18:00,9,275,0.0289855072463768,5,1,0,0.05972844744339668
12599,7,956,1032.58,16.654516129032256,32,2011-02-08 13:28:00,2011-11-10 13:34:00,28,275,0.0253623188405797,6,1,0,0.09802838208321793
12600,10,774,2599.04,40.61,32,2010-12-03 12:57:00,2011-11-11 10:29:00,28,342,0.0291545189504373,9,1,0,0.0406210787150235
12601,5,245,577.0600000000001,20.609285714285715,21,2011-01-11 10:38:00,2011-06-03 10:17:00,189,142,0.0349650349650349,5,1,1,0.2875865582673764
12602,1,162,153.12,12.76,12,2011-10-12 11:22:00,2011-10-12 11:22:00,58,0,1.0,1,0,0,0.5720750914602502
12603,1,63,739.1999999999999,369.6,2,2011-11-18 10:42:00,2011-11-18 10:42:00,21,0,1.0,1,0,0,0.60415428672502
12604,2,201,254.18,15.88625,15,2011-03-23 12:06:00,2011-09-21 14:08:00,78,182,0.0109289617486338,2,1,0,0.328471168305903
12607,1,1228,1579.51,15.63871287128713,101,2011-10-10 16:06:00,2011-10-10 16:06:00,59,0,1.0,1,0,0,0.3575938195973934
12609,3,648,1126.85,18.78083333333333,57,2011-01-25 15:13:00,2011-09-22 16:34:00,77,240,0.0124481327800829,3,1,0,0.1558046719444848
12610,5,1049,2099.54,19.80698113207547,85,2011-08-05 13:52:00,2011-11-17 09:34:00,22,103,0.048076923076923,3,1,0,0.2516211591607426
12611,1,846,1193.32,18.35876923076923,65,2011-10-18 13:12:00,2011-10-18 13:12:00,51,0,1.0,1,0,0,0.43993919988731556
12612,1,262,704.0400000000001,37.054736842105264,19,2011-09-26 15:35:00,2011-09-26 15:35:00,73,0,1.0,1,0,0,0.5519144212600352
12613,5,1644,3344.38,21.858692810457516,124,2011-03-22 15:42:00,2011-10-13 14:59:00,56,204,0.024390243902439,3,1,0,0.09628899811144087
12614,1,76,315.6,15.78,20,2011-03-07 10:22:00,2011-03-07 10:22:00,277,0,1.0,1,0,1,0.5558824254318527
12615,4,1376,2291.19,21.820857142857143,82,2011-06-24 13:35:00,2011-12-07 15:02:00,1,166,0.0239520958083832,4,1,0,0.16801504887039684
12616,2,284,713.3,22.290625,25,2011-02-15 14:17:00,2011-09-05 15:17:00,94,202,0.0098522167487684,2,1,1,0.27585141552055986
12617,1,210,352.98,8.609268292682927,39,2011-11-10 14:39:00,2011-11-10 14:39:00,28,0,1.0,1,0,0,0.5132081521158572
12618,1,96,177.31,16.11909090909091,11,2011-11-18 11:10:00,2011-11-18 11:10:00,21,0,1.0,1,0,0,0.5752624691311558
12619,9,3378,3641.24,40.45822222222222,50,2011-03-31 13:10:00,2011-11-23 14:52:00,15,237,0.0378151260504201,6,1,0,0.07855584414232247
12620,3,1181,1339.41,14.558804347826088,89,2011-05-19 12:10:00,2011-11-25 10:20:00,14,189,0.0157894736842105,3,1,0,0.1628165568715373
12621,20,7440,13689.67,29.31406852248394,261,2010-12-09 10:16:00,2011-12-08 11:25:00,1,364,0.0547945205479452,12,1,0,0.001012031254037051
12622,1,69,180.1,16.37272727272727,11,2011-04-21 16:39:00,2011-04-21 16:39:00,231,0,1.0,1,0,1,0.5757442248538686
12623,1,191,305.1,16.950000000000003,18,2011-03-08 13:50:00,2011-03-08 13:50:00,275,0,1.0,1,0,1,0.5580230726678128
12624,2,355,641.13,16.87184210526316,36,2011-06-15 12:34:00,2011-08-25 15:04:00,105,71,0.0277777777777777,2,1,1,0.4719576057212711
12625,2,1612,2683.82,31.207209302325584,73,2011-01-24 13:27:00,2011-05-12 09:54:00,211,107,0.0185185185185185,2,1,1,0.2994750055992692
12626,9,3453,6620.48,22.51863945578231,232,2011-01-17 11:01:00,2011-11-16 16:06:00,22,303,0.0296052631578947,6,1,0,0.010152875121835072
12627,7,2752,4478.53,19.47186956521739,162,2011-07-22 13:59:00,2011-11-29 12:07:00,10,129,0.0538461538461538,5,1,0,0.08196503492887423
12628,3,448,786.46,19.181951219512197,34,2011-10-06 09:28:00,2011-12-05 13:15:00,3,60,0.0491803278688524,3,1,0,0.459013646339975
12630,2,548,1270.88,19.8575,60,2011-10-27 10:41:00,2011-11-30 10:48:00,9,34,0.0571428571428571,2,1,0,0.48061249988360205
12631,1,236,640.5,20.661290322580644,31,2011-10-13 13:53:00,2011-10-13 13:53:00,56,0,1.0,1,0,0,0.5273290785160729
12633,4,1162,2163.98,21.425544554455445,73,2011-02-25 08:44:00,2011-10-12 11:40:00,58,229,0.017391304347826,4,1,0,0.12351143534948143
12635,2,1172,1689.18,16.724554455445546,96,2011-07-08 08:43:00,2011-09-11 11:04:00,89,65,0.0303030303030303,2,1,0,0.3384737620610616
12637,8,2994,6002.9,15.714397905759162,205,2011-01-20 10:47:00,2011-10-03 13:46:00,66,256,0.0311284046692607,6,1,0,0.01962943562522159
12638,1,577,671.69,17.222820512820515,39,2011-11-06 13:11:00,2011-11-06 13:11:00,32,0,1.0,1,0,0,0.5037841252557469
12639,1,201,486.1,22.095454545454547,22,2011-04-15 12:48:00,2011-04-15 12:48:00,238,0,1.0,1,0,1,0.5481571926781058
12640,3,311,1174.58,22.16188679245283,47,2011-09-19 12:01:00,2011-11-16 11:52:00,23,57,0.0517241379310344,2,1,0,0.4596188880357687
12641,1,72,185.9,18.59,10,2011-08-16 13:26:00,2011-08-16 13:26:00,114,0,1.0,1,0,1,0.5777745519756895
12642,3,552,1013.26,21.55872340425532,39,2011-08-24 09:23:00,2011-11-14 15:03:00,24,82,0.036144578313253,3,1,0,0.4054089016626307
12643,6,1808,3344.64,139.36,11,2011-01-11 11:48:00,2011-08-03 12:56:00,127,204,0.0292682926829268,4,1,1,0.19388853760903352
12644,1,325,477.91,15.416451612903227,31,2011-08-02 10:33:00,2011-08-02 10:33:00,129,0,1.0,1,0,1,0.5269119709433676
12645,4,1084,1775.18,24.31753424657534,58,2011-01-27 13:08:00,2011-11-06 12:38:00,33,282,0.0141342756183745,4,1,0,0.10006031082130623
12646,2,897,1346.97,29.932666666666663,43,2011-10-21 12:52:00,2011-12-05 10:14:00,4,44,0.0444444444444444,2,1,0,0.49071461875385547
12647,12,1431,3722.82,30.76710743801653,78,2010-12-05 14:02:00,2011-11-17 12:56:00,21,346,0.0345821325648415,8,1,0,0.024844267830946863
12648,1,160,318.05,15.145238095238096,21,2011-07-08 11:55:00,2011-07-08 11:55:00,154,0,1.0,1,0,1,0.5522061817318572
12649,3,586,623.51,20.113225806451613,28,2011-05-11 14:37:00,2011-08-24 14:41:00,106,105,0.0283018867924528,2,1,1,0.41228223754197296
12650,1,254,314.44,15.722,20,2011-12-06 16:34:00,2011-12-06 16:34:00,2,0,1.0,1,0,0,0.5525852159182838
12651,1,78,114.0,12.666666666666666,9,2011-01-09 12:46:00,2011-01-09 12:46:00,334,0,1.0,1,0,1,0.580089672610491
12652,1,505,919.98,19.16625,48,2011-01-12 15:00:00,2011-01-12 15:00:00,330,0,1.0,1,0,1,0.4841406501609656
12653,2,919,2209.85,51.391860465116274,37,2011-02-16 10:53:00,2011-07-14 10:41:00,148,147,0.0135135135135135,2,1,1,0.3175043507980351
12654,5,264,601.98,15.841578947368422,31,2011-02-17 13:16:00,2011-11-29 10:10:00,10,284,0.0175438596491228,3,1,0,0.13741658531174186
12656,5,1723,4051.17,32.152142857142856,89,2011-04-20 09:20:00,2011-11-22 13:42:00,16,216,0.0230414746543778,5,1,0,0.0955224086005213
12657,4,1044,1643.18,34.961276595744685,35,2011-09-22 11:40:00,2011-11-28 15:47:00,10,67,0.0588235294117647,3,1,0,0.41520172620570295
12658,1,320,686.05,19.056944444444444,36,2011-11-21 10:22:00,2011-11-21 10:22:00,18,0,1.0,1,0,0,0.5148316170682175
12659,1,105,91.68,18.336,5,2011-11-10 11:53:00,2011-11-10 11:53:00,29,0,1.0,1,0,0,0.5881645871432285
12660,1,127,245.1,18.853846153846153,13,2011-11-28 13:26:00,2011-11-28 13:26:00,10,0,1.0,1,0,0,0.5701103732228037
12662,11,2058,3849.78,16.73817391304348,129,2010-12-01 13:04:00,2011-12-09 11:59:00,0,372,0.0294906166219839,10,1,0,0.011247013806911142
12664,9,1203,4881.88,131.94270270270272,10,2011-01-21 11:42:00,2011-12-01 17:07:00,7,314,0.0285714285714285,7,1,0,0.06642221319433854
12665,1,37,63.0,21.0,3,2011-01-19 08:34:00,2011-01-19 08:34:00,324,0,1.0,1,0,1,0.5938101616123269
12667,1,395,620.13,18.791818181818183,33,2011-10-12 17:00:00,2011-10-12 17:00:00,57,0,1.0,1,0,0,0.5202792341282556
12668,4,1634,3807.15,23.64689440993789,115,2010-12-19 12:46:00,2011-11-28 10:56:00,11,343,0.0116279069767441,4,1,0,0.03806741489456691
12669,3,1115,2744.0299999999997,27.168613861386135,98,2011-03-28 10:15:00,2011-07-12 09:54:00,150,105,0.0283018867924528,3,1,1,0.24077590021656348
12670,5,1397,2996.05,32.56576086956522,58,2011-04-21 10:16:00,2011-11-29 15:23:00,9,222,0.0224215246636771,4,1,0,0.13278212988659316
12672,1,78,225.9,22.589999999999996,10,2011-01-14 09:20:00,2011-01-14 09:20:00,329,0,1.0,1,0,1,0.5774798362640063
12673,2,351,610.52,14.536190476190477,42,2011-01-17 11:46:00,2011-12-04 13:55:00,4,321,0.0062111801242236,2,1,0,0.12247018504852158
12674,4,1133,1970.6,23.742168674698792,52,2011-05-16 09:10:00,2011-11-01 12:12:00,38,169,0.0235294117647058,4,1,0,0.2074704954344886
12676,6,670,1331.39,29.58644444444445,33,2011-02-01 15:41:00,2011-11-15 12:25:00,24,286,0.0209059233449477,6,1,0,0.09558922296320169
12678,12,10923,17628.46,106.83915151515151,105,2010-12-21 11:00:00,2011-10-28 13:04:00,41,311,0.0384615384615384,9,1,0,0.0070833546901961355
12679,4,554,1113.02,23.187916666666663,43,2011-03-01 12:26:00,2011-10-12 12:30:00,58,225,0.0176991150442477,4,1,0,0.16863305812500107
12680,4,443,862.81,16.592499999999998,33,2011-08-18 15:44:00,2011-12-09 12:50:00,0,112,0.0353982300884955,3,1,0,0.35792685625573734
12681,22,7536,13787.54,21.610564263322885,267,2010-12-07 10:08:00,2011-11-25 11:33:00,14,353,0.0621468926553672,10,1,0,0.001126885863832981
12682,31,5555,12279.82,23.434770992366413,209,2010-12-03 13:59:00,2011-12-06 10:00:00,3,367,0.0842391304347826,13,1,0,0.00100462804845831
12683,15,4987,8476.57,24.641191860465117,177,2010-12-09 10:37:00,2011-12-05 16:31:00,3,361,0.0414364640883977,9,1,0,0.005052535158820581
12684,7,1985,2283.63,21.748857142857144,61,2011-05-10 12:55:00,2011-12-02 09:53:00,7,205,0.0339805825242718,5,1,0,0.12079090200850545
12685,6,1523,2863.08,18.23617834394904,117,2011-09-07 10:28:00,2011-11-11 13:46:00,27,65,0.0909090909090909,3,1,0,0.23377952843137254
12686,1,107,89.14,12.734285714285717,7,2010-12-03 09:51:00,2010-12-03 09:51:00,371,0,1.0,1,0,1,0.5838530132300915
12688,1,3028,4873.8099999999995,28.501812865497072,171,2011-08-18 08:49:00,2011-08-18 08:49:00,113,0,1.0,1,0,1,0.19392886121765107
12689,2,628,1247.61,17.327916666666667,57,2011-08-04 10:04:00,2011-11-14 08:31:00,25,101,0.0196078431372549,2,1,0,0.3662116625306705
12690,1,106,389.01,24.313125,16,2011-05-18 09:09:00,2011-05-18 09:09:00,205,0,1.0,1,0,1,0.563281554252933
12691,6,394,1035.8,32.36875,21,2010-12-17 14:46:00,2011-11-11 16:49:00,27,329,0.0181818181818181,5,1,0,0.08841335876640893
12693,4,255,855.91,21.946410256410257,35,2011-01-24 12:58:00,2011-08-04 17:51:00,126,192,0.0207253886010362,4,1,1,0.22129667585863216
12694,2,509,869.67,23.504594594594593,32,2011-06-09 17:48:00,2011-09-30 13:06:00,69,112,0.0176991150442477,2,1,0,0.4024472744766913
12695,4,220,582.1,21.55925925925926,23,2011-05-13 13:15:00,2011-12-02 13:22:00,6,203,0.0196078431372549,4,1,0,0.22709936684432078
12697,3,508,957.59,23.355853658536585,37,2011-06-23 15:44:00,2011-11-11 08:47:00,28,140,0.0212765957446808,3,1,0,0.31392470227909536
12700,4,2967,4939.99,18.432798507462685,193,2011-05-08 16:10:00,2011-12-02 10:47:00,7,207,0.0192307692307692,4,1,0,0.0455714908853941
12701,2,678,797.71,15.0511320754717,50,2011-04-11 13:02:00,2011-09-21 10:47:00,79,162,0.0122699386503067,2,1,0,0.2851285984856397
12702,1,53,219.0,18.25,12,2011-11-20 10:36:00,2011-11-20 10:36:00,19,0,1.0,1,0,0,0.5737272306709373
12703,1,164,283.55,13.502380952380951,21,2011-09-29 17:52:00,2011-09-29 17:52:00,70,0,1.0,1,0,0,0.5523719422850124
12704,8,1006,2340.84,26.600454545454543,64,2011-06-23 10:20:00,2011-12-02 13:15:00,6,162,0.0490797546012269,5,1,0,0.15809678747230713
12705,9,3997,6868.29,20.56374251497006,228,2010-12-17 15:58:00,2011-11-24 13:17:00,14,341,0.0263157894736842,7,1,0,0.006937772683746519
12707,1,256,603.42,18.285454545454545,33,2011-02-21 08:38:00,2011-02-21 08:38:00,291,0,1.0,1,0,1,0.5230161246335946
12708,10,1307,2712.91,17.27968152866242,86,2010-12-06 10:43:00,2011-11-10 09:52:00,29,338,0.0294985250737463,9,1,0,0.02575389532729572
12709,15,3912,9706.52,46.891400966183575,93,2010-12-08 09:49:00,2011-11-24 15:38:00,14,351,0.0426136363636363,10,1,0,0.010349184458117916
12710,3,851,1149.02,14.922337662337664,75,2011-05-22 14:05:00,2011-09-04 12:00:00,96,104,0.0285714285714285,3,1,1,0.29466420758548867
12712,13,1062,4396.13,33.053609022556394,58,2010-12-03 14:30:00,2011-11-11 08:19:00,28,342,0.0379008746355685,10,1,0,0.024073189565362786
12713,1,508,848.55,22.330263157894738,38,2011-12-09 12:16:00,2011-12-09 12:16:00,0,0,1.0,1,0,0,0.5057812426852912
12714,5,3069,4708.86,18.18092664092664,216,2011-02-18 10:53:00,2011-11-30 15:43:00,8,285,0.0174825174825174,5,1,0,0.01913725564394785
12715,1,192,343.36,17.168,20,2011-08-25 15:22:00,2011-08-25 15:22:00,105,0,1.0,1,0,1,0.5535388384321396
12716,2,708,1053.49,15.267971014492751,60,2011-07-29 13:28:00,2011-12-06 08:55:00,3,129,0.0153846153846153,2,1,0,0.31524967308160795
12717,2,506,1030.98,18.74509090909091,49,2011-04-08 10:32:00,2011-07-11 14:47:00,150,94,0.0210526315789473,2,1,1,0.3980773904846687
12718,1,203,238.25,12.539473684210526,19,2011-09-29 16:38:00,2011-09-29 16:38:00,70,0,1.0,1,0,0,0.5561476423186126
12719,2,374,644.95,16.53717948717949,34,2011-10-05 14:50:00,2011-12-04 13:45:00,4,59,0.0333333333333333,2,1,0,0.49760762407487613
12720,25,4672,5781.73,16.332570621468925,211,2010-12-05 15:21:00,2011-12-07 08:03:00,2,366,0.0681198910081744,13,1,0,0.0017871384030480946
12721,6,1959,2656.13,16.497701863354038,133,2010-12-20 11:38:00,2011-11-08 12:13:00,31,323,0.0185185185185185,6,1,0,0.029351051349725692
12722,4,566,997.63,18.82320754716981,50,2011-07-12 11:55:00,2011-09-15 14:50:00,84,65,0.0606060606060606,3,1,0,0.4021434062262656
12723,5,434,725.07,10.508260869565218,53,2011-10-05 15:52:00,2011-12-06 10:19:00,3,61,0.0806451612903225,3,1,0,0.39689133766937384
12724,4,445,1031.41,19.460566037735852,47,2011-01-11 15:00:00,2011-12-04 16:02:00,4,327,0.0121951219512195,4,1,0,0.08664970059135364
12725,1,164,427.8,17.825,24,2010-12-03 15:45:00,2010-12-03 15:45:00,370,0,1.0,1,0,1,0.5450419625639594
12726,7,3143,2609.1,21.041129032258063,57,2010-12-17 12:56:00,2011-11-11 13:35:00,27,329,0.0212121212121212,7,1,0,0.041789803939797456
12727,7,2098,3980.7,28.638129496402875,109,2011-01-23 15:17:00,2011-11-29 11:46:00,10,309,0.0225806451612903,6,1,0,0.03554991159149471
12728,4,419,836.33,18.18108695652174,38,2011-01-11 13:31:00,2011-09-29 15:31:00,70,261,0.015267175572519,4,1,0,0.14254060144817407
12729,1,233,453.01,17.423461538461538,26,2011-08-18 11:40:00,2011-08-18 11:40:00,113,0,1.0,1,0,1,0.5393562613241228
12731,12,8437,18895.91,68.96317518248175,109,2010-12-10 10:56:00,2011-11-16 11:59:00,23,341,0.0350877192982456,10,1,0,0.0057547012963285234
12732,1,111,236.26,19.688333333333336,12,2011-06-13 11:33:00,2011-06-13 11:33:00,179,0,1.0,1,0,1,0.5725684649922882
12733,1,137,383.95,17.452272727272728,22,2011-04-19 16:19:00,2011-04-19 16:19:00,233,0,1.0,1,0,1,0.5500695651600455
12734,1,88,110.4,27.6,4,2010-12-22 12:47:00,2010-12-22 12:47:00,352,0,1.0,1,0,1,0.590727070710184
12735,2,368,779.5699999999999,18.12953488372093,38,2011-01-06 14:26:00,2011-01-28 13:37:00,314,21,0.0909090909090909,1,0,1,0.4174494871005465
12736,1,173,234.0,58.5,4,2011-01-11 07:57:00,2011-01-11 07:57:00,332,0,1.0,1,0,1,0.5894052647742237
12738,1,148,155.35,14.122727272727271,11,2010-12-02 18:27:00,2010-12-02 18:27:00,371,0,1.0,1,0,1,0.5744174717162313
12739,2,486,1013.04,26.658947368421053,38,2011-09-01 17:45:00,2011-09-22 13:00:00,77,20,0.0952380952380952,1,0,0,0.41553598202103365
12740,1,342,427.6,15.837037037037035,27,2011-10-07 10:44:00,2011-10-07 10:44:00,63,0,1.0,1,0,0,0.5354015844915373
12743,2,315,540.13,4.123129770992366,114,2011-07-28 16:06:00,2011-07-28 16:21:00,133,0,2.0,1,0,1,0.3890007821942393
12744,7,5241,21279.29,95.85265765765766,178,2011-01-25 13:26:00,2011-10-19 11:18:00,51,266,0.0262172284644194,4,1,0,0.014227327460213912
12747,11,1275,4196.01,40.737961165048546,42,2010-12-05 15:38:00,2011-12-07 14:34:00,1,366,0.0299727520435967,9,1,0,0.027587427249589083
12748,209,25287,33053.19,7.491656844968269,1768,2010-12-01 12:48:00,2011-12-09 12:20:00,0,372,0.5603217158176944,13,1,0,4.916219034111543e-14
12749,5,1471,4090.88,20.55718592964824,160,2011-05-10 15:25:00,2011-12-06 09:56:00,3,209,0.0238095238095238,4,1,0,0.06396225114043469
12750,1,137,275.88,18.392,15,2011-08-03 09:13:00,2011-08-03 09:13:00,128,0,1.0,1,0,1,0.5655248538444039
12752,1,2262,4366.78,82.3920754716981,53,2011-09-19 13:32:00,2011-09-19 13:32:00,80,0,1.0,1,0,0,0.4128724714276028
12753,6,11421,21429.39,108.77862944162436,132,2010-12-12 11:44:00,2011-11-17 10:52:00,22,339,0.0176470588235294,6,1,0,0.006783263954309731
12754,3,6481,3010.74,47.78952380952381,49,2011-02-04 10:31:00,2011-04-18 09:00:00,235,72,0.0410958904109589,3,1,1,0.2875111324285033
12755,2,1491,3811.95,952.9875,4,2010-12-09 10:44:00,2011-03-04 12:42:00,280,85,0.0232558139534883,2,1,1,0.5042707649099841
12756,1,144,112.07999999999998,28.019999999999996,4,2011-09-14 09:31:00,2011-09-14 09:31:00,86,0,1.0,1,0,0,0.5897121587237297
12757,13,2395,7834.650000000001,21.52376373626374,237,2011-05-12 19:01:00,2011-11-24 12:30:00,15,195,0.0663265306122449,5,1,0,0.019852567313927167
12758,2,2135,2791.59,28.779278350515465,84,2011-03-08 12:05:00,2011-08-15 10:22:00,116,159,0.0125,2,1,1,0.20395081860497544
12759,3,902,1531.44,16.12042105263158,81,2011-03-09 08:09:00,2011-10-18 14:49:00,51,223,0.0133928571428571,3,1,0,0.14160392759803844
12762,2,1227,1898.52,27.51478260869565,62,2011-11-14 14:23:00,2011-12-02 10:23:00,7,17,0.1111111111111111,2,1,0,0.4914463993979018
12763,2,316,494.08,27.448888888888888,16,2010-12-05 15:46:00,2011-07-24 14:12:00,137,230,0.0086580086580086,2,1,1,0.2524500255148575
12764,1,386,1693.88,37.64177777777778,45,2011-01-27 10:19:00,2011-01-27 10:19:00,316,0,1.0,1,0,1,0.4863939843444747
12766,7,3646,6989.63,22.547193548387096,205,2010-12-08 13:53:00,2011-12-06 08:46:00,3,362,0.0192837465564738,7,1,0,0.008111338915629474
12769,1,356,1143.6,35.7375,32,2011-04-15 10:25:00,2011-04-15 10:25:00,238,0,1.0,1,0,1,0.5190705378519213
12770,1,743,1351.45,112.62083333333334,12,2011-05-13 09:33:00,2011-05-13 09:33:00,210,0,1.0,1,0,1,0.5548931824702633
12772,1,556,892.47,16.226727272727274,55,2011-10-11 09:19:00,2011-10-11 09:19:00,59,0,1.0,1,0,0,0.46870217019550703
12775,5,877,1386.04,21.00060606060606,47,2011-02-01 13:45:00,2011-11-22 16:33:00,16,294,0.0169491525423728,5,1,0,0.09098796272493045
12778,6,825,822.23,16.4446,40,2011-01-31 14:35:00,2011-11-20 11:30:00,19,292,0.0204778156996587,5,1,0,0.09516862708182555
12779,8,2024,3981.36,26.72053691275168,88,2010-12-03 13:40:00,2011-11-02 11:43:00,37,333,0.0239520958083832,8,1,0,0.028600860617663322
12781,2,671,826.74,33.0696,25,2011-02-28 08:43:00,2011-10-07 10:37:00,63,221,0.009009009009009,2,1,0,0.2434771877329636
12782,5,1086,2330.92,22.630291262135923,81,2010-12-17 11:30:00,2011-12-05 09:16:00,4,352,0.0141643059490084,5,1,0,0.0450044037734533
12783,6,624,2225.91,26.49892857142857,76,2011-09-25 15:35:00,2011-12-07 15:56:00,1,73,0.081081081081081,4,1,0,0.2882665315029652
12784,2,280,532.8199999999999,9.347719298245613,54,2011-11-24 12:53:00,2011-11-30 15:38:00,8,6,0.2857142857142857,1,0,0,0.42348452423820493
12785,1,131,311.95,22.282142857142855,14,2010-12-10 13:48:00,2010-12-10 13:48:00,363,0,1.0,1,0,1,0.5675342701937625
12787,3,261,463.66,23.183,17,2011-05-31 09:36:00,2011-11-30 08:44:00,9,182,0.0163934426229508,3,1,0,0.29278169043534485
12789,1,4,91.85,22.9625,4,2011-10-05 13:34:00,2011-10-05 13:34:00,64,0,1.0,1,0,0,0.5922190524626201
12790,1,166,324.92,15.472380952380954,21,2011-05-31 14:14:00,2011-05-31 14:14:00,191,0,1.0,1,0,1,0.5520468567425562
12791,1,97,192.6,96.3,2,2010-12-01 11:27:00,2010-12-01 11:27:00,373,0,1.0,1,0,1,0.5967913181560721
12792,1,217,400.54,16.0216,25,2011-03-28 11:36:00,2011-03-28 11:36:00,256,0,1.0,1,0,1,0.5421467783384452
12793,2,295,545.48,22.728333333333335,21,2010-12-03 15:14:00,2011-01-09 12:12:00,334,36,0.054054054054054,2,1,1,0.5694565671426846
12794,2,592,860.41,19.12022222222222,43,2011-09-02 12:01:00,2011-10-17 14:54:00,52,45,0.0434782608695652,2,1,0,0.49856285719862614
12795,1,68,430.48,30.74857142857143,14,2011-11-21 10:27:00,2011-11-21 10:27:00,18,0,1.0,1,0,0,0.5679994665078998
12797,1,118,254.03,19.540769230769232,13,2010-12-09 10:55:00,2010-12-09 10:55:00,365,0,1.0,1,0,1,0.570225838829028
12798,3,5256,6977.04,872.13,6,2011-06-22 10:11:00,2011-11-29 15:52:00,9,160,0.0186335403726708,3,1,0,0.25074189126984414
12802,1,314,427.58,17.1032,25,2011-06-06 09:36:00,2011-06-06 09:36:00,186,0,1.0,1,0,1,0.5401385716153805
12808,3,188,483.65,17.273214285714285,27,2010-12-06 10:27:00,2011-11-03 10:05:00,36,331,0.0090361445783132,3,1,0,0.11524491595437632
12809,1,220,489.31,19.5724,25,2011-06-15 10:51:00,2011-06-15 10:51:00,177,0,1.0,1,0,1,0.5414410071848299
12811,3,230,514.85,16.608064516129033,27,2011-02-28 15:39:00,2011-03-24 09:42:00,260,23,0.125,2,1,1,0.5728726700137405
12812,1,164,229.64,15.309333333333337,15,2011-10-26 09:54:00,2011-10-26 09:54:00,44,0,1.0,1,0,0,0.5653079200894874
12814,1,49,125.92,62.96,2,2011-08-30 12:11:00,2011-08-30 12:11:00,101,0,1.0,1,0,1,0.5968334730160504
12815,2,379,1063.46,22.6268085106383,38,2011-05-25 13:34:00,2011-07-15 10:21:00,147,50,0.0392156862745098,2,1,1,0.5021033280799269
12816,2,128,572.2,19.731034482758623,27,2011-06-16 13:24:00,2011-09-05 12:41:00,95,80,0.0246913580246913,2,1,1,0.47940262373008086
12817,1,53,166.04,41.51,4,2011-03-03 16:28:00,2011-03-03 16:28:00,280,0,1.0,1,0,1,0.5914633923453503
12818,1,929,1542.08,110.14857142857144,14,2011-03-23 12:06:00,2011-03-23 12:06:00,261,0,1.0,1,0,1,0.545462850929934
12820,4,722,942.34,15.97186440677966,55,2011-01-17 12:34:00,2011-12-06 15:12:00,2,323,0.0123456790123456,4,1,0,0.08230355050158783
12821,1,70,92.72,15.453333333333331,6,2011-05-09 15:51:00,2011-05-09 15:51:00,213,0,1.0,1,0,1,0.5866427460299558
12822,2,550,948.88,20.62782608695652,41,2011-09-13 13:46:00,2011-09-30 10:04:00,70,16,0.1176470588235294,1,0,0,0.41660826646303517
12823,5,230,1759.5,351.9,1,2011-02-16 12:15:00,2011-09-26 07:35:00,74,221,0.0225225225225225,4,1,0,0.23085399371791435
12824,1,232,397.12,15.8848,25,2011-10-11 12:49:00,2011-10-11 12:49:00,59,0,1.0,1,0,0,0.5418919600313601
12826,7,1058,1474.72,16.205714285714286,58,2010-12-09 15:21:00,2011-12-07 10:25:00,2,362,0.0192837465564738,6,1,0,0.04354093945053882
12827,3,197,430.15,17.206000000000003,19,2011-10-26 15:44:00,2011-12-04 12:17:00,5,38,0.0769230769230769,3,1,0,0.5390659169264965
12828,6,494,1018.71,18.19125,46,2011-08-01 16:16:00,2011-12-07 08:45:00,2,127,0.046875,4,1,0,0.26963660958514307
12829,2,376,293.0,26.636363636363637,9,2010-12-14 14:54:00,2011-01-07 11:13:00,336,23,0.0833333333333333,2,1,1,0.6184748175251003
12830,6,9848,6814.64,179.33263157894737,13,2011-06-21 10:53:00,2011-11-02 11:54:00,37,134,0.0444444444444444,4,1,0,0.1600621280950003
12831,1,135,215.05,23.89444444444445,9,2011-03-22 13:02:00,2011-03-22 13:02:00,261,0,1.0,1,0,1,0.57862774515505
12832,2,195,383.03,14.186296296296296,27,2011-09-02 13:48:00,2011-11-07 13:30:00,31,65,0.0303030303030303,2,1,0,0.5069328110374076
12833,1,156,417.38,17.390833333333333,24,2011-07-17 13:46:00,2011-07-17 13:46:00,144,0,1.0,1,0,1,0.5452664787912563
12834,1,110,312.38,17.354444444444443,18,2011-03-02 09:49:00,2011-03-02 09:49:00,282,0,1.0,1,0,1,0.5594759931296571
12836,4,1062,2610.36,15.002068965517244,148,2011-02-01 11:19:00,2011-10-11 15:10:00,58,252,0.0158102766798418,4,1,0,0.05935210573384283
12837,1,24,134.1,11.175,12,2011-06-19 16:07:00,2011-06-19 16:07:00,172,0,1.0,1,0,1,0.5747138558669894
12838,2,355,671.95,5.599583333333333,115,2010-12-01 11:57:00,2011-11-06 12:20:00,33,340,0.0058651026392961,2,1,0,0.06173892652592216
12839,14,3807,5591.42,17.80707006369427,95,2010-12-07 15:48:00,2011-12-07 12:33:00,2,364,0.0383561643835616,10,1,0,0.011307973465424245
12840,4,1511,2726.77,24.13070796460177,67,2011-04-27 12:21:00,2011-07-19 09:29:00,143,82,0.0481927710843373,4,1,1,0.2912408329158043
12841,25,2720,3991.58,9.641497584541062,229,2010-12-03 10:43:00,2011-12-05 11:13:00,4,367,0.0679347826086956,13,1,0,0.0018844322130438405
12842,2,547,1118.99,32.9114705882353,34,2011-02-04 12:36:00,2011-09-30 15:33:00,69,238,0.00836820083682,2,1,0,0.20863924303315629
12843,8,781,1702.26,16.526796116504855,69,2011-03-20 14:38:00,2011-10-05 12:09:00,65,198,0.0402010050251256,5,1,0,0.12595438141672827
12844,2,125,325.96000000000004,6.268461538461539,47,2011-08-01 13:11:00,2011-11-10 13:31:00,28,101,0.0196078431372549,2,1,0,0.40243314403105324
12845,4,204,354.09,13.114444444444445,26,2011-02-22 14:10:00,2011-03-17 13:34:00,266,22,0.1739130434782608,2,1,1,0.5689769857807271
12847,1,873,843.64,10.043333333333331,72,2011-11-17 13:16:00,2011-11-17 13:16:00,21,0,1.0,1,0,0,0.4278373754239744
12849,2,597,1010.29,21.047708333333333,47,2011-03-16 12:26:00,2011-11-08 13:41:00,30,237,0.0084033613445378,2,1,0,0.19208191680025874
12851,1,106,131.81,2.8044680851063832,43,2011-09-04 12:41:00,2011-09-04 12:41:00,96,0,1.0,1,0,1,0.5085642729605714
12852,1,149,311.55,18.326470588235296,17,2011-02-18 08:47:00,2011-02-18 08:47:00,294,0,1.0,1,0,1,0.5608642593261084
12853,6,800,1957.1,25.09102564102564,66,2011-01-28 10:28:00,2011-07-28 11:29:00,134,181,0.0329670329670329,3,1,1,0.1795193844110951
12854,3,626,1316.25,12.075688073394495,95,2011-01-25 13:35:00,2011-09-22 12:15:00,78,239,0.0125,3,1,0,0.11848571196125378
12855,1,30,38.1,12.7,3,2010-12-02 09:37:00,2010-12-02 09:37:00,372,0,1.0,1,0,1,0.5938040782604906
12856,6,1076,2170.78,6.98,155,2011-10-07 12:38:00,2011-12-02 10:52:00,7,55,0.1071428571428571,3,1,0,0.20215760928978405
12857,2,343,1106.4,24.05217391304348,37,2011-02-10 12:32:00,2011-05-13 10:20:00,210,91,0.0217391304347826,2,1,1,0.43023157007634805
12863,1,188,521.2,104.24,5,2011-10-18 14:15:00,2011-10-18 14:15:00,51,0,1.0,1,0,0,0.5865146603282954
12864,1,216,147.12,49.04,3,2011-07-24 13:03:00,2011-07-24 13:03:00,137,0,1.0,1,0,1,0.5910114824274775
12865,2,925,1568.23,16.507684210526318,86,2011-08-08 10:11:00,2011-11-13 14:31:00,25,97,0.0204081632653061,2,1,0,0.3108304406775408
12866,1,171,559.12,21.504615384615384,26,2011-03-01 14:11:00,2011-03-01 14:11:00,282,0,1.0,1,0,1,0.5397294826499199
12867,7,4284,4009.34,7.50812734082397,240,2010-12-14 16:39:00,2011-11-13 15:30:00,25,333,0.0209580838323353,7,1,0,0.007913079818363982
12868,6,928,1607.0600000000002,15.0192523364486,72,2010-12-01 12:50:00,2011-06-07 10:42:00,185,187,0.0319148936170212,5,1,1,0.14225213040184498
12871,2,200,380.64,34.60363636363636,8,2011-05-16 13:32:00,2011-09-16 15:07:00,83,123,0.0161290322580645,2,1,0,0.44246827920128784
12872,2,319,599.97,9.090454545454548,58,2010-12-09 14:44:00,2011-01-17 10:52:00,326,38,0.0512820512820512,2,1,1,0.48725521148561335
12873,1,128,374.0,93.5,4,2011-03-02 14:58:00,2011-03-02 14:58:00,281,0,1.0,1,0,1,0.5904765763201774
12875,2,2019,343.2300000000001,171.61500000000004,1,2010-12-12 12:03:00,2011-07-19 15:30:00,142,219,0.009090909090909,2,1,1,0.2733314416802315
12876,2,1941,2218.02,26.09435294117647,67,2011-05-27 13:34:00,2011-10-13 12:26:00,57,138,0.014388489208633,2,1,0,0.2625685440934558
12877,12,1178,1535.77,9.972532467532467,100,2010-12-16 12:23:00,2011-12-06 10:30:00,3,354,0.0338028169014084,11,1,0,0.016401476348452154
12878,2,547,854.99,18.19127659574468,38,2011-03-18 14:02:00,2011-04-17 13:07:00,235,29,0.0666666666666666,2,1,1,0.5397287159294748
12879,3,370,573.22,57.322,7,2011-09-09 12:11:00,2011-10-26 12:24:00,44,47,0.0625,2,1,0,0.5672345750619153
12881,1,21,298.0,42.57142857142857,7,2011-03-09 11:44:00,2011-03-09 11:44:00,275,0,1.0,1,0,1,0.5848454755276375
12882,2,246,1463.04,112.54153846153848,12,2011-11-06 11:22:00,2011-11-30 16:18:00,8,24,0.08,1,0,0,0.46539708110710204
12883,4,196,703.47,16.749285714285715,39,2011-09-11 15:18:00,2011-11-15 09:32:00,24,64,0.0615384615384615,2,1,0,0.4584595047200851
12884,1,43,309.05,44.15,7,2011-09-12 13:10:00,2011-09-12 13:10:00,87,0,1.0,1,0,0,0.5844134063844635
12885,3,655,1175.22,16.552394366197184,66,2011-08-08 11:45:00,2011-10-07 13:40:00,62,60,0.0491803278688524,2,1,0,0.4085929859615442
12886,2,770,1378.4,16.809756097560978,75,2011-05-04 11:21:00,2011-10-03 10:09:00,67,151,0.0131578947368421,2,1,0,0.25415803945028814
12888,2,76,354.12,70.824,4,2011-03-29 14:31:00,2011-05-09 16:02:00,213,41,0.0476190476190476,2,1,1,0.6026381622288716
12890,1,256,376.72,4.768607594936708,78,2011-11-15 17:26:00,2011-11-15 17:26:00,23,0,1.0,1,0,0,0.4308539498170735
12891,3,950,331.0,110.33333333333331,2,2011-02-20 11:28:00,2011-06-07 12:31:00,185,107,0.0277777777777777,3,1,1,0.43910465599973736
12893,1,90,176.55,5.695161290322581,27,2011-11-09 12:34:00,2011-11-09 12:34:00,30,0,1.0,1,0,0,0.5419432755129128
12895,2,210,372.8,16.945454545454545,22,2011-09-14 08:35:00,2011-10-28 13:51:00,41,44,0.0444444444444444,2,1,0,0.5556280854910853
12897,2,110,216.5,54.125,3,2011-02-11 11:40:00,2011-05-19 12:13:00,204,97,0.0204081632653061,2,1,1,0.5038136879771585
12901,28,23075,17654.54,152.19431034482758,30,2011-03-14 10:41:00,2011-12-01 10:07:00,8,261,0.1068702290076335,10,1,0,0.0033160493414769814
12902,1,66,138.68,13.868,10,2011-03-20 12:06:00,2011-03-20 12:06:00,264,0,1.0,1,0,1,0.5781025402888696
12904,2,294,496.06,6.986760563380281,59,2011-06-20 13:18:00,2011-11-21 14:34:00,17,154,0.0129032258064516,2,1,0,0.2894319365428637
12906,5,1749,2919.81,46.34619047619047,55,2011-09-22 15:03:00,2011-11-28 09:55:00,11,66,0.0746268656716417,2,1,0,0.36525230477695503
12908,2,1200,750.0,375.0,1,2011-01-31 12:37:00,2011-06-16 15:39:00,175,136,0.0145985401459854,2,1,1,0.4266778688507502
12909,5,1280,2178.67,23.941428571428577,78,2011-03-31 12:51:00,2011-10-31 12:43:00,39,213,0.0233644859813084,4,1,0,0.12546925342690238
12910,8,1692,3075.04,41.00053333333333,48,2011-04-12 10:01:00,2011-11-16 14:28:00,22,218,0.0365296803652968,6,1,0,0.10781475858030304
12912,5,670,1662.3,69.2625,17,2011-10-30 11:35:00,2011-12-07 08:55:00,2,37,0.131578947368421,3,1,0,0.5059257850450102
12913,5,1419,2483.63,49.6726,37,2010-12-06 16:36:00,2011-12-05 12:11:00,4,363,0.0137362637362637,5,1,0,0.05774697644371534
12915,2,93,363.65,16.529545454545453,19,2010-12-02 12:33:00,2011-07-14 11:34:00,148,223,0.0089285714285714,2,1,1,0.2610490898001835
12916,4,1083,2944.95,28.59174757281553,53,2011-01-23 10:43:00,2011-07-24 10:35:00,138,181,0.0219780219780219,4,1,1,0.187482442785788
12917,1,120,594.0,297.0,2,2011-08-03 16:42:00,2011-08-03 16:42:00,127,0,1.0,1,0,1,0.6013388705442895
12919,6,673,1335.19,26.7038,34,2011-06-23 09:22:00,2011-12-01 13:47:00,7,161,0.037037037037037,5,1,0,0.22111786906771022
12920,1,128,162.78,6.028888888888889,27,2011-11-22 15:05:00,2011-11-22 15:05:00,16,0,1.0,1,0,0,0.5413736847152022
12921,37,9526,16587.09,23.037625,233,2010-12-01 15:06:00,2011-11-30 16:22:00,8,364,0.1013698630136986,11,1,0,0.0004825691655582062
12922,1,370,405.38,14.477857142857143,28,2011-07-01 15:35:00,2011-07-01 15:35:00,160,0,1.0,1,0,1,0.5329390332863141
12923,1,68,172.82,6.172142857142857,28,2011-10-06 16:20:00,2011-10-06 16:20:00,63,0,1.0,1,0,0,0.5403315711783835
12924,4,481,933.7,31.123333333333335,22,2011-01-16 11:49:00,2011-09-12 13:55:00,87,239,0.0166666666666666,4,1,0,0.18131506358486385
12925,2,541,694.05,15.423333333333332,42,2011-09-26 11:05:00,2011-12-05 11:11:00,4,70,0.028169014084507,2,1,0,0.457266197062592
12928,5,1472,2062.7000000000003,24.555952380952384,59,2010-12-15 15:45:00,2011-11-04 14:24:00,34,323,0.015432098765432,5,1,0,0.06414395937755166
12929,1,37,117.85,14.73125,8,2011-02-01 12:08:00,2011-02-01 12:08:00,311,0,1.0,1,0,1,0.582929298582121
12930,2,252,415.8,16.632,20,2011-06-21 13:25:00,2011-09-22 15:18:00,77,93,0.0212765957446808,2,1,0,0.46942092630058424
12931,15,28004,42055.96,512.8775609756098,28,2010-12-17 09:45:00,2011-11-18 12:39:00,21,336,0.0445103857566765,8,1,0,0.001313637223150107
12933,3,499,607.53,5.7314150943396225,102,2011-03-01 11:30:00,2011-11-15 16:38:00,23,259,0.0115384615384615,3,1,0,0.1019663743001769
12935,7,1853,2160.7,16.749612403100773,80,2011-01-24 13:58:00,2011-12-07 17:25:00,1,317,0.0220125786163522,6,1,0,0.04595362870400808
12936,4,559,1063.9,17.15967741935484,56,2011-09-22 13:51:00,2011-11-22 17:32:00,16,61,0.064516129032258,2,1,0,0.4189911098967461
12937,4,1007,1504.27,12.535583333333332,81,2011-03-17 14:19:00,2011-11-24 15:05:00,14,252,0.0158102766798418,4,1,0,0.10353363669880739
12938,1,140,114.14,12.682222222222222,9,2011-11-14 11:21:00,2011-11-14 11:21:00,25,0,1.0,1,0,0,0.5789536170514752
12939,8,4876,11581.8,246.42127659574467,21,2011-01-09 11:20:00,2011-10-06 14:33:00,63,270,0.029520295202952,6,1,0,0.05853709713442593
12940,2,404,899.69,9.371770833333334,87,2011-09-13 10:16:00,2011-10-16 12:09:00,54,33,0.0588235294117647,2,1,0,0.4320812223025933
12942,3,198,675.6,9.651428571428571,68,2010-12-09 09:34:00,2011-07-31 14:39:00,130,234,0.0127659574468085,3,1,1,0.15580958797666275
12944,2,289,604.51,20.150333333333332,29,2010-12-20 10:41:00,2011-11-04 11:04:00,35,319,0.00625,2,1,0,0.13702750816780923
12945,1,165,462.95,20.128260869565217,23,2011-02-24 14:15:00,2011-02-24 14:15:00,287,0,1.0,1,0,1,0.5468789939320767
12947,6,1165,1603.99,16.535979381443298,83,2010-12-01 16:21:00,2011-07-19 10:06:00,143,229,0.0260869565217391,5,1,1,0.09883217037398882
12948,7,1080,2064.95,17.801293103448273,82,2011-03-20 10:17:00,2011-11-23 17:10:00,15,248,0.0281124497991967,5,1,0,0.08342896850226712
12949,8,2381,4167.22,19.382418604651164,166,2011-04-01 13:20:00,2011-11-09 11:25:00,30,221,0.036036036036036,4,1,0,0.045972123575223414
12950,3,1380,1843.0,80.1304347826087,13,2011-11-15 13:48:00,2011-12-07 13:17:00,1,21,0.1363636363636363,2,1,0,0.5752897990223591
12951,6,503,1064.07,16.89,53,2011-01-13 10:33:00,2011-12-01 12:14:00,8,322,0.0185758513931888,5,1,0,0.0716114409290217
12952,4,653,1387.79,17.566962025316457,64,2011-09-22 16:37:00,2011-12-04 10:35:00,5,72,0.0547945205479452,3,1,0,0.3574973807218084
12953,1,84,329.85,19.40294117647059,17,2011-11-30 09:24:00,2011-11-30 09:24:00,9,0,1.0,1,0,0,0.5619492145094506
12955,11,3664,4757.16,26.428666666666665,81,2011-03-17 09:03:00,2011-12-08 16:29:00,0,266,0.0411985018726591,8,1,0,0.036432078236458894
12956,1,34,108.07,5.687894736842105,19,2011-02-06 16:08:00,2011-02-06 16:08:00,305,0,1.0,1,0,1,0.5601553473952541
12957,8,2549,4017.54,16.880420168067225,208,2011-01-04 12:18:00,2011-11-30 09:53:00,9,329,0.0242424242424242,6,1,0,0.012644520487975897
12962,2,129,266.39,16.649375,15,2011-08-18 13:38:00,2011-12-02 15:55:00,6,106,0.0186915887850467,2,1,0,0.46003065148454053
12963,8,881,1856.63,19.54347368421053,75,2010-12-09 09:14:00,2011-12-01 12:55:00,7,357,0.0223463687150838,5,1,0,0.041070014291877656
12965,1,282,769.8100000000001,7.1278703703703705,108,2011-09-11 15:31:00,2011-09-11 15:31:00,88,0,1.0,1,0,0,0.36697934071714505
12966,1,75,160.18,16.018,10,2011-11-30 12:38:00,2011-11-30 12:38:00,9,0,1.0,1,0,0,0.577838295028393
12967,2,438,1660.9,87.41578947368421,19,2010-12-03 09:49:00,2010-12-16 19:10:00,357,13,0.1428571428571428,1,0,1,0.46700093537286924
12968,1,73,135.95,27.19,5,2011-08-19 15:44:00,2011-08-19 15:44:00,111,0,1.0,1,0,1,0.5887328222971466
12970,4,268,405.47,3.1431782945736435,116,2011-01-21 14:04:00,2011-12-02 14:30:00,6,315,0.0126582278481012,2,1,0,0.06738260866265068
12971,86,9289,11189.91,36.68822950819672,94,2010-12-02 16:42:00,2011-12-06 12:20:00,3,368,0.2330623306233062,13,1,0,0.00015260226485575484
12974,1,24,144.8,18.1,8,2011-05-26 09:33:00,2011-05-26 09:33:00,197,0,1.0,1,0,1,0.5830716596117708
12976,1,561,738.6,33.57272727272727,22,2011-05-12 09:55:00,2011-05-12 09:55:00,211,0,1.0,1,0,1,0.5396585574809258
12977,1,12,39.239999999999995,4.359999999999999,9,2011-07-06 16:40:00,2011-07-06 16:40:00,155,0,1.0,1,0,1,0.5816062313409399
12980,9,886,7374.900000000001,368.745,6,2010-12-16 11:36:00,2011-07-05 09:34:00,157,200,0.044776119402985,7,1,1,0.14069137185182148
12981,2,242,372.22,18.610999999999997,12,2011-07-29 14:14:00,2011-11-10 12:00:00,29,103,0.0192307692307692,2,1,0,0.46869262072406226
12982,1,288,390.54,13.947857142857144,28,2011-04-11 11:51:00,2011-04-11 11:51:00,242,0,1.0,1,0,1,0.5345844196560762
12984,1,26,97.5,24.375,4,2011-11-21 12:37:00,2011-11-21 12:37:00,18,0,1.0,1,0,0,0.5918298878886127
12985,2,1533,1239.38,16.30763157894737,73,2011-11-11 12:44:00,2011-12-09 10:46:00,0,27,0.0714285714285714,2,1,0,0.4485170299206515
12987,2,219,558.7,19.95357142857143,27,2011-05-26 12:00:00,2011-09-27 12:03:00,73,124,0.016,2,1,0,0.39943399473991664
12988,1,126,505.82,6.094216867469879,75,2011-02-20 14:31:00,2011-02-20 14:31:00,291,0,1.0,1,0,1,0.43831918608561826
12989,15,2943,6924.110000000001,108.18921875,41,2010-12-10 13:24:00,2011-12-06 15:28:00,2,361,0.0414364640883977,11,1,0,0.01622206203943377
12990,3,200,409.5,31.5,8,2011-02-02 15:39:00,2011-11-08 13:01:00,30,278,0.010752688172043,3,1,0,0.18357675289875794
12991,2,405,503.76,16.25032258064516,31,2011-08-19 14:39:00,2011-11-16 15:34:00,22,89,0.0222222222222222,2,1,0,0.4501113981619383
12993,4,240,414.76,15.361481481481482,26,2011-02-14 14:29:00,2011-11-16 15:49:00,22,275,0.0144927536231884,4,1,0,0.14594405100726676
12994,3,459,974.42,15.97409836065574,52,2011-03-16 08:31:00,2011-12-05 15:43:00,3,264,0.0113207547169811,3,1,0,0.1416015705434741
12995,1,108,211.32,70.44,3,2011-09-15 15:44:00,2011-09-15 15:44:00,84,0,1.0,1,0,0,0.5933150864773725
12997,4,664,1226.89,20.794745762711862,45,2011-01-26 15:49:00,2011-11-17 15:47:00,21,294,0.0135593220338983,4,1,0,0.10683062781633942
12999,3,342,455.88,16.28142857142857,25,2011-04-08 10:26:00,2011-05-27 13:24:00,195,49,0.06,2,1,1,0.5260485973598731
13000,3,379,534.85,17.253225806451614,30,2010-12-10 10:26:00,2011-08-25 10:43:00,106,258,0.0115830115830115,3,1,1,0.17473973467510812
13001,13,5490,9785.97,29.038486646884277,166,2011-01-17 12:45:00,2011-12-05 14:51:00,3,322,0.0402476780185758,9,1,0,0.0073998179177593845
13002,1,73,120.95,17.27857142857143,7,2011-01-25 15:18:00,2011-01-25 15:18:00,317,0,1.0,1,0,1,0.5843858116327132
13003,3,103,149.05,24.84166666666667,4,2011-05-09 08:23:00,2011-08-26 10:50:00,105,109,0.0272727272727272,3,1,1,0.4450251822472319
13004,18,4822,5655.91,13.999777227722772,277,2010-12-17 08:20:00,2011-11-28 11:27:00,11,346,0.0518731988472622,11,1,0,0.0019778693192522754
13005,2,172,513.7,19.75769230769231,21,2011-04-07 13:32:00,2011-06-19 10:53:00,173,72,0.0273972602739726,2,1,1,0.5062020070882717
13006,1,55,81.57,20.3925,4,2011-10-14 13:49:00,2011-10-14 13:49:00,55,0,1.0,1,0,0,0.5912744937696347
13008,1,175,229.46999999999997,16.390714285714285,14,2011-01-20 14:24:00,2011-01-20 14:24:00,322,0,1.0,1,0,1,0.5672075195536331
13011,1,13,50.55,16.85,3,2010-12-02 17:22:00,2010-12-02 17:22:00,371,0,1.0,1,0,1,0.5941786912142296
13012,8,820,1646.84,18.71409090909091,67,2011-02-18 09:43:00,2011-11-30 13:05:00,8,285,0.0279720279720279,5,1,0,0.07235985344532579
13013,13,2224,4810.9400000000005,21.967762557077627,155,2010-12-03 12:28:00,2011-12-08 15:01:00,0,370,0.0350404312668463,9,1,0,0.008764727694936442
13014,10,905,3466.2799999999997,31.800733944954125,67,2011-03-03 18:28:00,2011-11-29 12:27:00,10,270,0.03690036900369,6,1,0,0.06299294514192137
13015,5,1609,3339.64,19.08365714285714,156,2011-04-04 14:28:00,2011-10-17 13:19:00,52,195,0.0255102040816326,3,1,0,0.0802202806577763
13016,3,527,789.89,16.806170212765956,39,2011-08-08 15:00:00,2011-09-27 14:08:00,72,49,0.06,2,1,0,0.4902949639197299
13017,1,48,204.0,204.0,1,2011-12-02 15:53:00,2011-12-02 15:53:00,6,0,1.0,1,0,0,0.6041290468841385
13018,28,5435,7277.7,15.890174672489085,313,2011-02-17 11:05:00,2011-11-23 13:28:00,15,279,0.1,10,1,0,0.0014669178634245696
13021,9,1352,2616.38,19.97236641221374,101,2010-12-16 10:12:00,2011-12-05 16:37:00,3,354,0.0253521126760563,7,1,0,0.02554312694645371
13023,2,286,689.9,17.2475,36,2011-08-02 09:34:00,2011-10-06 16:27:00,63,65,0.0303030303030303,2,1,0,0.4837417014888888
13026,5,1620,975.36,24.384,32,2011-03-09 11:35:00,2011-12-08 16:58:00,0,274,0.0181818181818181,5,1,0,0.1118600777793228
13027,6,17280,6912.0,265.84615384615387,6,2010-12-20 12:45:00,2011-08-18 09:39:00,113,240,0.0248962655601659,5,1,1,0.04711229375574556
13028,2,798,661.3199999999999,14.695999999999998,40,2011-10-25 14:09:00,2011-11-17 11:10:00,22,22,0.0869565217391304,2,1,0,0.5459700981478124
13029,3,134,1247.5,124.75,8,2010-12-21 13:53:00,2011-11-09 09:13:00,30,322,0.0092879256965944,3,1,0,0.1395213967334675
13030,2,348,752.4399999999999,8.178695652173912,76,2010-12-06 14:31:00,2011-11-28 14:30:00,10,356,0.0056022408963585,2,1,0,0.07499687538050863
13032,2,375,1010.18,14.227887323943662,55,2011-09-13 16:40:00,2011-10-18 15:54:00,51,34,0.0571428571428571,2,1,0,0.49644181771363677
13033,1,83,190.55,17.322727272727274,11,2010-12-17 14:23:00,2010-12-17 14:23:00,356,0,1.0,1,0,1,0.5754347867628901
13034,2,369,642.77,17.372162162162162,37,2010-12-05 14:52:00,2011-10-16 12:21:00,54,314,0.0063492063492063,2,1,0,0.13251275501964788
13035,2,644,921.88,34.1437037037037,23,2011-03-24 09:21:00,2011-09-27 08:57:00,73,186,0.0106951871657754,2,1,0,0.2962129994408688
13037,3,431,881.07,18.355625,44,2011-03-28 15:42:00,2011-07-24 15:46:00,137,118,0.0252100840336134,3,1,1,0.337776313157077
13038,3,360,908.46,32.445,24,2011-02-22 11:43:00,2011-09-20 14:37:00,79,210,0.0142180094786729,3,1,0,0.23776960209133852
13040,2,355,676.99,15.743953488372092,38,2011-11-06 13:53:00,2011-12-01 10:38:00,8,24,0.08,2,1,0,0.5543619872872315
13043,1,254,516.42,39.72461538461538,13,2011-03-11 14:52:00,2011-03-11 14:52:00,272,0,1.0,1,0,1,0.5662382490963963
13044,1,429,560.47,16.983939393939394,33,2011-02-21 15:20:00,2011-02-21 15:20:00,290,0,1.0,1,0,1,0.5201059165475055
13045,1,221,305.28000000000003,16.96,18,2011-09-01 15:04:00,2011-09-01 15:04:00,98,0,1.0,1,0,1,0.5574657206596976
13046,2,264,629.31,17.980285714285714,33,2011-03-18 15:43:00,2011-11-09 08:36:00,30,235,0.0084745762711864,2,1,0,0.21984152636865273
13047,10,1391,3237.54,18.822906976744186,106,2010-12-01 08:34:00,2011-11-08 12:06:00,31,342,0.0291545189504373,8,1,0,0.022707648088045044
13048,4,1228,1819.41,13.477111111111112,77,2011-01-16 14:36:00,2011-11-25 13:23:00,13,312,0.0127795527156549,4,1,0,0.07001048136225907
13049,2,268,656.6800000000001,46.90571428571429,14,2011-01-25 16:33:00,2011-10-06 15:31:00,63,253,0.0078740157480314,2,1,0,0.22550689364600437
13050,17,3748,5836.86,14.483523573200992,246,2010-12-08 09:30:00,2011-11-25 09:18:00,14,351,0.0482954545454545,10,1,0,0.0030584371781259604
13052,1,222,348.15000000000003,19.34166666666667,18,2011-05-11 14:12:00,2011-05-11 14:12:00,211,0,1.0,1,0,1,0.5571642711128751
13055,3,894,1214.41,15.97907894736842,74,2011-05-10 08:58:00,2011-09-22 14:26:00,77,135,0.0220588235294117,2,1,0,0.268474575746191
13058,3,52,271.40000000000003,33.925000000000004,5,2011-07-11 12:01:00,2011-11-15 12:43:00,24,127,0.0234375,3,1,0,0.4112552453594669
13059,1,35,183.4,22.925,8,2011-04-04 10:40:00,2011-04-04 10:40:00,249,0,1.0,1,0,1,0.58273433801733
13060,1,123,307.53,20.502,15,2011-03-31 11:37:00,2011-03-31 11:37:00,253,0,1.0,1,0,1,0.5655905844042886
13061,1,107,248.61,24.861,10,2011-09-28 16:04:00,2011-09-28 16:04:00,71,0,1.0,1,0,0,0.5768430275791814
13062,1,343,346.98,31.543636363636367,11,2011-06-01 15:12:00,2011-06-01 15:12:00,190,0,1.0,1,0,1,0.5698669729807588
13064,4,514,1105.59,16.258676470588235,51,2011-01-16 13:41:00,2011-11-27 12:31:00,12,314,0.0126984126984126,4,1,0,0.0908522297237676
13065,1,74,205.86,14.704285714285716,14,2010-12-01 16:52:00,2010-12-01 16:52:00,372,0,1.0,1,0,1,0.5692086929169957
13066,2,322,470.8,9.808333333333334,48,2011-11-07 17:06:00,2011-11-15 12:57:00,23,7,0.25,1,0,0,0.4321763150257953
13067,1,32,115.46,7.697333333333334,14,2011-09-18 13:38:00,2011-09-18 13:38:00,81,0,1.0,1,0,0,0.5704895337801141
13068,2,200,344.0,172.0,1,2011-01-24 08:20:00,2011-11-29 15:00:00,9,309,0.0064516129032258,2,1,0,0.18378984862151995
13069,24,5873,4431.44,10.451509433962263,281,2010-12-05 11:02:00,2011-12-09 08:39:00,0,368,0.065040650406504,13,1,0,0.0009868186272102993
13070,1,110,228.8,25.422222222222224,9,2011-05-31 13:45:00,2011-05-31 13:45:00,191,0,1.0,1,0,1,0.5790289198227443
13072,1,69,177.15,25.307142857142857,7,2011-03-18 08:12:00,2011-03-18 08:12:00,266,0,1.0,1,0,1,0.5843034525185802
13075,1,485,919.61,41.80045454545455,22,2011-08-02 10:19:00,2011-08-02 10:19:00,129,0,1.0,1,0,1,0.5397948142374372
13077,4,862,728.02,6.558738738738739,99,2010-12-08 14:59:00,2011-12-08 19:24:00,0,365,0.0109289617486338,3,1,0,0.047664887310122896
13078,26,5630,12627.94,35.27357541899441,95,2010-12-08 09:07:00,2011-12-06 15:36:00,2,363,0.0714285714285714,13,1,0,0.0033369508884410837
13079,5,62,220.1,36.68333333333334,2,2011-07-22 14:41:00,2011-12-05 16:53:00,3,136,0.0364963503649635,4,1,0,0.358333941223963
13080,1,120,58.08,9.68,6,2011-06-13 14:59:00,2011-06-13 14:59:00,178,0,1.0,1,0,1,0.5857916423821199
13081,11,19068,28337.38,27.67322265625,503,2010-12-03 17:20:00,2011-11-28 10:54:00,11,359,0.0305555555555555,7,1,0,8.2357839800915e-05
13082,9,4324,3613.63,49.50178082191781,63,2011-01-05 15:42:00,2011-08-05 16:16:00,125,212,0.0422535211267605,6,1,1,0.07884342424967267
13083,2,187,303.75,16.875,15,2011-09-25 10:46:00,2011-12-05 15:01:00,3,71,0.0277777777777777,2,1,0,0.5220645851261031
13085,2,216,416.08,18.91272727272727,17,2011-02-17 13:57:00,2011-07-05 12:11:00,157,137,0.0144927536231884,2,1,1,0.39819193433509487
13089,97,31025,58762.08,32.393649393605294,636,2010-12-05 10:27:00,2011-12-07 09:02:00,2,366,0.2643051771117166,13,1,0,3.3940252115180975e-08
13090,14,2263,8910.82,57.48916129032258,98,2010-12-02 07:48:00,2011-12-01 12:39:00,8,364,0.0383561643835616,10,1,0,0.011050305817339397
13091,1,466,345.82,16.467619047619046,21,2011-11-11 15:54:00,2011-11-11 15:54:00,27,0,1.0,1,0,0,0.546319001853893
13092,5,279,477.83,19.1132,19,2010-12-15 12:27:00,2011-09-30 11:18:00,70,288,0.0173010380622837,5,1,0,0.12495889856725323
13093,8,3961,7832.47,49.260817610062894,97,2010-12-01 15:00:00,2011-03-09 12:14:00,275,97,0.0816326530612244,4,1,1,0.14188496575263473
13094,12,1716,1927.32,80.305,4,2010-12-06 10:34:00,2011-11-18 14:07:00,20,347,0.0344827586206896,10,1,0,0.039537061562342386
13095,1,144,74.39999999999999,12.4,6,2011-09-30 12:03:00,2011-09-30 12:03:00,70,0,1.0,1,0,0,0.5853254151247393
13097,10,2360,6003.22,14.259429928741094,214,2010-12-14 15:13:00,2011-11-07 10:43:00,32,327,0.0304878048780487,9,1,0,0.007970311979790016
13098,28,15968,28882.44,50.49377622377622,156,2011-01-26 13:46:00,2011-12-08 14:14:00,0,316,0.0883280757097791,12,1,0,0.0007178396539753299
13099,1,288,207.36,207.36,1,2011-09-01 17:40:00,2011-09-01 17:40:00,98,0,1.0,1,0,1,0.5999196540002989
13101,1,113,101.19,12.64875,8,2011-04-19 14:37:00,2011-04-19 14:37:00,233,0,1.0,1,0,1,0.5815988206557712
13102,24,4204,6424.09,21.131875,140,2010-12-09 13:38:00,2011-12-08 12:52:00,0,363,0.0659340659340659,12,1,0,0.003843707667104996
13103,1,82,243.94,30.4925,8,2011-10-31 09:38:00,2011-10-31 09:38:00,39,0,1.0,1,0,0,0.5816611964028265
13104,6,504,1098.48,54.924,14,2010-12-20 11:58:00,2011-12-06 13:10:00,2,351,0.0170454545454545,6,1,0,0.07360735823208084
13106,1,18,76.5,76.5,1,2011-07-29 15:12:00,2011-07-29 15:12:00,132,0,1.0,1,0,1,0.6004093336967912
13107,4,1293,1531.62,26.407241379310346,54,2011-01-10 12:28:00,2011-10-26 14:52:00,43,289,0.0137931034482758,4,1,0,0.09795911794651038
13108,1,298,350.06,35.006,10,2010-12-02 10:35:00,2010-12-02 10:35:00,372,0,1.0,1,0,1,0.5728654568365164
13109,2,520,786.54,16.734893617021275,41,2011-07-05 14:56:00,2011-10-11 10:16:00,59,97,0.0204081632653061,2,1,0,0.4107635514410885
13110,7,388,1488.67,10.266689655172414,109,2011-02-01 15:24:00,2011-11-08 14:30:00,30,279,0.025,5,1,0,0.05869033821971667
13113,24,3045,12245.96,61.2298,95,2010-12-08 13:21:00,2011-12-09 12:49:00,0,365,0.0655737704918032,11,1,0,0.005369484851270831
13115,4,1567,2294.78,19.12316666666667,88,2011-06-08 16:15:00,2011-11-28 12:38:00,11,172,0.0231213872832369,3,1,0,0.1657652330307314
13116,1,291,501.14,16.704666666666665,30,2011-07-24 14:33:00,2011-07-24 14:33:00,137,0,1.0,1,0,1,0.5294782813160619
13117,8,945,984.91,12.959342105263158,66,2010-12-02 13:11:00,2011-11-18 12:02:00,21,350,0.0227920227920227,7,1,0,0.03978672509019316
13118,5,410,1197.81,15.162151898734177,68,2011-02-24 12:32:00,2011-11-20 12:46:00,19,269,0.0185185185185185,4,1,0,0.10309876994359561
13120,1,12,30.6,30.6,1,2011-04-15 10:19:00,2011-04-15 10:19:00,238,0,1.0,1,0,1,0.5989807205992014
13121,1,252,283.73,5.674600000000001,50,2011-03-15 16:47:00,2011-03-15 16:47:00,268,0,1.0,1,0,1,0.4899245048922924
13122,2,585,922.39,16.77072727272727,54,2011-04-13 14:12:00,2011-09-06 15:53:00,93,146,0.0136054421768707,2,1,1,0.30275933349512174
13124,3,2119,3756.33,16.920405405405404,185,2010-12-15 15:00:00,2011-09-11 12:45:00,89,269,0.0111111111111111,3,1,0,0.04004659195836306
13126,8,2143,2099.64,14.997428571428571,124,2010-12-08 11:42:00,2011-12-05 10:00:00,4,361,0.0220994475138121,6,1,0,0.022177736485911037
13127,1,127,259.17,17.278000000000002,15,2011-09-23 10:26:00,2011-09-23 10:26:00,77,0,1.0,1,0,0,0.5658112916801914
13130,1,32,64.0,32.0,2,2011-09-06 15:30:00,2011-09-06 15:30:00,93,0,1.0,1,0,1,0.5963738751903994
13131,3,447,1073.3,24.393181818181816,30,2011-06-05 10:54:00,2011-11-16 13:21:00,22,164,0.0181818181818181,3,1,0,0.28977440457109255
13132,1,20,77.3,25.766666666666666,3,2011-03-23 12:44:00,2011-03-23 12:44:00,261,0,1.0,1,0,1,0.5941946498623752
13133,2,32,109.8,15.685714285714283,7,2011-02-08 15:48:00,2011-03-11 10:31:00,273,30,0.064516129032258,2,1,1,0.6169012418048235
13134,4,1059,1793.58,18.301836734693875,94,2011-04-13 12:57:00,2011-09-15 10:35:00,85,154,0.0258064516129032,3,1,0,0.18551571784745025
13135,1,4300,3096.0,3096.0,1,2011-05-27 10:52:00,2011-05-27 10:52:00,196,0,1.0,1,0,1,0.6239848409166991
13136,5,1328,2607.61,20.53236220472441,94,2011-05-11 12:47:00,2011-10-14 13:41:00,55,156,0.0318471337579617,4,1,0,0.1567653464522286
13137,8,2204,3603.29,5.244963609898107,345,2011-02-04 11:54:00,2011-11-29 12:09:00,10,298,0.0267558528428093,7,1,0,0.0048063654155337315
13138,6,473,962.39,15.276031746031746,31,2010-12-02 15:03:00,2011-11-17 16:51:00,21,350,0.017094017094017,6,1,0,0.06493667480852709
13139,7,2425,5064.94,29.79376470588235,132,2011-03-25 11:57:00,2011-11-23 13:54:00,15,243,0.0286885245901639,5,1,0,0.04800580126386782
13140,3,185,422.47,9.388222222222224,40,2010-12-08 15:12:00,2011-08-23 15:33:00,107,258,0.0115830115830115,2,1,1,0.17853081226591191
13141,5,1548,2388.75,17.694444444444443,113,2011-01-28 13:04:00,2011-09-16 09:54:00,84,230,0.0216450216450216,4,1,0,0.08422548598272733
13142,1,258,307.09,13.35173913043478,23,2011-11-20 16:07:00,2011-11-20 16:07:00,18,0,1.0,1,0,0,0.5462620464064167
13144,1,21,110.95,36.983333333333334,3,2011-01-11 11:15:00,2011-01-11 11:15:00,332,0,1.0,1,0,1,0.5943561723348302
13145,4,145,618.52,103.08666666666666,5,2010-12-02 18:06:00,2011-10-31 12:45:00,39,332,0.012012012012012,4,1,0,0.12050014515904567
13146,1,154,228.91,13.465294117647058,16,2011-11-13 15:29:00,2011-11-13 15:29:00,25,0,1.0,1,0,0,0.5633629812275129
13147,4,144,712.8000000000001,178.20000000000002,1,2011-09-01 12:28:00,2011-11-29 13:59:00,9,89,0.0444444444444444,3,1,0,0.4768450543193662
13148,12,1965,3683.26,11.805320512820511,231,2010-12-10 13:06:00,2011-11-10 15:23:00,28,335,0.0357142857142857,6,1,0,0.008772216203417995
13149,4,1280,1676.06,19.48906976744186,76,2011-02-23 13:57:00,2011-11-25 13:09:00,13,274,0.0145454545454545,4,1,0,0.0910172063208195
13151,1,363,1257.87,16.998243243243245,73,2011-02-17 12:29:00,2011-02-17 12:29:00,295,0,1.0,1,0,1,0.43177318440766715
13153,1,418,486.22,32.41466666666667,15,2011-12-04 12:14:00,2011-12-04 12:14:00,5,0,1.0,1,0,0,0.5590435632163159
13155,4,497,971.76,11.432470588235294,67,2010-12-06 12:44:00,2011-11-06 15:41:00,32,335,0.0119047619047619,4,1,0,0.07021110086124567
13157,4,1439,1741.22,20.014022988505747,69,2011-02-14 14:03:00,2011-10-21 13:50:00,48,248,0.0160642570281124,4,1,0,0.11213756298856022
13158,4,784,1201.06,15.203291139240504,59,2011-01-25 09:58:00,2011-09-06 11:58:00,94,224,0.0177777777777777,4,1,1,0.14882399324785114
13159,4,1058,1429.35,11.91125,114,2011-08-16 11:44:00,2011-12-01 11:20:00,8,106,0.0373831775700934,3,1,0,0.2165355109812503
13160,1,56,91.8,22.95,4,2011-11-17 13:07:00,2011-11-17 13:07:00,21,0,1.0,1,0,0,0.591274809826662
13161,1,29,112.75,14.09375,8,2011-01-30 14:03:00,2011-01-30 14:03:00,312,0,1.0,1,0,1,0.5830934805940522
13162,4,1713,1688.29,21.370759493670885,74,2011-01-09 10:43:00,2011-08-09 15:59:00,121,212,0.0187793427230046,4,1,1,0.13364745534321493
13165,2,1376,1021.48,24.32095238095238,40,2010-12-23 14:06:00,2011-10-24 15:05:00,45,305,0.0065359477124183,2,1,0,0.12704544351552913
13166,1,216,417.2,10.17560975609756,39,2011-03-01 15:16:00,2011-03-01 15:16:00,282,0,1.0,1,0,1,0.5125783274474462
13167,4,785,791.33,12.174307692307693,51,2011-07-19 12:13:00,2011-11-21 12:24:00,18,125,0.0317460317460317,4,1,0,0.27975227689897114
13168,4,670,1299.59,10.314206349206348,102,2011-01-25 13:55:00,2011-11-03 12:56:00,35,281,0.0141843971631205,4,1,0,0.07506683007650966
13169,2,272,712.88,54.83692307692308,11,2011-04-01 14:24:00,2011-10-07 12:11:00,63,188,0.0105820105820105,2,1,0,0.3229515862102263
13170,1,141,108.81,3.627,29,2011-11-13 12:19:00,2011-11-13 12:19:00,26,0,1.0,1,0,0,0.5373594170869471
13171,3,229,468.41,10.182826086956522,37,2011-02-13 14:16:00,2011-11-18 10:27:00,21,277,0.0107913669064748,3,1,0,0.14985620934453572
13173,2,277,353.65,8.224418604651163,41,2010-12-07 14:30:00,2011-12-05 15:51:00,3,363,0.0054945054945054,2,1,0,0.09533129109653923
13174,3,1352,2742.82,9.361160409556314,228,2010-12-05 16:24:00,2011-11-23 14:35:00,15,352,0.0084985835694051,3,1,0,0.017250536679607634
13176,1,448,481.49,7.186417910447761,66,2011-10-24 15:43:00,2011-10-24 15:43:00,45,0,1.0,1,0,0,0.4511992447847734
13177,1,91,282.45,16.61470588235294,17,2011-10-06 09:56:00,2011-10-06 09:56:00,64,0,1.0,1,0,0,0.5621250892005935
13178,11,3570,5725.47,21.60554716981132,95,2010-12-14 12:22:00,2011-11-13 16:14:00,25,334,0.0328358208955223,8,1,0,0.01957700613047703
13182,1,201,121.18,11.016363636363636,11,2011-10-25 13:46:00,2011-10-25 13:46:00,44,0,1.0,1,0,0,0.5736149548628037
13183,9,2208,3957.78,42.10404255319149,51,2011-01-09 10:50:00,2011-12-02 10:30:00,7,326,0.0275229357798165,8,1,0,0.03831990427763863
13184,10,1662,1668.95,9.323743016759776,138,2011-02-22 17:25:00,2011-11-25 12:02:00,14,275,0.036231884057971,6,1,0,0.0347253541465144
13185,1,12,71.4,71.4,1,2011-03-17 11:56:00,2011-03-17 11:56:00,267,0,1.0,1,0,1,0.6003468606156502
13186,3,820,1575.89,19.947974683544302,69,2011-08-03 09:09:00,2011-10-31 11:40:00,39,89,0.0333333333333333,3,1,0,0.32609160222021033
13187,1,95,236.02,6.378918918918919,37,2011-01-06 18:57:00,2011-01-06 18:57:00,336,0,1.0,1,0,1,0.5205125885343828
13188,1,25,114.6,57.3,2,2011-11-28 15:28:00,2011-11-28 15:28:00,10,0,1.0,1,0,0,0.5971272591508285
13189,2,842,260.68,8.988965517241379,29,2011-08-16 13:12:00,2011-11-21 10:39:00,18,96,0.0206185567010309,2,1,0,0.435477051941532
13192,2,595,911.94,14.475238095238096,57,2011-05-18 14:57:00,2011-09-05 14:13:00,94,109,0.0181818181818181,2,1,1,0.35611861441931
13193,1,46,112.08,4.4832,22,2011-10-09 14:30:00,2011-10-09 14:30:00,60,0,1.0,1,0,0,0.5536523649590647
13194,1,26,60.7,20.233333333333334,3,2011-07-27 09:01:00,2011-07-27 09:01:00,135,0,1.0,1,0,1,0.5939972728402649
13196,4,1224,1797.78,16.343454545454545,97,2011-03-22 14:24:00,2011-11-28 13:54:00,10,250,0.0159362549800796,3,1,0,0.09868781391002365
13198,6,2648,3401.24,15.049734513274338,199,2010-12-13 09:29:00,2011-11-29 15:17:00,9,351,0.0170454545454545,6,1,0,0.012967735761210636
13199,38,6176,9817.12,82.49680672268909,48,2010-12-08 10:51:00,2011-12-06 12:30:00,3,363,0.1043956043956044,13,1,0,0.003006971749208599
13200,4,516,870.09,18.915,42,2011-08-05 14:50:00,2011-11-20 15:35:00,18,107,0.037037037037037,3,1,0,0.3478242990348638
13203,4,800,869.46,15.253684210526316,56,2011-04-11 14:40:00,2011-11-30 10:45:00,9,232,0.0171673819742489,4,1,0,0.14608077322268292
13207,2,130,250.26,31.2825,7,2011-07-12 11:35:00,2011-11-24 14:52:00,14,135,0.0147058823529411,2,1,0,0.42551030781807997
13208,6,803,1217.65,8.227364864864866,124,2011-02-03 19:32:00,2011-10-12 09:54:00,58,250,0.0239043824701195,5,1,0,0.06505371456521158
13209,8,4253,5891.61,18.35392523364486,255,2010-12-13 10:31:00,2011-11-09 13:54:00,29,331,0.0240963855421686,6,1,0,0.006952665339400748
13210,1,316,353.48,16.067272727272726,22,2011-09-07 08:18:00,2011-09-07 08:18:00,93,0,1.0,1,0,1,0.5469531808168485
13211,3,834,1095.42,19.916727272727275,45,2010-12-13 16:17:00,2011-11-29 14:43:00,9,350,0.0085470085470085,3,1,0,0.0834461022573856
13212,3,309,786.83,5.580354609929079,128,2011-10-09 14:48:00,2011-11-20 12:40:00,19,41,0.0714285714285714,2,1,0,0.32984441367826334
13213,5,1360,1520.58,16.895333333333333,82,2011-05-24 12:22:00,2011-10-14 11:42:00,56,142,0.0349650349650349,4,1,0,0.190946632789548
13216,1,297,333.74,66.748,5,2011-03-17 12:18:00,2011-03-17 12:18:00,267,0,1.0,1,0,1,0.5845868763162242
13217,3,262,533.98,133.495,3,2011-07-06 12:08:00,2011-08-09 15:32:00,121,34,0.0857142857142857,2,1,1,0.6047058519390168
13218,1,88,62.63999999999999,12.528,5,2011-08-04 16:59:00,2011-08-04 16:59:00,126,0,1.0,1,0,1,0.5884833629897923
13220,4,196,819.2900000000001,39.01380952380953,18,2011-04-17 10:59:00,2011-09-22 13:38:00,77,158,0.0251572327044025,4,1,0,0.2971266929737744
13221,2,244,847.41,12.839545454545457,62,2010-12-15 13:24:00,2011-04-13 16:58:00,239,119,0.0166666666666666,2,1,1,0.33669534055397254
13223,2,88,163.20000000000002,32.64,5,2011-04-21 15:16:00,2011-05-23 13:03:00,199,31,0.0625,2,1,1,0.6183094908887063
13224,2,1518,2155.95,19.9625,101,2011-07-11 14:10:00,2011-10-10 14:55:00,59,91,0.0217391304347826,2,1,0,0.2801746320871561
13225,7,3416,6463.84,201.995,23,2010-12-13 09:49:00,2011-12-06 13:29:00,2,358,0.0194986072423398,7,1,0,0.039656042434385995
13226,1,80,108.21,6.7631250000000005,16,2011-03-11 14:35:00,2011-03-11 14:35:00,272,0,1.0,1,0,1,0.5655241631778581
13227,1,99,257.7,28.633333333333333,9,2011-05-22 11:47:00,2011-05-22 11:47:00,201,0,1.0,1,0,1,0.5791108908499348
13228,1,200,358.0,179.0,2,2011-09-19 14:28:00,2011-09-19 14:28:00,80,0,1.0,1,0,0,0.5969772628600314
13229,1,63,160.95,16.095,10,2011-04-28 12:07:00,2011-04-28 12:07:00,225,0,1.0,1,0,1,0.5780547338145958
13230,14,1638,2755.63,4.69442930153322,393,2010-12-09 19:28:00,2011-12-05 16:03:00,3,360,0.038781163434903,9,1,0,0.001388928889443425
13232,7,773,1328.35,6.575990099009901,147,2011-04-10 13:48:00,2011-11-27 10:39:00,12,230,0.0303030303030303,5,1,0,0.059409721790568686
13233,2,1004,605.12,14.072558139534884,43,2011-01-07 14:49:00,2011-09-26 13:25:00,73,261,0.0076335877862595,2,1,0,0.1689056760357716
13235,1,441,1031.07,17.77706896551724,53,2011-05-11 17:13:00,2011-05-11 17:13:00,211,0,1.0,1,0,1,0.4738307106101243
13236,2,416,744.85,20.69027777777778,34,2011-08-25 08:58:00,2011-11-15 12:50:00,24,82,0.0240963855421686,2,1,0,0.4543001854826847
13238,4,298,700.73,22.604193548387094,20,2010-12-14 14:37:00,2011-11-22 15:37:00,16,343,0.0116279069767441,3,1,0,0.10632309156586324
13239,1,327,329.56,15.693333333333332,21,2011-03-23 10:25:00,2011-03-23 10:25:00,261,0,1.0,1,0,1,0.5490203548234552
13240,4,298,663.65,9.905223880597015,59,2010-12-09 12:49:00,2011-09-04 14:08:00,95,269,0.0148148148148148,4,1,1,0.11775542191560776
13242,3,130,270.40000000000003,20.800000000000004,12,2011-05-10 12:26:00,2011-08-19 12:53:00,111,101,0.0294117647058823,2,1,1,0.463974913132409
13243,1,232,585.12,10.265263157894736,56,2011-05-20 13:14:00,2011-05-20 13:14:00,202,0,1.0,1,0,1,0.47522244591439866
13244,1,38,121.74,4.508888888888889,27,2011-09-08 11:46:00,2011-09-08 11:46:00,92,0,1.0,1,0,1,0.5433582559508501
13245,1,125,430.5,26.90625,16,2011-10-20 11:40:00,2011-10-20 11:40:00,50,0,1.0,1,0,0,0.5626696507744113
13246,6,1587,1961.52,14.422941176470587,110,2011-01-13 13:36:00,2011-11-21 16:50:00,17,312,0.0191693290734824,5,1,0,0.04388136841257925
13247,4,328,501.12,20.0448,18,2011-09-18 11:31:00,2011-11-22 10:59:00,17,64,0.0615384615384615,3,1,0,0.4786994563062559
13248,2,305,465.68,17.91076923076923,25,2011-06-03 13:05:00,2011-08-07 12:40:00,124,64,0.0307692307692307,2,1,1,0.5102818102111268
13249,3,546,711.41,30.93086956521739,21,2011-03-23 15:26:00,2011-09-08 13:26:00,91,168,0.0177514792899408,2,1,1,0.32064680389198347
13253,2,1572,1030.4,28.622222222222224,35,2011-01-04 15:43:00,2011-07-06 10:09:00,156,182,0.0109289617486338,2,1,1,0.26667695833995486
13255,2,177,399.51,30.73153846153846,13,2010-12-01 11:58:00,2011-11-30 13:14:00,8,364,0.0054794520547945,2,1,0,0.11780080927954394
13258,3,282,672.83,18.689722222222223,28,2011-05-18 13:11:00,2011-11-28 09:31:00,11,193,0.0154639175257731,2,1,0,0.2746697389066733
13259,1,126,283.18,3.4960493827160493,77,2011-10-09 10:48:00,2011-10-09 10:48:00,61,0,1.0,1,0,0,0.4360914051960167
13260,1,142,557.62,69.7025,8,2011-10-09 13:21:00,2011-10-09 13:21:00,60,0,1.0,1,0,0,0.5794535577152614
13261,2,210,944.1,104.9,8,2011-02-27 10:41:00,2011-03-16 12:22:00,268,17,0.1111111111111111,2,1,1,0.6323653732591039
13262,1,125,200.29,18.208181818181817,11,2011-03-21 15:06:00,2011-03-21 15:06:00,262,0,1.0,1,0,1,0.5746145437220397
13263,35,4768,7436.93,4.46126574685063,450,2011-01-18 16:31:00,2011-12-08 13:59:00,0,323,0.1080246913580246,11,1,0,0.00023171642044485412
13265,5,1740,2092.66,23.251777777777775,66,2011-03-11 09:54:00,2011-10-17 15:02:00,52,220,0.0226244343891402,5,1,0,0.11754774299700184
13266,12,4428,3834.26,20.504064171122995,82,2011-03-28 10:14:00,2011-11-28 14:39:00,10,245,0.048780487804878,9,1,0,0.03572246368966034
13267,19,1969,4521.49,21.428862559241704,88,2010-12-08 09:20:00,2011-12-07 11:12:00,2,364,0.0520547945205479,10,1,0,0.011307215720696012
13268,11,3624,3174.75,7.331986143187067,257,2011-03-17 13:20:00,2011-11-22 11:51:00,17,249,0.044,6,1,0,0.012347376745730993
13269,15,3513,5343.28,16.96279365079365,177,2010-12-05 11:51:00,2011-12-08 14:53:00,0,368,0.040650406504065,10,1,0,0.005475481899983255
13270,1,200,590.0,590.0,1,2010-12-08 14:53:00,2010-12-08 14:53:00,365,0,1.0,1,0,1,0.6142265870166832
13271,1,240,211.49,2.430919540229885,79,2011-11-02 14:31:00,2011-11-02 14:31:00,36,0,1.0,1,0,0,0.43047681366662616
13272,2,96,276.56,18.437333333333335,15,2011-09-11 12:06:00,2011-11-08 14:00:00,30,58,0.0338983050847457,2,1,0,0.5476942675719723
13273,1,153,138.98,8.68625,16,2011-08-18 14:02:00,2011-08-18 14:02:00,112,0,1.0,1,0,1,0.5639824764248419
13276,2,161,590.9300000000001,19.69766666666667,30,2011-09-01 10:03:00,2011-10-07 12:44:00,63,36,0.054054054054054,2,1,0,0.5528597669574276
13277,4,176,258.4,32.3,5,2011-07-29 10:06:00,2011-11-24 09:21:00,15,117,0.0338983050847457,3,1,0,0.41541700454102526
13278,1,537,542.73,11.798478260869564,46,2011-10-30 11:49:00,2011-10-30 11:49:00,40,0,1.0,1,0,0,0.4908379895929147
13279,1,73,137.75,15.305555555555555,9,2011-09-22 17:24:00,2011-09-22 17:24:00,77,0,1.0,1,0,0,0.5800830336453962
13280,3,518,798.46,9.737317073170733,67,2011-01-06 17:10:00,2011-08-09 13:14:00,121,214,0.013953488372093,2,1,1,0.18649177098303263
13282,3,307,1132.14,30.59837837837838,29,2011-05-03 12:03:00,2011-11-21 15:33:00,17,202,0.0147783251231527,3,1,0,0.23985840047359608
13283,2,90,93.66,13.38,7,2011-06-07 12:39:00,2011-10-11 09:50:00,59,125,0.0158730158730158,2,1,0,0.4446651413046353
13284,1,91,201.19,15.476153846153846,13,2011-01-13 09:23:00,2011-01-13 09:23:00,330,0,1.0,1,0,1,0.5710206378682051
13285,4,2051,2709.12,14.487272727272726,157,2011-02-22 17:13:00,2011-11-16 13:19:00,22,266,0.0149812734082397,4,1,0,0.04663907155149539
13291,1,233,361.11,8.597857142857142,41,2011-07-07 10:36:00,2011-07-07 10:36:00,155,0,1.0,1,0,1,0.5085212913003397
13292,2,347,578.9399999999999,18.67548387096774,29,2011-02-28 15:00:00,2011-11-01 10:04:00,38,245,0.008130081300813,2,1,0,0.21254995586613795
13294,2,453,873.74,16.18037037037037,48,2011-04-04 12:37:00,2011-06-03 08:54:00,189,59,0.0333333333333333,2,1,1,0.4648011790435378
13295,1,82,201.2,20.12,10,2010-12-15 11:21:00,2010-12-15 11:21:00,359,0,1.0,1,0,1,0.577520543597037
13296,1,78,87.4,17.48,5,2011-07-25 13:46:00,2011-07-25 13:46:00,136,0,1.0,1,0,1,0.588657413759422
13297,4,963,2089.85,35.421186440677964,52,2011-10-03 15:08:00,2011-12-02 09:32:00,7,59,0.0666666666666666,3,1,0,0.3927749611505948
13298,1,96,360.0,180.0,2,2011-12-08 13:11:00,2011-12-08 13:11:00,0,0,1.0,1,0,0,0.5988811501036398
13299,1,30,142.5,28.5,5,2011-03-16 12:55:00,2011-03-16 12:55:00,267,0,1.0,1,0,1,0.5895129959876674
13300,1,203,371.89,18.5945,20,2011-06-23 13:09:00,2011-06-23 13:09:00,168,0,1.0,1,0,1,0.5531390016674186
13301,4,345,618.09,7.630740740740741,75,2011-02-20 13:13:00,2011-08-28 11:25:00,103,188,0.0211640211640211,4,1,1,0.17302218180263415
13302,1,5,63.75,63.75,1,2011-07-07 17:56:00,2011-07-07 17:56:00,154,0,1.0,1,0,1,0.6002170762590613
13304,1,238,300.42,14.305714285714286,21,2010-12-23 14:35:00,2010-12-23 14:35:00,350,0,1.0,1,0,1,0.5508789127526967
13305,10,1232,2000.86,24.701975308641973,50,2010-12-02 12:10:00,2011-12-05 15:15:00,3,368,0.02710027100271,9,1,0,0.028863054047053246
13307,1,4,15.0,15.0,1,2011-08-11 17:14:00,2011-08-11 17:14:00,119,0,1.0,1,0,1,0.5986024431458081
13308,3,843,1385.51,25.657592592592593,49,2011-05-20 13:13:00,2011-11-17 09:31:00,22,180,0.0165745856353591,3,1,0,0.229331860946984
13309,5,1544,1456.79,13.614859813084111,82,2011-02-04 12:29:00,2011-12-02 16:34:00,6,301,0.0165562913907284,5,1,0,0.06303365022946085
13310,3,587,1132.03,15.722638888888888,65,2011-01-19 14:50:00,2011-11-11 17:23:00,27,296,0.0101010101010101,3,1,0,0.10364933119240162
13311,2,305,598.57,23.02192307692308,25,2011-07-12 14:26:00,2011-12-05 12:55:00,3,145,0.0136986301369863,2,1,0,0.3657670857635378
13313,5,851,1555.32,19.94,47,2011-01-04 10:00:00,2011-11-17 16:48:00,21,317,0.0157232704402515,4,1,0,0.08472529621016459
13314,3,560,775.94,12.51516129032258,55,2011-09-27 10:20:00,2011-12-08 12:29:00,1,72,0.0410958904109589,3,1,0,0.3923939795916992
13316,4,5508,5732.93,66.66197674418605,66,2011-03-30 13:01:00,2011-11-02 13:40:00,36,217,0.018348623853211,4,1,0,0.09420721610227327
13317,6,1035,2273.68,18.336129032258064,100,2010-12-16 09:22:00,2011-10-04 13:35:00,65,292,0.0204778156996587,4,1,0,0.06122509087439784
13318,3,304,640.76,32.038,14,2011-11-02 13:26:00,2011-12-08 18:51:00,0,36,0.081081081081081,2,1,0,0.5727050898378203
13319,26,4724,10845.55,22.784768907563027,209,2010-12-09 10:04:00,2011-12-04 13:34:00,4,360,0.0720221606648199,13,1,0,0.0015009648969204897
13320,4,1086,1532.2,14.592380952380951,77,2011-05-10 10:29:00,2011-09-22 18:07:00,77,135,0.0294117647058823,3,1,0,0.23279462277574536
13321,2,372,567.36,51.57818181818182,10,2011-09-14 15:18:00,2011-09-28 15:24:00,71,14,0.1333333333333333,1,0,0,0.49317487636442314
13322,1,117,199.48,7.9792,25,2011-11-22 14:21:00,2011-11-22 14:21:00,16,0,1.0,1,0,0,0.5454820144285369
13323,5,175,787.85,37.516666666666666,6,2011-09-16 13:23:00,2011-12-06 17:12:00,2,81,0.0609756097560975,3,1,0,0.462235607418234
13324,10,5205,7121.95,94.95933333333332,25,2010-12-14 09:50:00,2011-11-03 16:28:00,35,324,0.0307692307692307,6,1,0,0.03974533337967027
13325,1,240,675.3,56.275,12,2011-09-19 10:36:00,2011-09-19 10:36:00,81,0,1.0,1,0,0,0.567840485019331
13327,8,1600,3627.77,33.59046296296296,74,2010-12-09 15:32:00,2011-11-01 10:21:00,38,326,0.0244648318042813,7,1,0,0.03844971273071032
13328,1,680,1308.48,76.96941176470588,17,2011-01-27 15:22:00,2011-01-27 15:22:00,315,0,1.0,1,0,1,0.5445487856026161
13329,2,463,789.0,46.411764705882355,16,2010-12-08 10:11:00,2011-11-08 10:29:00,31,335,0.0059523809523809,2,1,0,0.13445221533042206
13330,3,751,1140.93,21.526981132075473,37,2011-01-28 10:08:00,2011-09-08 12:27:00,92,223,0.0133928571428571,3,1,1,0.19663926930851697
13332,1,179,350.9,16.70952380952381,21,2011-11-25 13:30:00,2011-11-25 13:30:00,13,0,1.0,1,0,0,0.5516243820904307
13334,3,1764,3502.32,13.216301886792454,207,2011-02-07 11:42:00,2011-09-18 15:21:00,81,223,0.0133928571428571,3,1,0,0.047732447713007504
13336,1,559,795.12,15.590588235294115,51,2011-09-23 14:05:00,2011-09-23 14:05:00,76,0,1.0,1,0,0,0.47784473245639514
13338,1,256,487.02,25.632631578947368,19,2011-07-05 09:06:00,2011-07-05 09:06:00,157,0,1.0,1,0,1,0.5534886162351854
13339,1,326,860.12,15.928148148148148,54,2011-05-23 08:31:00,2011-05-23 08:31:00,200,0,1.0,1,0,1,0.47537607307508617
13340,7,5770,10736.48,80.12298507462687,128,2011-03-08 11:39:00,2011-10-25 13:15:00,44,231,0.0301724137931034,4,1,0,0.03826455344720168
13341,1,301,775.85,18.472619047619048,42,2011-03-24 09:50:00,2011-03-24 09:50:00,260,0,1.0,1,0,1,0.5018006044919395
13343,1,135,353.43,18.60157894736842,19,2011-06-15 12:24:00,2011-06-15 12:24:00,177,0,1.0,1,0,1,0.5566340232167891
13344,3,952,2511.69,21.6525,115,2011-03-07 10:28:00,2011-10-03 09:45:00,67,209,0.0142857142857142,2,1,0,0.126593141880581
13345,1,141,389.5,19.475,20,2011-02-25 09:01:00,2011-02-25 09:01:00,287,0,1.0,1,0,1,0.5541698727435157
13347,1,205,341.36,42.67,8,2011-09-30 13:28:00,2011-09-30 13:28:00,69,0,1.0,1,0,0,0.5790651706814177
13348,1,136,233.76,16.697142857142858,14,2011-10-06 17:28:00,2011-10-06 17:28:00,63,0,1.0,1,0,0,0.5679017079928187
13349,1,225,247.32,15.4575,16,2011-11-29 08:07:00,2011-11-29 08:07:00,10,0,1.0,1,0,0,0.5619706999564545
13350,2,287,979.12,24.478,36,2011-09-21 13:33:00,2011-11-23 16:33:00,15,63,0.03125,2,1,0,0.4850503813941784
13351,1,117,373.94,23.37125,16,2011-10-04 12:55:00,2011-10-04 12:55:00,65,0,1.0,1,0,0,0.5631728068892567
13352,1,321,397.98,16.5825,24,2011-10-10 13:55:00,2011-10-10 13:55:00,59,0,1.0,1,0,0,0.5423305200630955
13354,1,604,743.53,14.579019607843136,51,2011-09-29 13:17:00,2011-09-29 13:17:00,70,0,1.0,1,0,0,0.4774266330129687
13355,1,314,674.7,21.084375,32,2011-08-09 14:48:00,2011-08-09 14:48:00,121,0,1.0,1,0,1,0.5234886779095749
13356,1,325,768.24,18.291428571428572,42,2011-09-20 14:33:00,2011-09-20 14:33:00,79,0,1.0,1,0,0,0.5014111809006637
13357,1,321,609.4,6.847191011235955,85,2011-03-27 13:56:00,2011-03-27 13:56:00,256,0,1.0,1,0,1,0.413397653514285
13358,1,285,439.03,15.138965517241378,29,2011-03-16 11:52:00,2011-03-16 11:52:00,268,0,1.0,1,0,1,0.5321701152190256
13359,1,161,439.56,19.11130434782609,23,2011-10-07 09:30:00,2011-10-07 09:30:00,63,0,1.0,1,0,0,0.5471208355092078
13362,4,1382,3090.74,18.618915662650604,128,2011-02-25 11:33:00,2011-11-30 14:41:00,8,278,0.014336917562724,4,1,0,0.05600824031019282
13363,2,710,992.5,16.541666666666668,47,2011-10-27 10:46:00,2011-11-22 12:40:00,17,26,0.074074074074074,2,1,0,0.5223431339248964
13364,1,71,134.95999999999998,13.496,10,2011-09-29 18:13:00,2011-09-29 18:13:00,70,0,1.0,1,0,0,0.5780280552848284
13365,2,1247,2225.37,17.385703125,122,2011-05-06 12:00:00,2011-11-06 12:36:00,33,184,0.0108108108108108,2,1,0,0.1449335066536366
13366,1,144,56.16,56.16,1,2011-10-20 13:37:00,2011-10-20 13:37:00,49,0,1.0,1,0,0,0.5974530879488773
13368,2,327,623.4,21.49655172413793,29,2011-01-06 12:32:00,2011-03-28 09:59:00,256,80,0.0246913580246913,2,1,1,0.4711120116317132
13369,1,149,308.28000000000003,22.020000000000003,14,2010-12-09 11:30:00,2010-12-09 11:30:00,365,0,1.0,1,0,1,0.5672237815443851
13370,1,343,754.87,19.355641025641027,39,2010-12-03 10:26:00,2010-12-03 10:26:00,371,0,1.0,1,0,1,0.507514640617288
13372,1,159,378.64,16.46260869565217,23,2011-09-11 12:46:00,2011-09-11 12:46:00,89,0,1.0,1,0,0,0.547593881031068
13373,3,1651,3312.25,20.963607594936708,135,2011-03-08 14:35:00,2011-10-10 10:51:00,60,215,0.0138888888888888,3,1,0,0.08977505275939253
13375,1,442,778.65,21.044594594594592,37,2011-09-12 10:19:00,2011-09-12 10:19:00,88,0,1.0,1,0,0,0.509693217372329
13376,3,493,1019.76,19.240754716981133,45,2011-04-19 13:03:00,2011-09-01 16:16:00,98,135,0.0220588235294117,3,1,1,0.3069544345859872
13379,3,601,572.56,5.902680412371134,85,2011-07-26 12:26:00,2011-11-13 13:45:00,25,110,0.027027027027027,3,1,0,0.2765175670566923
13381,6,2029,3639.31,21.15877906976744,77,2011-02-14 10:10:00,2011-11-08 11:58:00,31,267,0.0223880597014925,6,1,0,0.06502071960754831
13382,1,131,222.99,14.866,15,2011-03-04 10:03:00,2011-03-04 10:03:00,280,0,1.0,1,0,1,0.5659577945333152
13384,7,2422,4151.93,27.315328947368425,123,2011-06-14 12:47:00,2011-11-09 11:04:00,30,147,0.0472972972972973,5,1,0,0.10131400888297719
13385,1,281,534.57,15.273428571428571,35,2011-01-14 09:52:00,2011-01-14 09:52:00,329,0,1.0,1,0,1,0.5188676673893686
13388,2,282,677.1,19.345714285714287,35,2011-07-31 12:52:00,2011-07-31 12:52:00,130,0,2.0,1,0,1,0.5521673251010771
13389,3,429,797.96,15.646274509803922,50,2011-04-21 12:12:00,2011-11-28 14:01:00,10,221,0.0135135135135135,3,1,0,0.18754758965393986
13390,1,224,544.08,41.8523076923077,13,2011-09-26 08:38:00,2011-09-26 08:38:00,74,0,1.0,1,0,0,0.5666358278487368
13391,1,4,59.8,59.8,1,2011-05-20 10:50:00,2011-05-20 10:50:00,203,0,1.0,1,0,1,0.6001029051201998
13394,8,2392,2520.02,16.258193548387098,124,2011-02-03 10:39:00,2011-12-08 11:36:00,1,308,0.0258899676375404,8,1,0,0.026038256133261276
13395,1,336,307.72,14.653333333333334,21,2011-06-07 15:04:00,2011-06-07 15:04:00,184,0,1.0,1,0,1,0.5490050703457636
13396,2,600,1360.99,31.65093023255814,42,2011-01-24 13:37:00,2011-11-10 16:59:00,28,290,0.0068728522336769,2,1,0,0.1432484158238002
13397,5,430,1544.13,40.635000000000005,28,2011-01-04 13:50:00,2011-09-28 10:56:00,72,266,0.0187265917602996,5,1,0,0.12908445230010207
13398,1,281,457.34,17.59,26,2011-05-31 13:17:00,2011-05-31 13:17:00,191,0,1.0,1,0,1,0.5384278092575753
13402,2,479,621.23,15.92897435897436,32,2010-12-02 17:12:00,2011-08-04 15:51:00,126,244,0.0081632653061224,2,1,1,0.20760153481619756
13403,1,44,75.0,25.0,3,2011-11-22 08:28:00,2011-11-22 08:28:00,17,0,1.0,1,0,0,0.5937473504754944
13404,2,111,252.49,22.953636363636363,11,2011-05-11 11:57:00,2011-12-08 15:37:00,0,211,0.0094339622641509,2,1,0,0.292536834647581
13405,3,165,572.451,21.201888888888888,25,2011-01-26 09:27:00,2011-09-26 17:01:00,73,243,0.0122950819672131,3,1,0,0.19991662265523616
13408,62,16232,28117.04,58.82225941422595,234,2010-12-01 10:39:00,2011-12-08 09:05:00,1,371,0.1666666666666666,13,1,0,4.6248874888930333e-05
13410,5,518,1003.06,35.82357142857143,15,2011-02-21 14:38:00,2011-11-15 15:33:00,23,267,0.0186567164179104,5,1,0,0.14242828331988558
13411,1,72,213.55,11.863888888888887,17,2011-08-24 13:57:00,2011-08-24 13:57:00,106,0,1.0,1,0,1,0.5628900660204453
13414,3,1574,1390.5,57.9375,23,2011-02-16 12:13:00,2011-07-29 11:45:00,133,162,0.0184049079754601,2,1,1,0.3054599317121188
13416,2,142,712.5,37.5,11,2011-09-19 14:43:00,2011-10-27 08:56:00,43,37,0.0526315789473684,2,1,0,0.589959239241044
13417,2,162,640.83,22.886785714285715,26,2011-05-18 16:26:00,2011-12-05 08:49:00,4,200,0.0099502487562189,2,1,0,0.2794625500523979
13418,18,3918,6127.43,20.156019736842108,223,2010-12-02 10:45:00,2011-11-28 10:23:00,11,360,0.0498614958448753,9,1,0,0.003551467938295649
13419,1,275,221.06,13.81625,16,2011-10-07 12:49:00,2011-10-07 12:49:00,63,0,1.0,1,0,0,0.5612105193770572
13420,2,101,159.85,19.98125,8,2011-06-22 11:35:00,2011-07-13 08:48:00,149,20,0.0952380952380952,2,1,1,0.6317350551521969
13421,2,1128,1833.71,17.977549019607842,88,2011-02-22 15:46:00,2011-10-30 14:21:00,39,249,0.008,2,1,0,0.1260151287062235
13422,1,1326,2626.3,20.67952755905512,127,2011-10-06 13:42:00,2011-10-06 13:42:00,63,0,1.0,1,0,0,0.29985016245984647
13425,3,1123,1624.21,20.823205128205128,66,2011-02-18 08:34:00,2011-08-23 17:13:00,107,186,0.0160427807486631,3,1,1,0.1933658845437474
13426,10,2245,3641.32,23.193121019108283,103,2010-12-15 12:43:00,2011-12-09 08:59:00,0,358,0.0278551532033426,9,1,0,0.017580147110006897
13427,3,545,582.6,20.089655172413792,25,2011-05-08 15:58:00,2011-11-20 13:02:00,18,195,0.0153061224489795,3,1,0,0.255582036219674
13428,1,151,201.78,2.8419718309859157,70,2011-11-29 14:20:00,2011-11-29 14:20:00,9,0,1.0,1,0,0,0.45078234960330027
13429,4,1390,1006.8,15.02686567164179,55,2011-09-25 15:59:00,2011-11-29 09:10:00,10,64,0.0615384615384615,3,1,0,0.37897323964436824
13430,2,751,679.45,13.866326530612248,48,2011-09-14 14:26:00,2011-11-21 08:19:00,18,67,0.0294117647058823,2,1,0,0.44640987598336795
13431,2,672,1269.1,27.589130434782607,44,2011-09-12 11:25:00,2011-10-03 13:49:00,66,21,0.0909090909090909,2,1,0,0.5370405343797803
13434,2,300,534.24,53.424,9,2011-09-04 10:35:00,2011-09-26 14:30:00,73,22,0.0869565217391304,1,0,0,0.4804220478667194
13435,7,2129,3809.89,37.72168316831684,68,2011-06-03 17:07:00,2011-12-04 14:45:00,4,183,0.0380434782608695,6,1,0,0.1150467835990432
13436,1,76,196.89,16.4075,12,2011-12-08 10:33:00,2011-12-08 10:33:00,1,0,1.0,1,0,0,0.5734226421278146
13437,7,1283,3408.06,20.40754491017964,143,2011-06-02 14:30:00,2011-11-25 14:00:00,13,175,0.0397727272727272,4,1,0,0.08710952352556606
13439,1,242,283.71,5.253888888888889,54,2011-03-29 14:20:00,2011-03-29 14:20:00,254,0,1.0,1,0,1,0.4817364131136851
13441,1,204,296.64,22.818461538461538,13,2011-09-09 09:38:00,2011-09-09 09:38:00,91,0,1.0,1,0,1,0.5684008358320891
13447,3,584,1129.14,19.13796610169492,55,2011-11-04 10:10:00,2011-11-16 13:38:00,22,12,0.2307692307692307,1,0,0,0.38672783604966343
13448,6,1648,3534.69,18.22005154639175,137,2010-12-01 10:52:00,2011-11-23 12:33:00,16,357,0.0167597765363128,4,1,0,0.02656273018494901
13449,1,222,291.88,15.362105263157895,19,2011-11-16 08:28:00,2011-11-16 08:28:00,23,0,1.0,1,0,0,0.5554341127150274
13450,6,1982,2043.72,28.784788732394365,32,2011-05-05 19:48:00,2011-11-13 11:54:00,26,191,0.03125,5,1,0,0.17024961643257244
13451,5,2128,2898.26,6.693441108545034,315,2011-01-09 15:35:00,2011-11-13 15:58:00,25,308,0.0161812297734627,5,1,0,0.00819318384193158
13452,2,2,590.0,295.0,1,2011-03-14 11:38:00,2011-03-25 14:19:00,258,11,0.1666666666666666,1,0,1,0.5363499973913458
13453,2,134,356.97999999999996,20.99882352941176,16,2011-02-23 09:44:00,2011-06-27 09:34:00,165,123,0.0161290322580645,2,1,1,0.42686930906635223
13455,2,354,1058.34,23.007391304347824,42,2010-12-08 13:11:00,2011-11-15 11:21:00,24,341,0.0058479532163742,2,1,0,0.1063381463665364
13456,6,765,1766.72,28.0431746031746,43,2011-05-16 15:34:00,2011-11-22 09:18:00,17,189,0.031578947368421,5,1,0,0.1736577852113529
13458,14,5508,9646.57,25.252801047120418,242,2010-12-15 12:05:00,2011-12-02 15:29:00,6,352,0.0396600566572237,11,1,0,0.0025207261781695516
13460,2,286,183.44,10.790588235294118,16,2011-10-21 09:50:00,2011-11-10 17:17:00,28,20,0.0952380952380952,2,1,0,0.6121523697957656
13461,3,1170,1445.0,53.51851851851852,14,2011-06-29 10:23:00,2011-11-01 09:01:00,38,124,0.024,3,1,0,0.3691759883281794
13462,1,62,151.5,16.833333333333332,9,2011-04-01 11:20:00,2011-04-01 11:20:00,252,0,1.0,1,0,1,0.5802275695601476
13464,1,403,674.68,16.45560975609756,41,2011-10-12 15:01:00,2011-10-12 15:01:00,57,0,1.0,1,0,0,0.5028102551383284
13466,1,259,307.9,18.11176470588235,17,2011-06-08 16:39:00,2011-06-08 16:39:00,183,0,1.0,1,0,1,0.5588505875959895
13467,2,580,1071.91,10.937857142857144,89,2011-11-03 16:56:00,2011-11-29 10:01:00,10,25,0.0769230769230769,1,0,0,0.3059375815972595
13468,37,2589,5704.97,18.89062913907285,184,2010-12-01 15:08:00,2011-12-08 10:39:00,1,371,0.0994623655913978,13,1,0,0.001437216876438768
13470,2,100,165.0,16.5,7,2011-08-16 17:06:00,2011-09-01 14:57:00,98,15,0.125,2,1,1,0.6431186577446705
13471,4,1583,2501.84,9.84976377952756,214,2011-10-23 13:10:00,2011-12-08 15:44:00,0,46,0.0851063829787234,3,1,0,0.14683854874101454
13473,2,266,422.64,20.125714285714285,21,2011-01-11 08:45:00,2011-10-10 11:20:00,60,272,0.0073260073260073,2,1,0,0.19378342435186735
13474,1,129,226.84,3.658709677419355,59,2011-04-17 13:53:00,2011-04-17 13:53:00,235,0,1.0,1,0,1,0.4738689126605746
13475,4,1012,1431.78,16.648604651162792,64,2011-02-14 12:36:00,2011-06-01 13:52:00,190,107,0.037037037037037,4,1,1,0.27623029271488053
13476,2,417,1238.47,21.35293103448276,56,2011-03-03 14:43:00,2011-06-14 12:00:00,178,102,0.0194174757281553,2,1,1,0.3704028182075707
13477,6,1021,1454.58,18.41240506329114,57,2011-02-21 12:29:00,2011-11-02 12:04:00,37,253,0.0236220472440944,6,1,0,0.09602317495882311
13479,2,134,300.95,20.063333333333333,14,2011-04-19 11:27:00,2011-05-23 10:45:00,200,33,0.0588235294117647,2,1,1,0.5941822647675411
13481,5,1142,1804.56,16.55559633027523,98,2011-03-28 09:07:00,2011-10-25 09:07:00,45,211,0.0235849056603773,4,1,0,0.11187727886945127
13482,1,116,184.64,16.785454545454545,11,2011-04-21 17:03:00,2011-04-21 17:03:00,231,0,1.0,1,0,1,0.5748583835907181
13483,1,160,140.34,14.034,10,2011-10-05 11:53:00,2011-10-05 11:53:00,65,0,1.0,1,0,0,0.5763708149809833
13484,1,44,313.8,39.225,8,2011-04-12 16:30:00,2011-04-12 16:30:00,240,0,1.0,1,0,1,0.5821091561829851
13485,1,277,454.24,19.749565217391304,23,2011-04-20 13:58:00,2011-04-20 13:58:00,232,0,1.0,1,0,1,0.5448546340518553
13486,3,669,1122.41,16.2668115942029,69,2011-07-07 17:19:00,2011-09-22 13:13:00,77,76,0.0389610389610389,3,1,0,0.3534731573114621
13487,3,265,575.4,16.923529411764704,26,2010-12-21 14:54:00,2011-10-13 12:07:00,57,295,0.0101351351351351,3,1,0,0.14440926378211072
13488,13,4518,8968.31,21.25191943127962,271,2010-12-07 13:01:00,2011-11-22 14:41:00,16,350,0.037037037037037,10,1,0,0.0025461632098589372
13489,4,560,449.52,32.10857142857143,11,2011-02-18 10:42:00,2011-08-26 13:16:00,104,189,0.0210526315789473,3,1,1,0.2789746611230698
13491,10,903,1215.82,14.137441860465117,73,2010-12-02 14:30:00,2011-10-19 08:32:00,51,320,0.0311526479750778,7,1,0,0.04209393438758773
13492,3,408,1269.84,25.3968,38,2011-05-09 10:06:00,2011-07-26 14:25:00,135,78,0.0379746835443038,2,1,1,0.43760817583590034
13493,2,380,618.63,77.32875,6,2011-02-25 16:42:00,2011-03-09 15:35:00,274,11,0.1666666666666666,2,1,1,0.6472573675374869
13494,1,162,316.26000000000005,17.570000000000004,18,2011-02-01 11:58:00,2011-02-01 11:58:00,311,0,1.0,1,0,1,0.5584869547061115
13495,5,829,2044.87,42.60145833333333,34,2010-12-06 15:14:00,2011-12-02 11:21:00,7,360,0.0138504155124653,4,1,0,0.06953155656212025
13496,2,341,653.33,18.66657142857143,28,2010-12-15 10:17:00,2011-11-29 10:58:00,10,349,0.0057142857142857,2,1,0,0.11361456612664216
13497,2,163,348.05,18.318421052631574,19,2010-12-06 11:37:00,2011-03-02 09:04:00,282,85,0.0232558139534883,2,1,1,0.48836330049322396
13499,5,1365,1159.11,27.59785714285714,31,2011-03-15 08:52:00,2011-11-22 11:21:00,17,252,0.0197628458498023,4,1,0,0.14196546397872387
13500,3,609,1166.77,17.950307692307693,60,2011-08-09 12:20:00,2011-11-16 15:35:00,22,99,0.03,2,1,0,0.35421875898406063
13501,1,560,1340.32,25.775384615384613,52,2011-02-24 18:59:00,2011-02-24 18:59:00,287,0,1.0,1,0,1,0.4712217849035831
13502,3,264,292.0,16.22222222222222,17,2011-01-20 09:03:00,2011-11-23 10:39:00,16,307,0.0097402597402597,3,1,0,0.14427699047536552
13503,1,248,216.85,12.755882352941176,17,2011-09-29 13:23:00,2011-09-29 13:23:00,70,0,1.0,1,0,0,0.5596417680703847
13504,1,178,295.93,13.451363636363636,22,2011-10-06 13:20:00,2011-10-06 13:20:00,63,0,1.0,1,0,0,0.549928340363537
13505,4,2486,4393.63,20.435488372093022,182,2011-04-21 12:07:00,2011-09-28 11:56:00,72,159,0.025,4,1,0,0.0726979972749621
13506,2,324,458.52,17.635384615384616,26,2010-12-05 12:15:00,2011-01-27 13:53:00,315,53,0.037037037037037,2,1,1,0.5279923864784855
13507,4,1597,2479.16,15.303456790123455,146,2011-07-17 11:50:00,2011-12-06 13:13:00,2,142,0.0279720279720279,4,1,0,0.12070225220823332
13508,1,24,110.97,9.2475,12,2011-04-10 11:58:00,2011-04-10 11:58:00,243,0,1.0,1,0,1,0.5748374298415931
13509,7,1106,979.72,22.266363636363636,27,2011-02-28 13:27:00,2011-12-01 10:10:00,8,275,0.0253623188405797,6,1,0,0.1010275559991008
13510,4,1386,1791.56,15.578782608695652,86,2011-06-09 09:32:00,2011-12-08 13:46:00,0,182,0.0218579234972677,4,1,0,0.1502489487312136
13512,1,143,251.21,16.747333333333334,15,2011-03-24 10:03:00,2011-03-24 10:03:00,260,0,1.0,1,0,1,0.5655643354556728
13513,1,109,205.1,20.51,10,2011-08-05 11:50:00,2011-08-05 11:50:00,126,0,1.0,1,0,1,0.5770073312728883
13514,1,40,152.20000000000002,38.05,4,2011-09-27 09:39:00,2011-09-27 09:39:00,73,0,1.0,1,0,0,0.5916744675677595
13515,4,681,891.12,15.103728813559322,50,2011-04-06 10:33:00,2011-09-28 11:26:00,72,175,0.0227272727272727,4,1,0,0.21499568405292685
13516,3,985,1389.41,31.5775,43,2011-04-15 11:06:00,2011-11-18 13:15:00,20,217,0.0137614678899082,3,1,0,0.1916763056140332
13517,3,1369,2128.42,15.09517730496454,125,2011-06-13 08:44:00,2011-10-11 11:43:00,59,120,0.024793388429752,3,1,0,0.1851439148274973
13518,1,382,627.16,17.42111111111111,36,2011-09-15 10:29:00,2011-09-15 10:29:00,85,0,1.0,1,0,0,0.514133038061676
13519,1,23,122.75,15.34375,8,2011-09-22 18:24:00,2011-09-22 18:24:00,77,0,1.0,1,0,0,0.5831677901904793
13520,6,1649,3624.35,38.97150537634408,49,2010-12-03 10:36:00,2011-10-12 10:20:00,58,312,0.0191693290734824,6,1,0,0.061534424063120215
13521,3,718,1071.73,2.5639473684210525,313,2011-11-29 15:09:00,2011-12-08 13:50:00,0,8,0.3333333333333333,2,1,0,0.11804284636765569
13522,1,44,125.8,25.160000000000004,5,2011-11-09 15:11:00,2011-11-09 15:11:00,29,0,1.0,1,0,0,0.589263708712433
13523,5,1752,3964.88,23.051627906976744,157,2010-12-08 14:22:00,2011-11-06 15:11:00,32,333,0.0149700598802395,4,1,0,0.027367270099328538
13524,5,324,680.1800000000001,25.191851851851855,17,2011-05-04 12:26:00,2011-10-30 12:34:00,40,179,0.0277777777777777,5,1,0,0.24033027347053607
13525,2,394,628.78,104.79666666666668,5,2011-04-05 15:36:00,2011-11-25 12:01:00,14,233,0.0085470085470085,2,1,0,0.2665077097991405
13527,7,1683,2242.36,10.333456221198157,153,2011-01-17 11:17:00,2011-11-06 12:04:00,33,293,0.0238095238095238,5,1,0,0.03327490132757817
13529,2,74,307.76,20.517333333333333,15,2011-05-19 11:50:00,2011-09-22 09:15:00,78,125,0.0158730158730158,2,1,0,0.42689602253730285
13531,2,174,483.8,21.990909090909092,17,2010-12-08 15:03:00,2011-05-18 16:56:00,204,161,0.0123456790123456,2,1,1,0.35770468044720144
13532,1,129,210.31,3.1865151515151515,66,2011-11-06 12:25:00,2011-11-06 12:25:00,33,0,1.0,1,0,0,0.45942691886625087
13533,3,202,269.09,3.5878666666666663,61,2011-03-17 12:47:00,2011-06-10 11:54:00,182,84,0.0352941176470588,2,1,1,0.3920153653937511
13534,25,2961,5870.08,19.83135135135135,119,2010-12-16 15:23:00,2011-12-07 14:52:00,1,355,0.0702247191011236,12,1,0,0.0051804370248865125
13536,7,2126,3444.39,19.35050561797753,91,2011-09-25 13:30:00,2011-12-08 16:38:00,0,74,0.0933333333333333,4,1,0,0.224318704558566
13538,7,175,1280.85,51.233999999999995,10,2011-01-28 10:40:00,2011-10-27 16:34:00,42,272,0.0256410256410256,7,1,0,0.11402138299302987
13539,3,320,631.34,17.063243243243242,35,2011-02-03 15:23:00,2011-09-15 10:18:00,85,223,0.0133928571428571,3,1,0,0.20743058009149842
13544,2,112,276.06,3.539230769230769,76,2011-04-13 12:09:00,2011-10-31 11:57:00,39,200,0.0099502487562189,2,1,0,0.20559684467006728
13546,3,357,621.09,6.4029896907216495,72,2011-05-23 12:14:00,2011-11-27 14:50:00,11,188,0.0158730158730158,3,1,0,0.19761603384365506
13548,2,436,678.16,5.51349593495935,114,2011-04-10 11:35:00,2011-09-04 14:50:00,95,147,0.0135135135135135,2,1,1,0.2099624213513666
13549,7,458,918.2,18.00392156862745,37,2011-04-11 13:42:00,2011-11-14 09:20:00,25,216,0.032258064516129,5,1,0,0.1544755353412662
13551,1,12,91.8,22.950000000000003,4,2011-01-24 14:46:00,2011-01-24 14:46:00,318,0,1.0,1,0,1,0.5920737521145386
13552,12,1417,3740.07,34.31256880733945,82,2011-01-28 10:10:00,2011-10-04 15:19:00,65,249,0.048,7,1,0,0.05177853668543086
13555,4,2636,4098.88,30.362074074074076,128,2011-05-22 11:06:00,2011-09-27 12:36:00,73,128,0.0310077519379844,2,1,0,0.15664053287851837
13557,2,546,584.06,17.178235294117645,31,2011-03-04 12:14:00,2011-11-11 15:24:00,27,252,0.0079051383399209,2,1,0,0.19903990276924216
13558,4,338,594.52,3.517869822485207,123,2011-10-02 13:01:00,2011-12-04 11:24:00,5,62,0.0634920634920634,3,1,0,0.27772069818653705
13560,1,63,171.42000000000002,5.3568750000000005,32,2011-12-02 13:11:00,2011-12-02 13:11:00,6,0,1.0,1,0,0,0.5320816888720163
13561,1,83,141.86,10.132857142857144,14,2011-05-08 12:39:00,2011-05-08 12:39:00,215,0,1.0,1,0,1,0.5694187444663952
13562,3,757,1799.33,21.943048780487803,50,2011-04-08 12:42:00,2011-09-19 10:51:00,81,163,0.0182926829268292,3,1,0,0.24847132648159392
13563,2,209,777.53,15.867959183673468,49,2011-07-22 17:21:00,2011-09-16 14:45:00,83,55,0.0357142857142857,2,1,0,0.4754468633411103
13564,3,636,1724.67,21.29222222222222,68,2010-12-06 17:26:00,2011-07-18 14:33:00,143,223,0.0133928571428571,2,1,1,0.1698009065590696
13565,2,172,240.22,6.321578947368421,35,2011-01-09 14:28:00,2011-11-20 14:33:00,18,315,0.0063291139240506,2,1,0,0.13683298511718242
13566,2,567,856.84,5.0700591715976335,134,2011-09-18 12:40:00,2011-10-30 11:59:00,40,41,0.0476190476190476,2,1,0,0.3234978908927262
13568,1,66,187.05,4.3500000000000005,41,2011-06-19 14:42:00,2011-06-19 14:42:00,172,0,1.0,1,0,1,0.5130595059170102
13569,2,156,338.62,4.286329113924051,73,2010-12-07 12:29:00,2011-11-22 13:07:00,16,350,0.0056980056980056,2,1,0,0.08202930760629192
13570,1,161,239.49,8.870000000000001,27,2011-04-10 13:36:00,2011-04-10 13:36:00,242,0,1.0,1,0,1,0.5401861176033491
13571,12,1757,2088.94,6.143941176470588,157,2011-03-31 12:43:00,2011-11-27 10:47:00,12,240,0.0497925311203319,9,1,0,0.025964974826147583
13572,1,534,1384.25,41.946969696969695,32,2011-05-18 11:59:00,2011-05-18 11:59:00,205,0,1.0,1,0,1,0.5138074812174991
13573,2,302,290.25,11.61,24,2011-03-31 14:47:00,2011-10-20 14:33:00,49,202,0.0098522167487684,2,1,0,0.2799821657931448
13575,5,449,732.0699999999999,15.914565217391305,41,2011-06-16 14:24:00,2011-11-16 13:14:00,22,152,0.0326797385620915,5,1,0,0.23706843915009265
13576,18,2646,6717.34,53.312222222222225,78,2010-12-01 17:24:00,2011-11-29 15:34:00,9,362,0.0495867768595041,12,1,0,0.00960499491782417
13577,4,791,1687.6,20.33253012048193,61,2011-04-12 10:33:00,2011-11-14 15:19:00,24,216,0.0184331797235023,4,1,0,0.15185367156115345
13579,2,176,467.04,20.30608695652174,19,2010-12-05 16:10:00,2011-11-25 08:41:00,14,354,0.0056338028169014,2,1,0,0.11965971604741839
13581,1,30,118.0,11.8,10,2011-02-03 14:41:00,2011-02-03 14:41:00,308,0,1.0,1,0,1,0.578857730722253
13583,1,725,781.03,14.73641509433962,53,2011-07-07 10:40:00,2011-07-07 10:40:00,155,0,1.0,1,0,1,0.4706538063498006
13584,1,37,142.4,5.933333333333334,24,2011-02-06 12:49:00,2011-02-06 12:49:00,306,0,1.0,1,0,1,0.5494711661341698
13587,1,180,712.4,89.05,8,2011-10-07 12:31:00,2011-10-07 12:31:00,63,0,1.0,1,0,0,0.5782092059362178
13588,9,2606,2478.95,14.246839080459768,131,2011-03-29 15:53:00,2011-11-24 10:42:00,15,239,0.0375,6,1,0,0.04486147666749774
13589,2,114,379.65,18.07857142857143,21,2011-06-13 12:44:00,2011-11-25 12:10:00,14,164,0.0121212121212121,2,1,0,0.34686232350086654
13590,6,1848,1981.92,22.780689655172413,70,2011-02-09 13:25:00,2011-11-28 12:54:00,10,291,0.0205479452054794,6,1,0,0.06260004614115446
13591,3,485,1117.13,19.26086206896552,56,2011-03-18 12:18:00,2011-10-06 12:26:00,64,202,0.0147783251231527,3,1,0,0.19875073722488976
13592,4,84,247.96,15.4975,15,2011-03-20 14:01:00,2011-11-04 09:49:00,35,228,0.0174672489082969,3,1,0,0.2270837650817877
13593,5,719,2011.88,15.841574803149609,77,2011-01-07 16:32:00,2011-08-23 13:35:00,107,227,0.0219298245614035,4,1,1,0.12049934192801083
13594,1,359,396.97,15.268076923076924,26,2011-10-18 10:19:00,2011-10-18 10:19:00,52,0,1.0,1,0,0,0.537417186564258
13596,2,384,664.11,4.548698630136986,133,2011-11-27 11:57:00,2011-12-04 12:01:00,5,7,0.25,2,1,0,0.3951624590825415
13598,1,52,160.04,4.572571428571428,33,2011-10-23 14:28:00,2011-10-23 14:28:00,46,0,1.0,1,0,0,0.5302737331025781
13599,21,3293,5149.92,20.934634146341462,171,2010-12-08 10:11:00,2011-12-08 16:10:00,0,365,0.0573770491803278,9,1,0,0.004980840341697515
13600,1,324,219.52,11.553684210526315,19,2011-01-31 15:27:00,2011-01-31 15:27:00,311,0,1.0,1,0,1,0.5540278316920736
13601,2,548,693.32,7.003232323232324,90,2011-05-12 16:52:00,2011-10-25 17:31:00,44,166,0.0119760479041916,2,1,0,0.21917387349266335
13602,1,267,428.89,18.647391304347824,23,2011-10-06 11:47:00,2011-10-06 11:47:00,64,0,1.0,1,0,0,0.5452225069926638
13603,1,164,164.34,6.086666666666667,27,2011-11-13 15:57:00,2011-11-13 15:57:00,25,0,1.0,1,0,0,0.5406901968390792
13606,3,276,276.75,6.91875,40,2011-02-01 11:42:00,2011-11-10 17:46:00,28,282,0.0106007067137809,3,1,0,0.14257817838853795
13607,1,288,675.51,6.964020618556701,93,2011-10-30 16:17:00,2011-10-30 16:17:00,39,0,1.0,1,0,0,0.39729074688091875
13610,7,488,1082.33,5.034093023255814,165,2011-02-27 14:44:00,2011-11-27 15:38:00,11,273,0.0255474452554744,7,1,0,0.03297644874224406
13611,3,754,1154.4,16.033333333333335,67,2010-12-15 10:31:00,2011-09-11 14:51:00,88,270,0.011070110701107,3,1,0,0.11924603838731251
13614,4,564,1585.46,8.130564102564103,171,2011-01-13 12:37:00,2011-11-15 14:47:00,23,306,0.013029315960912,4,1,0,0.03654651836115475
13615,1,189,417.69,18.160434782608696,23,2011-01-25 08:21:00,2011-01-25 08:21:00,318,0,1.0,1,0,1,0.5467558446937453
13617,3,300,544.18,12.367727272727272,31,2011-06-12 12:55:00,2011-10-30 13:50:00,39,140,0.0212765957446808,3,1,0,0.3311809678684152
13618,1,246,177.34,13.64153846153846,13,2011-06-19 11:09:00,2011-06-19 11:09:00,173,0,1.0,1,0,1,0.5682992161404062
13621,1,343,213.85,11.255263157894737,19,2011-08-15 08:26:00,2011-08-15 08:26:00,116,0,1.0,1,0,1,0.5537131732489771
13623,5,286,727.74,9.33,75,2011-02-15 13:08:00,2011-11-09 12:00:00,30,266,0.0187265917602996,5,1,0,0.09388688293051389
13626,1,209,257.23,13.53842105263158,19,2011-04-01 10:05:00,2011-04-01 10:05:00,252,0,1.0,1,0,1,0.5559085835579223
13627,5,1269,1638.47,17.80945652173913,84,2010-12-17 09:52:00,2011-10-11 14:20:00,58,298,0.0167224080267558,5,1,0,0.06420827208150758
13629,11,4372,7792.36,132.07389830508475,28,2011-01-05 12:09:00,2011-11-16 13:21:00,22,315,0.0348101265822784,9,1,0,0.03153852528265148
13630,7,1391,2031.78,28.61661971830986,51,2011-02-27 12:49:00,2011-12-04 15:16:00,4,280,0.0249110320284697,6,1,0,0.07716571334357278
13631,11,467,3070.42,279.1290909090909,6,2011-03-17 17:13:00,2011-09-01 09:57:00,99,167,0.0654761904761904,5,1,1,0.21324892695755246
13632,5,1031,2118.93,14.613310344827584,121,2011-04-10 15:07:00,2011-11-15 10:51:00,24,218,0.0228310502283105,4,1,0,0.08962544352336933
13634,5,700,1547.36,8.319139784946238,156,2011-01-16 15:30:00,2011-11-06 13:40:00,32,293,0.0170068027210884,5,1,0,0.03913003291905873
13635,1,677,1071.03,17.274677419354838,62,2011-10-03 10:55:00,2011-10-03 10:55:00,67,0,1.0,1,0,0,0.450329884445487
13636,5,592,949.12,15.065396825396826,57,2011-02-27 14:29:00,2011-11-03 10:30:00,36,248,0.0200803212851405,5,1,0,0.11748491101165612
13637,3,405,804.3,8.124242424242423,79,2011-04-27 13:06:00,2011-10-18 13:32:00,51,174,0.0171428571428571,3,1,0,0.2028523114844912
13638,1,93,122.64,15.33,8,2011-11-24 10:38:00,2011-11-24 10:38:00,15,0,1.0,1,0,0,0.5818887525036333
13639,1,800,1033.34,25.833499999999997,39,2011-09-26 13:36:00,2011-09-26 13:36:00,73,0,1.0,1,0,0,0.4966706605154079
13642,1,151,312.28,5.478596491228069,57,2011-05-08 12:34:00,2011-05-08 12:34:00,215,0,1.0,1,0,1,0.47693019578559165
13643,3,273,519.44,18.551428571428573,24,2011-06-07 11:40:00,2011-11-08 15:37:00,30,154,0.0193548387096774,3,1,0,0.3226445601533224
13644,4,2067,2624.26,17.974383561643837,144,2011-08-26 11:53:00,2011-11-23 14:07:00,15,89,0.0444444444444444,4,1,0,0.16468749248982478
13645,1,158,252.1,50.42,5,2011-08-11 16:11:00,2011-08-11 16:11:00,119,0,1.0,1,0,1,0.587147828366989
13647,4,887,1648.12,21.12974358974359,65,2011-04-19 09:49:00,2011-11-30 12:00:00,9,225,0.0176991150442477,4,1,0,0.13891890343126687
13649,2,139,346.6,15.069565217391306,23,2010-12-08 14:46:00,2011-03-28 11:51:00,256,109,0.0181818181818181,2,1,1,0.43712605333129545
13650,6,922,1836.34,19.128541666666667,79,2011-03-17 12:37:00,2011-11-23 12:22:00,16,250,0.0239043824701195,5,1,0,0.08960232221325265
13651,2,33,94.2,15.7,6,2011-10-31 12:11:00,2011-11-04 14:59:00,34,4,0.4,2,1,0,0.675982069096329
13652,3,578,1095.08,17.38222222222222,48,2010-12-06 09:21:00,2011-10-25 08:51:00,45,322,0.0092879256965944,3,1,0,0.09970134065605277
13654,6,2182,2707.33,16.30921686746988,157,2011-03-11 12:54:00,2011-10-27 16:24:00,42,230,0.0259740259740259,5,1,0,0.049583239812679564
13655,2,605,932.97,16.66017857142857,52,2011-04-12 09:53:00,2011-08-17 14:25:00,113,127,0.015625,2,1,1,0.3358349861691239
13656,2,490,379.65,7.747959183673469,49,2011-01-06 15:42:00,2011-06-28 10:31:00,164,172,0.0115606936416184,2,1,1,0.2778872063684484
13657,2,209,382.14,23.88375,16,2011-05-22 12:35:00,2011-11-29 12:32:00,10,190,0.0104712041884816,2,1,0,0.31321198587345905
13658,5,1019,2639.17,24.43675925925926,91,2011-05-19 17:15:00,2011-11-30 10:13:00,9,194,0.0256410256410256,3,1,0,0.1397268724175623
13659,2,882,1563.0,15.1747572815534,92,2011-01-23 12:08:00,2011-05-18 12:37:00,205,115,0.0172413793103448,2,1,1,0.27414388308293836
13662,3,533,881.26,16.947307692307692,50,2011-03-25 13:23:00,2011-09-15 12:04:00,85,173,0.0172413793103448,3,1,0,0.24422782028988363
13663,1,91,189.47,14.574615384615385,13,2011-06-13 15:44:00,2011-06-13 15:44:00,178,0,1.0,1,0,1,0.5710866309547266
13666,3,41,84.65,7.054166666666667,12,2011-02-25 13:05:00,2011-10-10 15:39:00,59,227,0.0131578947368421,2,1,0,0.2601058072032743
13667,1,149,299.05,3.603012048192771,82,2011-07-13 15:42:00,2011-07-13 15:42:00,148,0,1.0,1,0,1,0.4252759188477998
13668,21,3722,6309.83,13.628142548596111,284,2010-12-12 12:35:00,2011-12-07 12:11:00,2,359,0.0583333333333333,12,1,0,0.0014252191288744436
13669,2,237,218.55,24.283333333333335,9,2011-07-13 11:44:00,2011-10-20 09:32:00,50,98,0.0202020202020202,2,1,0,0.4857396038719787
13670,1,282,349.7,13.988,25,2011-09-25 15:25:00,2011-09-25 15:25:00,74,0,1.0,1,0,0,0.5413061293011928
13672,2,57,186.39,31.065,4,2011-01-11 13:54:00,2011-02-11 13:53:00,300,30,0.064516129032258,2,1,1,0.6223511593230115
13673,2,114,387.44,6.457333333333334,47,2011-11-07 15:40:00,2011-11-21 12:11:00,18,13,0.1428571428571428,1,0,0,0.4231695444268293
13675,2,330,486.8200000000001,19.472800000000003,25,2011-02-28 12:14:00,2011-07-11 12:57:00,150,133,0.0149253731343283,2,1,1,0.3865038102713935
13678,1,924,232.6,14.5375,16,2011-07-11 10:14:00,2011-07-11 10:14:00,151,0,1.0,1,0,1,0.5490924334569265
13680,4,1934,3719.12,19.170721649484538,164,2011-01-04 14:12:00,2011-12-08 13:47:00,0,337,0.0118343195266272,3,1,0,0.028641958599767956
13681,4,360,827.83,14.523333333333332,37,2011-07-07 15:21:00,2011-11-22 11:13:00,17,137,0.0289855072463768,3,1,0,0.31168570088694086
13682,1,10,59.5,19.833333333333332,3,2011-06-05 14:06:00,2011-06-05 14:06:00,186,0,1.0,1,0,1,0.594280839627986
13684,1,38,65.13,2.245862068965517,29,2011-02-27 10:13:00,2011-02-27 10:13:00,285,0,1.0,1,0,1,0.5396193465604765
13685,7,5056,3119.44,79.98564102564103,29,2011-10-10 12:59:00,2011-12-07 11:41:00,2,57,0.1206896551724138,2,1,0,0.35270352958669143
13686,1,70,72.0,9.0,8,2011-06-10 09:10:00,2011-06-10 09:10:00,182,0,1.0,1,0,1,0.5824881597146581
13689,1,512,910.0,151.66666666666666,6,2011-10-07 13:21:00,2011-10-07 13:21:00,62,0,1.0,1,0,0,0.5771307863584523
13690,1,67,172.25,19.13888888888889,9,2011-10-11 15:03:00,2011-10-11 15:03:00,58,0,1.0,1,0,0,0.5800502641466384
13692,3,1226,1488.32,28.081509433962264,48,2011-04-17 12:57:00,2011-11-15 11:17:00,24,211,0.0141509433962264,3,1,0,0.1884742092273043
13694,50,63312,65039.62,114.50637323943664,366,2010-12-01 12:12:00,2011-12-06 09:32:00,3,369,0.1351351351351351,13,1,0,2.0907546970829095e-07
13695,15,1603,2504.13,27.823666666666668,46,2011-03-25 11:31:00,2011-11-08 14:26:00,30,228,0.0655021834061135,9,1,0,0.0600904224404671
13697,1,177,151.29999999999998,12.608333333333333,12,2011-11-01 09:14:00,2011-11-01 09:14:00,38,0,1.0,1,0,0,0.5718088250224793
13699,1,66,308.58000000000004,22.041428571428575,14,2011-07-07 16:51:00,2011-07-07 16:51:00,154,0,1.0,1,0,1,0.5687527039576822
13700,10,2281,2248.63,11.590876288659794,139,2011-01-16 13:18:00,2011-11-13 13:00:00,25,300,0.0332225913621262,7,1,0,0.024747989682364153
13703,1,10,99.5,99.5,1,2011-01-25 13:10:00,2011-01-25 13:10:00,317,0,1.0,1,0,1,0.6013228866325795
13704,9,1531,2308.06,17.224328358208954,111,2011-09-12 14:40:00,2011-12-04 15:13:00,4,83,0.1071428571428571,4,1,0,0.18541442677251335
13705,3,363,711.86,25.423571428571428,25,2010-12-01 10:29:00,2011-12-02 12:32:00,7,366,0.0081743869209809,3,1,0,0.0915992101355189
13706,1,189,330.79,16.5395,20,2011-02-10 09:21:00,2011-02-10 09:21:00,302,0,1.0,1,0,1,0.553680686019643
13707,2,351,806.41,16.800208333333334,48,2011-01-28 13:27:00,2011-03-17 18:03:00,266,48,0.0408163265306122,2,1,1,0.4874939520176845
13708,1,301,285.33,5.823061224489796,49,2011-03-13 13:46:00,2011-03-13 13:46:00,270,0,1.0,1,0,1,0.49108643102266286
13709,13,3508,6307.650000000001,18.828805970149254,244,2011-01-28 14:57:00,2011-12-06 10:28:00,3,311,0.0416666666666666,6,1,0,0.007244661973342552
13710,1,176,180.48,22.56,8,2011-11-08 08:16:00,2011-11-08 08:16:00,31,0,1.0,1,0,0,0.580165661496077
13711,2,140,252.06,19.38923076923077,11,2011-05-05 10:29:00,2011-05-05 10:31:00,218,0,2.0,1,0,1,0.6073967680101507
13712,1,352,228.84,22.884,10,2011-04-07 12:33:00,2011-04-07 12:33:00,246,0,1.0,1,0,1,0.5724336878485891
13715,5,562,1077.39,10.359519230769232,89,2010-12-02 08:52:00,2011-03-03 19:21:00,280,91,0.0543478260869565,3,1,1,0.27619408100000303
13716,1,138,138.28,6.584761904761905,21,2011-03-15 13:49:00,2011-03-15 13:49:00,268,0,1.0,1,0,1,0.5538655741140202
13717,6,1959,1445.01,14.166764705882352,92,2011-02-14 13:21:00,2011-11-07 14:13:00,31,266,0.0224719101123595,6,1,0,0.06298077515710904
13718,2,173,306.55,25.545833333333334,9,2011-02-17 11:58:00,2011-04-07 13:24:00,245,49,0.04,2,1,1,0.5749279422628154
13719,5,609,1041.68,17.361333333333334,56,2011-04-19 13:56:00,2011-11-24 15:26:00,14,219,0.0227272727272727,4,1,0,0.15313572912154907
13720,4,501,799.9,18.60232558139535,42,2011-03-30 09:17:00,2011-08-15 12:46:00,116,138,0.0287769784172661,4,1,1,0.28037617578911517
13721,1,316,524.14,18.71928571428571,28,2011-11-03 14:05:00,2011-11-03 14:05:00,35,0,1.0,1,0,0,0.5330553178349123
13722,3,1401,2375.41,27.946,75,2011-03-02 11:43:00,2011-07-31 12:44:00,131,151,0.0197368421052631,2,1,1,0.23058357630898202
13723,1,43,199.85,33.30833333333334,6,2011-05-06 17:04:00,2011-05-06 17:04:00,216,0,1.0,1,0,1,0.5869479499778991
13725,8,806,1980.56,19.04384615384615,95,2011-02-04 12:18:00,2011-10-21 10:03:00,49,258,0.0308880308880308,5,1,0,0.06907884203550431
13726,2,1054,1079.66,25.70619047619047,39,2011-08-31 11:06:00,2011-11-01 10:49:00,38,61,0.032258064516129,2,1,0,0.4671987224238074
13727,2,162,333.48,16.674,19,2011-11-06 12:16:00,2011-11-11 09:46:00,28,4,0.4,1,0,0,0.5093563290409547
13728,6,458,1016.14,16.12920634920635,38,2011-02-02 12:09:00,2011-11-03 10:49:00,36,273,0.0218978102189781,6,1,0,0.10247835485505767
13730,2,488,752.6,17.50232558139535,38,2011-07-01 12:47:00,2011-07-27 08:35:00,135,25,0.0769230769230769,1,0,1,0.40784958787839015
13731,2,278,610.59,16.068157894736842,36,2011-04-07 10:10:00,2011-05-04 14:33:00,218,27,0.0714285714285714,2,1,1,0.5547958695839861
13732,1,498,491.86,14.904848484848486,33,2011-11-11 15:49:00,2011-11-11 15:49:00,27,0,1.0,1,0,0,0.5193456650673223
13735,4,1128,2883.54,14.787384615384616,158,2011-04-19 13:49:00,2011-11-15 11:14:00,24,209,0.019047619047619,4,1,0,0.07236925284363667
13736,2,496,729.8,3.8410526315789473,166,2011-03-24 13:04:00,2011-12-04 15:19:00,4,255,0.0078125,2,1,0,0.07262303463432979
13737,1,125,339.59999999999997,11.32,29,2011-05-23 16:32:00,2011-05-23 16:32:00,199,0,1.0,1,0,1,0.5358989589432887
13739,1,54,216.9,72.3,3,2011-11-21 13:35:00,2011-11-21 13:35:00,17,0,1.0,1,0,0,0.5943237914471907
13740,1,425,350.75,15.25,23,2011-04-13 10:32:00,2011-04-13 10:32:00,240,0,1.0,1,0,1,0.5428364805005197
13741,3,218,668.4300000000001,19.65970588235294,34,2011-05-06 13:43:00,2011-09-29 09:19:00,71,145,0.0205479452054794,3,1,0,0.31837606968976645
13742,12,1115,3107.87,9.92929712460064,200,2011-01-23 14:59:00,2011-11-23 11:07:00,16,303,0.0394736842105263,7,1,0,0.014142649464645092
13743,7,1776,1341.6,32.72195121951219,8,2011-03-25 14:46:00,2011-12-07 10:09:00,2,256,0.0272373540856031,6,1,0,0.12441891304431903
13744,2,1153,1080.52,17.15111111111111,54,2011-02-20 14:08:00,2011-09-05 15:19:00,94,197,0.0101010101010101,2,1,1,0.22249063583177456
13745,1,496,300.04,12.001600000000002,25,2011-06-30 16:43:00,2011-06-30 16:43:00,161,0,1.0,1,0,1,0.5376740771906929
13747,1,8,79.6,79.6,1,2010-12-01 10:37:00,2010-12-01 10:37:00,373,0,1.0,1,0,1,0.6006933521341112
13748,5,439,948.25,33.86607142857143,24,2010-12-01 09:00:00,2011-09-05 09:45:00,95,278,0.017921146953405,3,1,1,0.1470872315129874
13750,5,516,1647.26,68.63583333333334,20,2011-01-07 11:49:00,2011-10-17 12:16:00,53,283,0.0176056338028169,5,1,0,0.12235349944545955
13751,1,152,296.25,32.916666666666664,9,2011-02-24 15:56:00,2011-02-24 15:56:00,287,0,1.0,1,0,1,0.5779801121449774
13752,6,874,1175.38,15.671733333333334,64,2011-04-07 12:04:00,2011-08-07 14:16:00,123,122,0.048780487804878,5,1,1,0.22483076258540002
13753,1,512,741.26,21.178857142857144,35,2011-02-25 12:48:00,2011-02-25 12:48:00,287,0,1.0,1,0,1,0.5129058521598653
13754,2,214,282.59999999999997,23.549999999999997,11,2011-01-26 14:58:00,2011-07-11 11:51:00,151,165,0.0120481927710843,2,1,1,0.36367418709143196
13755,9,1242,2108.06,6.567165109034268,232,2011-10-07 15:45:00,2011-12-06 12:26:00,3,59,0.15,3,1,0,0.1005186548335742
13756,14,3188,5189.52,36.54591549295775,66,2010-12-07 11:41:00,2011-12-07 16:44:00,1,365,0.0382513661202185,9,1,0,0.016648778389097556
13758,7,1844,3190.55,27.26965811965812,104,2010-12-01 12:08:00,2011-11-28 11:11:00,11,361,0.0193370165745856,5,1,0,0.02947018302520838
13759,2,287,659.4100000000001,26.376400000000004,24,2011-09-29 15:40:00,2011-11-06 14:47:00,32,37,0.0526315789473684,2,1,0,0.5607343505002985
13760,2,197,286.79,5.03140350877193,50,2011-03-28 12:52:00,2011-10-16 16:13:00,53,202,0.0098522167487684,2,1,0,0.2395469462650359
13761,2,642,1070.65,15.295000000000002,68,2011-06-13 08:43:00,2011-10-20 14:01:00,49,129,0.0153846153846153,2,1,0,0.30190003660904524
13762,1,272,306.72,43.81714285714286,7,2011-05-05 09:15:00,2011-05-05 09:15:00,218,0,1.0,1,0,1,0.5802337499449308
13763,1,728,1714.96,114.33066666666669,15,2011-10-07 15:13:00,2011-10-07 15:13:00,62,0,1.0,1,0,0,0.5457513534623343
13764,3,926,1519.42,7.340193236714976,183,2011-01-06 14:53:00,2011-09-30 12:03:00,70,266,0.0112359550561797,3,1,0,0.04885725604979626
13767,37,7322,17220.36,46.79445652173913,55,2010-12-01 10:47:00,2011-12-07 15:00:00,1,371,0.0994623655913978,12,1,0,0.002142557452125895
13769,10,1163,2796.51,20.71488888888889,73,2010-12-07 13:28:00,2011-12-07 15:08:00,1,365,0.0273224043715847,9,1,0,0.02386522610896082
13771,4,1477,2634.45,22.13823529411765,114,2011-04-06 15:47:00,2011-10-06 14:18:00,63,182,0.0218579234972677,3,1,0,0.12887808726082603
13772,3,540,1122.63,6.489190751445087,141,2011-04-14 12:31:00,2011-11-06 11:43:00,33,205,0.0145631067961165,3,1,0,0.1058960466030758
13774,1,192,345.0,15.681818181818182,22,2011-09-19 12:06:00,2011-09-19 12:06:00,81,0,1.0,1,0,0,0.54932138390058
13777,33,12897,25977.16,131.86375634517768,36,2010-12-01 16:01:00,2011-12-09 12:25:00,0,372,0.0884718498659517,13,1,0,0.0013329578971369657
13778,1,70,178.7,19.85555555555555,9,2011-08-28 15:25:00,2011-08-28 15:25:00,102,0,1.0,1,0,1,0.579968675412686
13780,2,318,360.01,6.315964912280702,56,2011-06-22 11:43:00,2011-12-02 13:49:00,6,163,0.0121951219512195,2,1,0,0.2818970475620021
13781,1,30,127.84,7.52,17,2011-04-03 12:08:00,2011-04-03 12:08:00,250,0,1.0,1,0,1,0.5642484329804728
13782,6,369,908.86,8.043008849557522,96,2011-01-16 11:08:00,2011-11-27 11:54:00,12,315,0.0189873417721519,5,1,0,0.05431544311783272
13784,11,2493,2462.79,79.44483870967741,9,2011-01-11 14:38:00,2011-11-30 09:33:00,9,322,0.0340557275541795,9,1,0,0.04789822460600694
13786,1,136,230.4,32.91428571428571,7,2010-12-07 13:53:00,2010-12-07 13:53:00,366,0,1.0,1,0,1,0.5829324745895789
13787,2,337,309.04,9.969032258064518,24,2010-12-10 14:45:00,2011-09-25 12:06:00,75,288,0.0069204152249134,2,1,0,0.17233116773223175
13790,1,748,348.8,7.751111111111111,45,2011-12-05 15:48:00,2011-12-05 15:48:00,3,0,1.0,1,0,0,0.4905574165819125
13791,2,1200,1516.0,137.8181818181818,7,2011-06-24 16:38:00,2011-08-04 11:44:00,127,40,0.048780487804878,2,1,1,0.5704488615163978
13792,2,92,195.55,15.042307692307691,13,2011-02-25 14:03:00,2011-10-04 14:31:00,65,221,0.009009009009009,2,1,0,0.27489286437946486
13798,57,23948,37153.85,106.4580229226361,113,2010-12-02 17:24:00,2011-12-08 15:51:00,0,370,0.1536388140161725,13,1,0,6.591172237182391e-05
13799,2,402,688.86,17.663076923076922,32,2011-02-18 14:18:00,2011-08-15 12:07:00,116,177,0.0112359550561797,2,1,1,0.29904663127734427
13800,1,331,558.32,16.91878787878788,33,2011-02-03 12:27:00,2011-02-03 12:27:00,309,0,1.0,1,0,1,0.5219607557068742
13801,1,168,324.8,14.121739130434785,23,2011-10-04 10:15:00,2011-10-04 10:15:00,66,0,1.0,1,0,0,0.5478114200074004
13802,3,2572,4599.42,76.657,55,2011-02-01 12:03:00,2011-07-24 10:54:00,138,172,0.0173410404624277,3,1,1,0.19111605936066078
13803,1,121,277.07,16.298235294117646,17,2011-03-29 12:57:00,2011-03-29 12:57:00,254,0,1.0,1,0,1,0.5616046998523974
13804,7,1462,2588.39,19.173259259259257,124,2011-02-23 09:09:00,2011-11-09 12:32:00,30,259,0.0269230769230769,4,1,0,0.058265476134508595
13805,2,1900,924.6,71.12307692307692,10,2011-08-02 15:29:00,2011-10-18 14:50:00,51,76,0.0259740259740259,2,1,0,0.4879653346012491
13806,1,56,256.38,25.638,10,2011-10-07 11:43:00,2011-10-07 11:43:00,63,0,1.0,1,0,0,0.5777425036522263
13807,1,36,112.6,16.085714285714285,7,2010-12-07 15:48:00,2010-12-07 15:48:00,366,0,1.0,1,0,1,0.585084132949814
13808,5,782,1747.66,22.995526315789476,70,2011-09-04 12:07:00,2011-12-04 12:18:00,5,91,0.0543478260869565,3,1,0,0.3008426265430831
13809,1,29,155.05,12.920833333333334,11,2011-02-07 13:15:00,2011-02-07 13:15:00,304,0,1.0,1,0,1,0.5765534453344489
13810,3,312,1499.01,42.828857142857146,32,2011-10-14 12:57:00,2011-11-11 08:33:00,28,27,0.1071428571428571,2,1,0,0.5453938553987703
13811,3,68,814.5,62.65384615384615,7,2011-04-14 18:40:00,2011-06-09 09:54:00,183,55,0.0535714285714285,2,1,1,0.5562648018738829
13812,3,333,539.0,14.97222222222222,33,2011-08-26 12:54:00,2011-10-28 14:27:00,41,63,0.046875,2,1,0,0.4828386764820209
13813,4,552,1366.86,19.809565217391302,54,2011-07-28 10:33:00,2011-10-31 10:38:00,39,95,0.0416666666666666,3,1,0,0.3402366022108302
13814,2,864,1579.12,27.703859649122805,37,2011-07-25 13:54:00,2011-09-08 13:48:00,91,44,0.0444444444444444,2,1,1,0.501662272446725
13815,4,2560,4027.36,22.882727272727273,132,2011-01-25 12:16:00,2011-11-17 14:19:00,21,296,0.0134680134680134,3,1,0,0.046632876989842226
13816,2,269,571.6700000000001,20.416785714285716,25,2011-10-06 14:37:00,2011-11-16 08:38:00,23,40,0.048780487804878,2,1,0,0.5540195038457347
13817,2,211,382.98,15.9575,20,2010-12-23 11:46:00,2011-11-10 17:49:00,28,322,0.0061919504643962,2,1,0,0.14512482150177003
13819,3,1109,1140.35,31.676388888888887,26,2011-01-24 10:38:00,2011-02-11 10:38:00,301,18,0.1578947368421052,2,1,1,0.5641176336760144
13821,2,153,385.64,6.536271186440678,51,2011-03-23 11:30:00,2011-07-18 09:49:00,144,116,0.017094017094017,2,1,1,0.36778618380568673
13822,2,611,632.0,6.583333333333333,90,2011-10-30 15:55:00,2011-12-04 12:13:00,5,34,0.0571428571428571,2,1,0,0.42256393709122436
13823,2,439,957.66,23.9415,39,2011-09-09 10:42:00,2011-11-21 10:22:00,18,72,0.0273972602739726,2,1,0,0.45976290098379746
13824,5,768,1698.94,36.93347826086956,34,2011-02-02 13:07:00,2011-11-07 12:41:00,32,277,0.0179856115107913,5,1,0,0.11199953704716696
13826,1,82,189.5,18.95,10,2011-06-16 13:48:00,2011-06-16 13:48:00,175,0,1.0,1,0,1,0.5775745700834984
13827,3,138,409.8,4.4543478260869565,83,2011-07-19 15:38:00,2011-10-13 12:38:00,57,85,0.0348837209302325,2,1,0,0.347434728512522
13828,1,311,209.49,13.966,15,2011-11-17 16:02:00,2011-11-17 16:02:00,21,0,1.0,1,0,0,0.5627139960639788
13831,6,743,2198.45,30.534027777777776,58,2010-12-05 12:13:00,2011-11-23 15:41:00,15,353,0.0169491525423728,5,1,0,0.05289717132691217
13832,1,28,52.2,17.4,3,2011-11-20 15:36:00,2011-11-20 15:36:00,18,0,1.0,1,0,0,0.5939156315492402
13833,1,117,383.85,13.708928571428572,28,2011-07-03 13:27:00,2011-07-03 13:27:00,158,0,1.0,1,0,1,0.5378308620267929
13835,4,442,834.57,15.174,48,2011-05-08 15:22:00,2011-11-14 15:37:00,24,190,0.0209424083769633,4,1,0,0.20312765484899806
13837,2,182,266.59000000000003,14.810555555555558,17,2011-01-26 12:15:00,2011-05-12 12:10:00,211,105,0.0188679245283018,2,1,1,0.4566058184374906
13838,4,254,674.82,4.089818181818182,144,2010-12-05 10:45:00,2011-12-04 11:00:00,5,364,0.010958904109589,3,1,0,0.03500284466470621
13841,1,100,85.0,85.0,1,2011-04-01 12:10:00,2011-04-01 12:10:00,252,0,1.0,1,0,1,0.5992145771952627
13842,9,1768,3385.62,16.43504854368932,155,2010-12-08 10:39:00,2011-10-12 10:51:00,58,308,0.029126213592233,9,1,0,0.01789101577403737
13844,1,196,361.62,18.081,20,2011-11-28 13:21:00,2011-11-28 13:21:00,10,0,1.0,1,0,0,0.5533394158529735
13845,1,182,312.98,34.775555555555556,9,2011-10-06 08:25:00,2011-10-06 08:25:00,64,0,1.0,1,0,0,0.5773607663468989
13846,3,388,865.0600000000001,15.728363636363635,55,2010-12-14 16:07:00,2011-11-15 12:07:00,24,335,0.0089285714285714,3,1,0,0.08862259944472926
13848,3,3700,1255.0,251.0,3,2010-12-08 15:10:00,2011-09-08 12:58:00,91,273,0.010948905109489,3,1,1,0.1584684100239595
13849,2,1016,1537.95,15.22722772277228,97,2011-06-22 10:11:00,2011-10-19 10:59:00,51,119,0.0166666666666666,2,1,0,0.25852770006248116
13850,1,944,1595.48,17.155698924731183,93,2011-08-02 14:04:00,2011-08-02 14:04:00,128,0,1.0,1,0,1,0.37803919590027674
13851,3,1705,2651.46,32.73407407407407,77,2011-02-24 17:18:00,2011-09-05 12:36:00,95,192,0.0155440414507772,3,1,1,0.16207835385033453
13853,1,312,1090.14,47.39739130434783,23,2011-10-13 14:18:00,2011-10-13 14:18:00,56,0,1.0,1,0,0,0.5396443025730832
13854,25,2296,8109.52,73.72290909090908,39,2010-12-09 10:48:00,2011-12-01 09:06:00,8,356,0.0700280112044818,12,1,0,0.00977500972714359
13856,3,494,388.5,27.75,10,2011-05-20 13:13:00,2011-06-24 10:03:00,168,34,0.0857142857142857,2,1,1,0.5831764501685361
13858,1,75,216.17,19.651818181818182,11,2011-10-13 16:17:00,2011-10-13 16:17:00,56,0,1.0,1,0,0,0.5754532048180159
13859,1,129,201.16,7.184285714285714,27,2011-01-17 16:14:00,2011-01-17 16:14:00,325,0,1.0,1,0,1,0.5410574287643081
13860,5,591,1245.9,16.39342105263158,58,2011-09-14 09:27:00,2011-12-08 12:57:00,0,85,0.0581395348837209,4,1,0,0.31868764050547393
13862,8,1688,2209.36,15.894676258992806,97,2011-01-11 15:13:00,2011-11-21 16:24:00,17,314,0.0253968253968253,8,1,0,0.033081064086989936
13863,1,224,305.78,15.288999999999998,20,2011-04-06 10:20:00,2011-04-06 10:20:00,247,0,1.0,1,0,1,0.5532019454142021
13865,4,204,501.56,16.718666666666667,26,2011-02-23 12:04:00,2011-10-12 13:31:00,57,231,0.0172413793103448,4,1,0,0.19015157036822225
13866,1,57,145.67000000000002,20.81,7,2011-09-26 14:54:00,2011-09-26 14:54:00,73,0,1.0,1,0,0,0.5846095195612855
13867,3,501,1005.09,16.7515,51,2011-05-05 17:28:00,2011-11-08 15:48:00,30,186,0.0160427807486631,3,1,0,0.22545168714077868
13868,2,1964,3192.54,96.74363636363636,32,2011-11-01 12:45:00,2011-12-02 16:32:00,6,31,0.0625,2,1,0,0.5040439334469698
13869,4,1709,3083.65,10.143585526315787,234,2010-12-17 15:14:00,2011-08-08 13:53:00,122,233,0.017094017094017,4,1,1,0.03192666380877506
13870,8,1325,2770.94,24.095130434782607,91,2011-02-25 09:09:00,2011-12-07 13:23:00,1,285,0.0279720279720279,6,1,0,0.05106620889196843
13871,13,2806,6403.25,19.057291666666668,155,2011-02-04 09:30:00,2011-11-17 10:49:00,22,286,0.0452961672473867,10,1,0,0.01318934595177215
13873,3,140,389.6,16.93913043478261,21,2011-02-03 09:37:00,2011-08-12 10:08:00,119,190,0.0157068062827225,3,1,1,0.2763743751543538
13874,1,180,540.45,30.025,18,2010-12-16 18:20:00,2010-12-16 18:20:00,357,0,1.0,1,0,1,0.5566739443581867
13875,5,1316,1786.79,17.180673076923078,79,2011-02-11 15:39:00,2011-10-17 09:36:00,53,247,0.0201612903225806,5,1,0,0.09297057170261507
13876,1,36,122.7,17.52857142857143,7,2011-10-07 10:22:00,2011-10-07 10:22:00,63,0,1.0,1,0,0,0.5850562232572167
13877,1,108,117.24,39.08,3,2011-09-14 15:49:00,2011-09-14 15:49:00,85,0,1.0,1,0,0,0.5928123581435631
13878,1,463,1271.57,36.330571428571425,35,2011-10-16 12:19:00,2011-10-16 12:19:00,54,0,1.0,1,0,0,0.5096523417779094
13880,13,1842,3219.77,19.513757575757577,125,2010-12-07 14:00:00,2011-11-18 13:44:00,20,345,0.0375722543352601,10,1,0,0.01335460297758757
13881,20,10118,17159.52,96.401797752809,72,2011-02-01 10:14:00,2011-12-06 12:50:00,3,308,0.0647249190938511,11,1,0,0.005871190433970859
13882,5,953,1191.13,18.325076923076924,54,2011-10-06 15:28:00,2011-12-07 11:16:00,2,61,0.0806451612903225,3,1,0,0.3819089114217081
13883,5,1436,2674.48,18.834366197183098,108,2011-03-31 17:17:00,2011-11-29 10:45:00,10,242,0.0205761316872428,3,1,0,0.08781284686236239
13884,5,300,787.6,13.34915254237288,45,2011-03-01 13:40:00,2011-12-02 16:30:00,6,276,0.0180505415162454,3,1,0,0.1294166639991546
13885,2,182,506.8,18.1,28,2011-05-23 08:52:00,2011-06-03 15:07:00,188,11,0.1666666666666666,2,1,1,0.6062388411139531
13886,1,126,243.56,15.2225,16,2011-09-29 13:17:00,2011-09-29 13:17:00,70,0,1.0,1,0,0,0.5638250290422899
13887,1,147,349.55,18.397368421052633,19,2011-05-19 17:22:00,2011-05-19 17:22:00,203,0,1.0,1,0,1,0.5564375397175999
13888,2,254,595.67,15.273589743589742,38,2011-05-05 14:41:00,2011-08-12 10:13:00,119,98,0.0202020202020202,2,1,1,0.4215866378384137
13889,1,146,416.9,27.793333333333337,15,2011-09-08 09:13:00,2011-09-08 09:13:00,92,0,1.0,1,0,1,0.5644993217830815
13890,10,831,1883.81,17.125545454545456,74,2010-12-16 09:31:00,2011-12-08 15:36:00,0,357,0.0279329608938547,5,1,0,0.037891280202944834
13892,4,983,632.97,23.443333333333335,26,2011-04-07 12:04:00,2011-11-13 11:50:00,26,219,0.0181818181818181,3,1,0,0.20882491465746275
13893,1,190,821.1,39.1,21,2011-02-15 11:30:00,2011-02-15 11:30:00,297,0,1.0,1,0,1,0.5481442502835263
13894,3,354,564.62,20.911851851851853,25,2011-02-02 12:54:00,2011-11-16 09:44:00,23,286,0.0104529616724738,2,1,0,0.16534778298752822
13895,4,1365,2593.07,21.975169491525424,97,2011-06-28 10:17:00,2011-11-11 16:57:00,27,136,0.0291970802919708,4,1,0,0.17976041577694507
13897,1,200,311.16,18.303529411764707,17,2011-10-20 14:30:00,2011-10-20 14:30:00,49,0,1.0,1,0,0,0.5599224942232345
13898,1,133,155.93,12.994166666666668,12,2011-01-18 10:28:00,2011-01-18 10:28:00,325,0,1.0,1,0,1,0.5725935458489133
13899,2,156,388.52,20.448421052631577,19,2011-03-10 09:30:00,2011-11-23 13:40:00,15,258,0.0077220077220077,2,1,0,0.214463444222745
13900,3,430,740.95,17.23139534883721,42,2011-03-22 10:13:00,2011-06-09 19:26:00,182,79,0.0375,3,1,1,0.4090680506365322
13901,5,1739,2867.2,19.242953020134227,144,2011-01-25 09:01:00,2011-09-28 14:48:00,71,246,0.020242914979757,5,1,0,0.052887992019970735
13904,2,332,332.64,12.793846153846154,24,2011-02-18 11:18:00,2011-11-02 13:41:00,36,257,0.0077519379844961,2,1,0,0.20662948340766907
13908,4,1478,2369.55,19.42254098360656,104,2011-03-08 12:04:00,2011-09-21 11:49:00,79,196,0.0203045685279187,4,1,0,0.11796340494188266
13911,9,2731,2580.91,17.43858108108108,120,2011-02-04 14:46:00,2011-10-13 15:43:00,56,251,0.0357142857142857,6,1,0,0.04454283733189142
13914,2,380,626.45,18.983333333333334,28,2011-11-03 16:28:00,2011-11-28 10:35:00,11,24,0.08,1,0,0,0.4332890602192242
13917,2,228,272.04,15.113333333333337,16,2011-06-01 12:46:00,2011-10-21 09:56:00,49,141,0.0140845070422535,2,1,0,0.39415365441475864
13918,2,1140,1212.84,40.428,30,2011-03-31 18:05:00,2011-10-21 12:25:00,49,203,0.0098039215686274,2,1,0,0.25094673369870085
13919,2,474,384.81,13.743214285714286,24,2011-08-10 10:15:00,2011-10-11 14:24:00,58,62,0.0317460317460317,2,1,0,0.5134038445158651
13922,1,93,172.25,24.607142857142858,7,2010-12-23 10:38:00,2010-12-23 10:38:00,351,0,1.0,1,0,1,0.5838788111356509
13923,1,185,351.13,17.5565,20,2011-10-17 12:33:00,2011-10-17 12:33:00,53,0,1.0,1,0,0,0.5536156148301253
13924,6,1575,1838.85,15.716666666666669,90,2011-09-28 15:07:00,2011-12-08 09:39:00,1,70,0.0845070422535211,4,1,0,0.25771644193928755
13925,4,331,678.25,16.54268292682927,28,2011-07-28 12:09:00,2011-09-08 12:47:00,92,42,0.0930232558139534,3,1,1,0.49709666901679983
13926,1,104,223.85,20.35,11,2011-11-16 13:16:00,2011-11-16 13:16:00,22,0,1.0,1,0,0,0.5748821076264358
13927,1,214,348.99,16.61857142857143,21,2011-09-26 12:00:00,2011-09-26 12:00:00,74,0,1.0,1,0,0,0.55098697441424
13928,4,129,464.57,17.206296296296298,23,2011-07-29 15:59:00,2011-11-29 10:33:00,10,122,0.032520325203252,3,1,0,0.36931370782726547
13929,2,143,842.65,93.62777777777778,8,2011-01-17 15:11:00,2011-06-23 15:26:00,168,157,0.0126582278481012,2,1,1,0.3824147172237013
13930,2,274,337.34,19.843529411764703,15,2011-07-26 11:00:00,2011-10-13 09:45:00,57,78,0.0253164556962025,2,1,0,0.5075266177585681
13931,2,725,1237.53,21.336724137931036,56,2011-03-04 08:43:00,2011-09-05 10:12:00,95,185,0.010752688172043,2,1,1,0.2397467450537895
13932,1,72,307.4,19.2125,16,2011-02-18 12:02:00,2011-02-18 12:02:00,294,0,1.0,1,0,1,0.5644222759482628
13933,2,205,608.7900000000001,26.469130434782613,23,2011-07-14 13:35:00,2011-08-22 14:03:00,108,39,0.05,2,1,1,0.5610969630736632
13934,1,390,922.1,29.74516129032258,31,2011-03-21 08:39:00,2011-03-21 08:39:00,263,0,1.0,1,0,1,0.5222762708163216
13936,1,330,376.58,14.483846153846152,26,2011-06-13 08:47:00,2011-06-13 08:47:00,179,0,1.0,1,0,1,0.5381097915244917
13937,1,123,158.85,17.65,9,2011-06-23 16:35:00,2011-06-23 16:35:00,168,0,1.0,1,0,1,0.5790801121173936
13938,1,70,71.66,10.237142857142857,7,2011-11-04 14:37:00,2011-11-04 14:37:00,34,0,1.0,1,0,0,0.5845768315176831
13939,3,847,568.55,12.634444444444444,43,2011-02-01 11:30:00,2011-11-16 13:33:00,22,288,0.0103806228373702,3,1,0,0.1284166529407464
13940,4,516,839.14,17.12530612244898,39,2011-07-18 16:05:00,2011-11-22 15:15:00,16,126,0.0314960629921259,4,1,0,0.3029611068542187
13941,5,2364,5112.96,113.62133333333334,24,2010-12-02 10:17:00,2011-11-18 09:43:00,21,350,0.0142450142450142,5,1,0,0.06034791543869837
13946,3,443,561.5699999999999,51.05181818181818,11,2011-03-17 10:02:00,2011-09-21 13:33:00,78,188,0.0158730158730158,3,1,0,0.29163369975540915
13947,1,44,90.6,18.119999999999997,5,2011-10-05 14:42:00,2011-10-05 14:42:00,64,0,1.0,1,0,0,0.5892750015209487
13948,1,40,102.0,34.0,3,2010-12-14 10:18:00,2010-12-14 10:18:00,360,0,1.0,1,0,1,0.5939640493530034
13949,6,2474,2427.32,15.170750000000002,124,2011-09-06 11:55:00,2011-12-07 09:35:00,2,91,0.0652173913043478,4,1,0,0.16987287388508066
13950,4,323,745.06,21.28742857142857,33,2011-04-07 11:29:00,2011-11-28 14:44:00,10,235,0.0169491525423728,3,1,0,0.18829701729792767
13951,3,459,674.45,17.293589743589745,38,2011-02-18 15:21:00,2011-06-16 16:43:00,175,118,0.0252100840336134,3,1,1,0.35028714261134225
13952,2,1431,3251.071,23.730445255474457,120,2011-04-15 09:27:00,2011-05-06 09:00:00,217,20,0.0952380952380952,2,1,1,0.3522056332539398
13953,7,2724,3515.68,175.784,8,2010-12-22 10:29:00,2011-12-02 16:04:00,6,345,0.0202312138728323,7,1,0,0.05664873739053055
13954,2,150,439.92,17.5968,24,2011-09-30 10:52:00,2011-12-08 12:50:00,1,69,0.0285714285714285,2,1,0,0.5063866358568144
13955,2,154,322.96,9.786666666666664,33,2011-02-07 12:24:00,2011-07-08 17:19:00,153,151,0.0131578947368421,2,1,1,0.3448760219795735
13956,5,486,1019.27,6.933809523809524,123,2011-03-13 12:51:00,2011-12-04 13:20:00,4,266,0.0187265917602996,5,1,0,0.06328875052523589
13959,3,355,594.04,6.600444444444444,79,2010-12-12 13:56:00,2011-09-21 15:06:00,78,283,0.0105633802816901,3,1,0,0.10479404578243467
13960,2,142,230.22,19.185,11,2011-09-29 12:39:00,2011-11-18 15:27:00,20,50,0.0392156862745098,2,1,0,0.5700106053083903
13962,2,87,169.55,15.413636363636364,11,2011-04-08 11:21:00,2011-11-18 08:47:00,21,223,0.0089285714285714,2,1,0,0.2756259178561393
13963,4,460,664.54,18.986857142857144,35,2010-12-07 09:21:00,2011-02-04 14:43:00,307,59,0.0666666666666666,3,1,1,0.4485590254455179
13967,1,42,80.7,40.35,2,2011-07-17 12:02:00,2011-07-17 12:02:00,145,0,1.0,1,0,1,0.5963998869433421
13969,18,4528,9024.17,14.578626817447496,334,2010-12-09 19:32:00,2011-12-02 15:11:00,6,357,0.0502793296089385,11,1,0,0.0010260409431414824
13971,8,1844,2758.26,18.511812080536913,118,2011-02-27 12:27:00,2011-11-21 12:06:00,18,266,0.0299625468164794,7,1,0,0.04138637828698492
13972,2,187,190.25,12.683333333333334,15,2011-05-22 11:34:00,2011-09-30 11:54:00,70,131,0.0151515151515151,2,1,0,0.41495206969326515
13973,1,109,264.7,24.063636363636363,11,2011-02-25 15:21:00,2011-02-25 15:21:00,286,0,1.0,1,0,1,0.5745853218899222
13974,1,249,413.59,14.77107142857143,28,2011-10-21 14:41:00,2011-10-21 14:41:00,48,0,1.0,1,0,0,0.5351402318256256
13975,6,1697,2461.24,7.480972644376901,240,2011-03-08 12:19:00,2011-11-08 13:19:00,30,245,0.024390243902439,5,1,0,0.023843088785103213
13976,1,154,357.98,35.798,10,2011-05-17 09:13:00,2011-05-17 09:13:00,206,0,1.0,1,0,1,0.5754749403609534
13978,2,315,196.79,13.119333333333335,14,2011-10-25 15:04:00,2011-11-25 11:36:00,14,30,0.064516129032258,2,1,0,0.5969966088677104
13979,1,639,869.87,16.108703703703704,54,2011-09-27 13:32:00,2011-09-27 13:32:00,72,0,1.0,1,0,0,0.4694321286890174
13980,1,172,200.14,18.19454545454545,11,2011-10-10 13:34:00,2011-10-10 13:34:00,59,0,1.0,1,0,0,0.5737516332199729
13982,4,1136,1871.81,16.863153153153153,72,2010-12-09 13:57:00,2011-10-31 16:24:00,38,326,0.0122324159021406,4,1,0,0.06659422262148035
13983,12,1183,2603.43,24.3311214953271,91,2010-12-08 10:38:00,2011-11-10 11:06:00,29,337,0.0355029585798816,9,1,0,0.023030896355204288
13984,5,679,920.51,57.531875,14,2010-12-08 15:58:00,2011-11-13 12:38:00,26,339,0.0147058823529411,5,1,0,0.09010243032994056
13985,15,3445,7060.13,20.229598853868197,108,2011-03-20 13:48:00,2011-12-05 17:06:00,3,260,0.057471264367816,9,1,0,0.021729935903910907
13986,1,430,320.46,24.650769230769228,12,2011-11-22 15:00:00,2011-11-22 15:00:00,16,0,1.0,1,0,0,0.5661501436050049
13988,6,3044,4147.96,17.726324786324785,188,2011-03-30 11:48:00,2011-11-20 10:15:00,19,234,0.025531914893617,6,1,0,0.030737396462024464
13989,2,1313,1266.08,30.88,33,2011-04-14 15:39:00,2011-10-05 09:47:00,65,173,0.0114942528735632,2,1,0,0.2852587214977596
13990,1,190,311.3,19.45625,16,2011-05-10 15:19:00,2011-05-10 15:19:00,212,0,1.0,1,0,1,0.5622161964671366
13991,6,995,852.88,10.400975609756095,58,2011-07-19 12:58:00,2011-11-27 16:18:00,11,131,0.0454545454545454,4,1,0,0.23886124398511147
13992,1,64,76.8,15.36,5,2011-11-09 15:23:00,2011-11-09 15:23:00,29,0,1.0,1,0,0,0.5889155729490548
13993,9,900,3466.36,28.647603305785125,66,2011-01-13 10:43:00,2011-10-28 09:06:00,42,287,0.03125,8,1,0,0.04963214640614424
13994,6,932,2274.14,15.36581081081081,122,2011-07-14 18:28:00,2011-12-06 11:05:00,3,144,0.0413793103448275,5,1,0,0.1270246678058985
13995,5,879,1393.69,16.205697674418605,55,2011-04-08 08:20:00,2011-11-24 14:22:00,14,230,0.0216450216450216,5,1,0,0.1292976617384607
13999,12,2243,3901.81,18.758701923076924,102,2010-12-13 11:23:00,2011-11-29 13:40:00,9,351,0.034090909090909,10,1,0,0.015346771534746728
14000,1,710,635.66,42.37733333333333,15,2011-05-12 16:50:00,2011-05-12 16:50:00,210,0,1.0,1,0,1,0.552710979302323
14001,3,962,2043.08,52.38666666666667,34,2010-12-01 12:58:00,2011-10-25 10:31:00,45,327,0.0091463414634146,3,1,0,0.10184656113824461
14002,2,877,529.73,11.270851063829788,47,2011-07-06 14:59:00,2011-07-28 15:55:00,133,22,0.0869565217391304,1,0,1,0.39011704608736947
14004,7,2668,4582.64,26.799064327485382,102,2011-02-24 09:28:00,2011-10-27 14:40:00,42,245,0.0284552845528455,5,1,0,0.059976516276242835
14005,5,2478,2874.72,34.22285714285714,53,2011-05-08 10:33:00,2011-11-30 12:41:00,9,206,0.0241545893719806,5,1,0,0.13148088328960375
14006,3,641,962.19,32.073,22,2011-01-31 15:11:00,2011-08-16 09:39:00,115,196,0.015228426395939,3,1,1,0.2553714293256427
14009,2,365,695.61,16.562142857142856,42,2011-05-18 13:00:00,2011-05-25 15:47:00,197,7,0.25,1,0,1,0.4420009278247001
14012,1,160,328.8,29.89090909090909,11,2011-03-07 12:26:00,2011-03-07 12:26:00,277,0,1.0,1,0,1,0.5733262958621047
14013,3,462,473.02,13.91235294117647,30,2011-03-09 08:59:00,2011-08-21 15:01:00,109,165,0.0180722891566265,3,1,1,0.2921920527446099
14014,1,1076,505.18,12.953333333333331,39,2011-09-23 13:18:00,2011-09-23 13:18:00,76,0,1.0,1,0,0,0.49574101095601925
14015,1,378,917.34,45.867,20,2011-10-18 10:02:00,2011-10-18 10:02:00,52,0,1.0,1,0,0,0.5461398589934969
14016,4,2125,4341.21,26.964037267080744,154,2010-12-17 14:21:00,2011-07-01 11:29:00,161,195,0.0204081632653061,4,1,1,0.07295476714120742
14019,3,1037,1421.61,21.539545454545458,37,2011-07-24 15:39:00,2011-10-24 10:13:00,46,91,0.0326086956521739,3,1,0,0.3814936464649147
14020,2,441,642.8,16.48205128205128,37,2011-09-12 15:32:00,2011-11-23 09:22:00,16,71,0.0277777777777777,2,1,0,0.4682316037370204
14021,3,192,631.9,28.722727272727273,22,2011-03-28 15:10:00,2011-07-07 15:46:00,154,101,0.0294117647058823,3,1,1,0.4165687050510642
14022,1,487,440.0,15.714285714285714,28,2011-04-28 14:39:00,2011-04-28 14:39:00,224,0,1.0,1,0,1,0.5304888429809798
14023,2,345,584.07,18.840967741935486,30,2011-04-03 15:50:00,2011-12-02 13:58:00,6,242,0.0082304526748971,2,1,0,0.21478307765472027
14024,2,150,327.7,20.48125,16,2011-08-07 13:31:00,2011-08-10 11:30:00,121,2,0.6666666666666666,1,0,1,0.5320596621319286
14027,1,62,104.82,17.47,6,2011-10-10 09:01:00,2011-10-10 09:01:00,60,0,1.0,1,0,0,0.586767438801005
14029,2,198,467.66,31.177333333333333,15,2011-07-18 16:57:00,2011-10-07 14:46:00,62,80,0.0246913580246913,2,1,0,0.5046270926678154
14030,8,1478,2358.84,9.747272727272728,210,2010-12-08 16:11:00,2011-11-21 16:48:00,17,348,0.0229226361031518,6,1,0,0.012468016271353624
14031,19,5788,17286.86,69.14744,119,2010-12-02 16:34:00,2011-12-02 17:13:00,6,365,0.0519125683060109,11,1,0,0.003777941827273584
14032,11,2032,2975.59,20.80832167832168,53,2010-12-08 10:53:00,2011-12-07 15:23:00,1,364,0.0301369863013698,8,1,0,0.027561639274214
14034,3,420,648.89,7.545232558139535,82,2011-07-05 13:06:00,2011-11-17 14:02:00,21,135,0.0220588235294117,2,1,0,0.26610119231698975
14035,5,739,1428.02,21.636666666666667,41,2011-02-15 12:48:00,2011-11-11 10:03:00,28,268,0.0185873605947955,5,1,0,0.11358859356996225
14036,1,268,626.65,16.49078947368421,38,2011-02-28 09:26:00,2011-02-28 09:26:00,284,0,1.0,1,0,1,0.5120579707433813
14037,2,46,147.20000000000002,5.257142857142858,27,2010-12-10 11:39:00,2011-06-16 13:57:00,175,188,0.0105820105820105,2,1,1,0.30045133836454785
14038,3,965,1560.38,16.960652173913044,64,2011-05-16 14:05:00,2011-09-22 13:37:00,77,128,0.0232558139534883,3,1,0,0.27324616798817764
14039,1,92,152.2,25.366666666666664,6,2011-11-06 13:48:00,2011-11-06 13:48:00,32,0,1.0,1,0,0,0.5861379624099228
14040,12,1544,3560.32,15.547248908296943,146,2011-01-12 14:57:00,2011-10-30 12:42:00,40,290,0.0412371134020618,8,1,0,0.021068038173933778
14041,1,94,141.41,6.733809523809524,21,2011-03-18 13:25:00,2011-03-18 13:25:00,265,0,1.0,1,0,1,0.5546608071320362
14044,4,304,646.42,3.1379611650485435,165,2011-02-03 11:39:00,2011-11-13 12:05:00,26,283,0.0140845070422535,4,1,0,0.04730641083526002
14045,4,535,1659.75,276.625,4,2010-12-01 11:32:00,2011-08-22 15:27:00,108,264,0.0150943396226415,3,1,1,0.19270469555231065
14046,1,460,154.99,11.070714285714288,14,2011-02-28 14:48:00,2011-02-28 14:48:00,283,0,1.0,1,0,1,0.5623810449143027
14047,5,381,1308.61,40.8940625,22,2010-12-02 10:09:00,2011-12-01 11:43:00,8,364,0.0136986301369863,5,1,0,0.07212000357197164
14048,1,288,409.93,4.822705882352941,83,2011-02-07 14:53:00,2011-02-07 14:53:00,304,0,1.0,1,0,1,0.4197502848871805
14049,4,3808,5578.72,11.670962343096235,348,2011-01-26 11:27:00,2011-11-23 12:20:00,16,301,0.0132450331125827,4,1,0,0.006027528186032376
14050,2,689,746.36,13.821481481481484,49,2011-08-25 13:46:00,2011-11-08 10:00:00,31,74,0.0266666666666666,2,1,0,0.43232776356262814
14051,23,3756,15610.39,74.33519047619048,52,2010-12-08 12:49:00,2011-12-09 10:20:00,0,365,0.0628415300546448,13,1,0,0.005632716357450912
14052,1,89,225.36,4.024285714285715,56,2011-11-20 12:30:00,2011-11-20 12:30:00,19,0,1.0,1,0,0,0.48090886211672473
14053,2,215,260.25,65.0625,2,2011-07-03 12:21:00,2011-08-07 14:27:00,123,35,0.0555555555555555,2,1,1,0.6153683732501063
14054,1,62,92.46,15.409999999999998,6,2011-10-05 15:49:00,2011-10-05 15:49:00,64,0,1.0,1,0,0,0.5867889935719515
14055,1,216,725.6400000000001,72.56400000000001,10,2011-08-25 15:04:00,2011-08-25 15:04:00,105,0,1.0,1,0,1,0.5726341499138464
14056,23,4252,8152.71,7.493299632352941,320,2011-02-28 15:19:00,2011-12-08 13:36:00,0,282,0.0812720848056537,11,1,0,0.0016510054467394912
14057,17,4873,6211.66,21.949328621908126,179,2010-12-14 12:11:00,2011-11-16 10:32:00,23,336,0.0504451038575667,11,1,0,0.004931908051818776
14059,1,128,183.6,22.95,8,2011-03-18 10:06:00,2011-03-18 10:06:00,266,0,1.0,1,0,1,0.5810330821235622
14060,19,5386,6140.42,30.39811881188119,86,2010-12-02 12:11:00,2011-12-05 12:29:00,4,368,0.051490514905149,13,1,0,0.006213607761255064
14062,12,5593,10464.85,94.27792792792792,60,2010-12-10 15:56:00,2011-11-30 10:04:00,9,354,0.0338028169014084,8,1,0,0.01590381384026862
14064,5,1772,1334.34,17.329090909090908,59,2011-03-10 12:59:00,2011-11-10 13:14:00,28,245,0.0203252032520325,4,1,0,0.11696900436416226
14066,1,45,152.55,21.792857142857144,7,2011-03-18 12:21:00,2011-03-18 12:21:00,266,0,1.0,1,0,1,0.5848095043673649
14067,2,361,374.7,7.2057692307692305,51,2011-09-04 12:00:00,2011-10-07 10:21:00,63,32,0.0606060606060606,2,1,0,0.5143280536370781
14068,1,73,265.85,11.077083333333334,22,2011-01-23 16:02:00,2011-01-23 16:02:00,319,0,1.0,1,0,1,0.5520491459372417
14071,8,994,1437.57,4.450681114551084,271,2011-03-20 11:33:00,2011-12-06 12:27:00,3,261,0.0305343511450381,4,1,0,0.017999831299631303
14073,1,130,151.04,11.618461538461538,13,2011-11-07 15:49:00,2011-11-07 15:49:00,31,0,1.0,1,0,0,0.5705849705125633
14075,3,754,942.26,21.91302325581395,33,2011-03-23 16:35:00,2011-12-05 08:38:00,4,256,0.0116731517509727,3,1,0,0.16724318759042717
14076,1,79,118.67,2.6970454545454547,43,2011-08-02 15:19:00,2011-08-02 15:19:00,128,0,1.0,1,0,1,0.50918665287444
14077,5,268,499.42,11.89095238095238,33,2011-03-10 15:52:00,2011-10-30 12:35:00,40,233,0.0213675213675213,5,1,0,0.1588197170356905
14078,6,310,1049.37,16.144153846153845,46,2010-12-01 12:54:00,2011-08-30 12:16:00,101,271,0.0220588235294117,6,1,1,0.09863103285004614
14079,1,301,375.1,31.258333333333336,12,2011-08-07 12:10:00,2011-08-07 12:10:00,124,0,1.0,1,0,1,0.5683256991541004
14080,1,48,45.599999999999994,11.4,4,2011-11-07 11:09:00,2011-11-07 11:09:00,32,0,1.0,1,0,0,0.591336659539254
14081,2,592,921.62,6.1441333333333334,126,2010-12-05 15:47:00,2011-02-10 16:17:00,301,67,0.0294117647058823,2,1,1,0.29611511424017345
14082,1,110,182.25,6.2844827586206895,28,2010-12-10 11:02:00,2010-12-10 11:02:00,364,0,1.0,1,0,1,0.5394667903103136
14083,9,705,1002.9,5.6661016949152545,162,2010-12-03 12:24:00,2011-12-05 13:14:00,3,367,0.0244565217391304,6,1,0,0.01715351697208932
14085,18,3177,4421.29,9.868950892857145,272,2010-12-06 12:39:00,2011-12-07 13:46:00,1,366,0.0490463215258855,10,1,0,0.002314264916850308
14087,1,250,191.47,2.8157352941176472,61,2011-12-07 12:41:00,2011-12-07 12:41:00,2,0,1.0,1,0,0,0.46772020189500435
14088,13,12665,50491.81,85.7246349745331,379,2011-01-21 13:07:00,2011-11-29 16:16:00,9,312,0.0415335463258785,6,1,0,0.00023705551797072877
14089,1,133,158.75,12.211538461538462,13,2011-10-14 10:38:00,2011-10-14 10:38:00,56,0,1.0,1,0,0,0.5704862974976228
14090,1,72,76.32000000000001,76.32000000000001,1,2011-01-19 10:51:00,2011-01-19 10:51:00,324,0,1.0,1,0,1,0.599429199118492
14092,14,2066,4076.91,19.050981308411213,117,2010-12-16 15:47:00,2011-12-02 12:13:00,7,350,0.0398860398860398,11,1,0,0.011434499182031679
14093,1,391,433.86,4.3386000000000005,95,2011-11-27 16:27:00,2011-11-27 16:27:00,11,0,1.0,1,0,0,0.3934406949083875
14096,17,16352,65164.79,12.749909998043435,1119,2011-08-30 10:49:00,2011-12-05 17:17:00,3,97,0.173469387755102,5,1,0,9.323570520314014e-07
14098,1,104,147.35,7.016666666666667,21,2011-11-03 10:13:00,2011-11-03 10:13:00,36,0,1.0,1,0,0,0.5544338511853614
14099,11,2179,3104.17,12.41668,167,2010-12-20 11:14:00,2011-11-23 13:53:00,15,338,0.0324483775811209,10,1,0,0.01065569352959666
14100,1,63,191.95,7.678000000000001,24,2011-07-25 11:01:00,2011-07-25 11:01:00,137,0,1.0,1,0,1,0.5486152549153089
14101,6,6942,5976.79,170.76542857142857,15,2011-01-17 13:09:00,2011-09-27 12:28:00,73,252,0.0237154150197628,6,1,0,0.0782006915566319
14102,5,769,1105.88,19.066896551724135,35,2011-10-26 12:46:00,2011-12-04 15:38:00,4,39,0.125,3,1,0,0.4654396088901604
14104,2,72,216.21,10.295714285714284,21,2011-06-27 12:49:00,2011-07-08 12:50:00,154,11,0.1666666666666666,2,1,1,0.6242409609782579
14105,1,800,1266.23,17.111216216216217,74,2011-04-14 17:58:00,2011-04-14 17:58:00,238,0,1.0,1,0,1,0.4216230732500872
14107,7,1793,2703.23,21.977479674796747,61,2010-12-10 13:29:00,2011-10-19 12:12:00,51,312,0.0223642172523961,7,1,0,0.04998224943018835
14108,2,381,597.91,17.585588235294118,33,2011-08-30 11:32:00,2011-11-09 10:41:00,30,70,0.028169014084507,2,1,0,0.4799717127036744
14109,1,88,144.2,16.022222222222222,9,2011-09-28 10:18:00,2011-09-28 10:18:00,72,0,1.0,1,0,0,0.5797817300839349
14110,12,2445,5683.15,36.66548387096774,94,2011-03-18 09:59:00,2011-12-06 12:26:00,3,263,0.0454545454545454,9,1,0,0.031004924975020397
14111,4,458,692.85,69.285,10,2011-04-12 11:36:00,2011-11-25 13:44:00,13,227,0.0175438596491228,4,1,0,0.2136431390510885
14112,7,1651,2915.15,18.2196875,117,2011-03-09 11:28:00,2011-11-17 12:30:00,22,253,0.0275590551181102,5,1,0,0.057352662149537825
14113,4,745,1840.42,54.13,26,2010-12-20 12:14:00,2011-12-06 12:18:00,3,351,0.0113636363636363,4,1,0,0.08325629039225153
14114,2,101,386.53,25.768666666666665,15,2011-01-13 11:05:00,2011-03-11 09:42:00,273,56,0.0350877192982456,2,1,1,0.5505537445217518
14116,5,707,1382.74,19.204722222222223,61,2011-08-10 12:44:00,2011-11-20 10:29:00,19,101,0.0490196078431372,4,1,0,0.2859238630912187
14117,1,72,90.0,30.0,3,2011-07-19 09:49:00,2011-07-19 09:49:00,143,0,1.0,1,0,1,0.5933197825038636
14121,4,2082,2780.15,17.485220125786164,148,2011-10-11 10:39:00,2011-12-06 12:19:00,3,56,0.0701754385964912,3,1,0,0.20935451485377843
14124,1,1618,419.58,83.91600000000001,4,2011-09-16 13:32:00,2011-09-16 13:32:00,83,0,1.0,1,0,0,0.5623239868329016
14125,3,1628,2720.63,16.38933734939759,159,2011-09-22 15:40:00,2011-11-29 12:47:00,10,67,0.0441176470588235,2,1,0,0.20936957478452142
14126,3,508,706.1300000000001,47.07533333333334,14,2011-11-29 12:21:00,2011-12-02 11:45:00,7,2,1.0,2,1,0,0.6669282587071635
14127,3,321,709.71,16.129772727272726,39,2011-02-02 12:26:00,2011-08-09 10:49:00,122,187,0.0159574468085106,3,1,1,0.2466008810606813
14128,2,564,637.5,13.858695652173912,40,2011-03-29 10:49:00,2011-10-10 12:00:00,60,195,0.010204081632653,2,1,0,0.25734972854201227
14129,5,592,1123.86,21.61269230769231,31,2011-03-24 08:44:00,2011-12-08 11:02:00,1,259,0.0192307692307692,4,1,0,0.14290926331426357
14130,1,257,480.91,7.286515151515152,66,2011-01-24 16:05:00,2011-01-24 16:05:00,318,0,1.0,1,0,1,0.4547658894914688
14132,11,3368,3586.0299999999997,17.930149999999998,100,2011-06-09 12:04:00,2011-12-07 13:35:00,1,181,0.0604395604395604,7,1,0,0.06529497869558584
14133,3,348,605.64,21.63,25,2011-01-28 11:27:00,2011-08-02 11:34:00,129,186,0.0160427807486631,2,1,1,0.2895974329073056
14135,15,3850,4690.31,35.00231343283583,95,2010-12-02 10:27:00,2011-12-08 11:38:00,1,371,0.0403225806451612,8,1,0,0.012726148947825
14138,2,600,965.88,20.99739130434783,40,2011-10-07 09:38:00,2011-12-08 12:44:00,1,62,0.0317460317460317,2,1,0,0.4726224361450864
14139,1,510,415.82,15.993076923076924,26,2011-10-24 13:34:00,2011-10-24 13:34:00,45,0,1.0,1,0,0,0.5344551440607778
14140,2,811,935.05,14.16742424242424,60,2011-11-08 11:20:00,2011-12-06 09:05:00,3,27,0.0714285714285714,2,1,0,0.4917698321053602
14141,4,355,915.13,22.87825,27,2011-08-26 14:40:00,2011-12-07 09:53:00,2,102,0.0388349514563106,4,1,0,0.3663289383727771
14142,1,313,311.81,14.17318181818182,22,2010-12-01 16:33:00,2010-12-01 16:33:00,372,0,1.0,1,0,1,0.5473035779235181
14143,1,30,115.8,16.54285714285714,7,2011-07-29 09:48:00,2011-07-29 09:48:00,133,0,1.0,1,0,1,0.5851847588048971
14145,4,756,3742.2,340.2,6,2011-05-06 13:01:00,2011-10-24 12:10:00,46,170,0.023391812865497,3,1,0,0.299226369367455
14146,5,2437,4191.0,19.957142857142856,183,2010-12-17 15:52:00,2011-12-01 10:18:00,8,348,0.0143266475644699,4,1,0,0.018765965472546896
14147,2,108,483.4,96.68,4,2011-02-27 11:42:00,2011-09-22 18:10:00,77,207,0.0096153846153846,2,1,0,0.31197915003766796
14148,1,16,157.2,52.4,3,2011-04-20 12:02:00,2011-04-20 12:02:00,233,0,1.0,1,0,1,0.5946936238124332
14149,1,218,446.62,15.950714285714286,28,2011-05-03 09:44:00,2011-05-03 09:44:00,220,0,1.0,1,0,1,0.535471335170925
14150,2,496,658.64,25.33230769230769,23,2010-12-15 10:04:00,2011-11-04 10:05:00,35,324,0.0061538461538461,2,1,0,0.13672868762694204
14152,2,711,621.29,12.67938775510204,47,2011-04-19 15:46:00,2011-09-25 12:54:00,74,158,0.0125786163522012,2,1,0,0.2970040949421889
14154,2,465,1345.62,25.87730769230769,52,2011-04-14 15:58:00,2011-04-14 16:26:00,238,0,2.0,1,0,1,0.5075528090349635
14155,1,25,118.75,19.791666666666668,6,2011-03-18 14:13:00,2011-03-18 14:13:00,265,0,1.0,1,0,1,0.587417267223364
14156,55,57768,117210.08,84.02156272401434,714,2010-12-03 11:48:00,2011-11-30 10:54:00,9,361,0.1519337016574585,12,1,0,2.3439346701146924e-09
14157,2,271,424.89,9.236739130434785,45,2011-02-27 13:04:00,2011-11-20 11:32:00,19,265,0.0075187969924812,2,1,0,0.1710518804703769
14158,1,781,507.66,12.381951219512196,41,2011-10-30 15:08:00,2011-10-30 15:08:00,39,0,1.0,1,0,0,0.4970538230438106
14159,11,4348,4630.35,3.94072340425532,501,2010-12-12 11:17:00,2011-11-20 12:36:00,19,343,0.0319767441860465,7,1,0,0.0006724908768955604
14161,3,450,1097.62,10.554038461538465,87,2010-12-05 13:18:00,2011-05-08 11:41:00,215,153,0.0194805194805194,3,1,1,0.21463760949455216
14162,2,142,289.36,11.5744,25,2011-02-20 12:32:00,2011-06-19 11:36:00,173,118,0.0168067226890756,2,1,1,0.41738821122701025
14163,4,893,2445.91,47.036730769230765,36,2011-04-14 17:33:00,2011-09-13 15:18:00,86,151,0.0263157894736842,4,1,0,0.25516666198934995
14164,2,1033,1631.77,56.26793103448276,28,2011-09-20 12:18:00,2011-09-30 12:24:00,70,10,0.1818181818181818,1,0,0,0.4433192415802459
14165,1,53,120.44,5.0183333333333335,23,2011-03-09 12:39:00,2011-03-09 12:39:00,275,0,1.0,1,0,1,0.5514020566827752
14167,4,147,562.59,11.2518,27,2011-01-12 15:44:00,2011-10-31 14:29:00,38,291,0.0136986301369863,4,1,0,0.13126047409930042
14171,1,167,363.79,6.272241379310345,57,2011-09-02 16:43:00,2011-09-02 16:43:00,97,0,1.0,1,0,1,0.47619573778069774
14173,4,150,450.84,15.546206896551723,28,2011-05-04 14:03:00,2011-11-29 11:54:00,10,208,0.0191387559808612,3,1,0,0.2312370414877189
14174,1,94,134.46,5.171538461538462,26,2011-11-06 13:17:00,2011-11-06 13:17:00,32,0,1.0,1,0,0,0.5443028425839265
14175,3,1515,3222.3,21.626174496644296,139,2011-01-14 12:22:00,2011-10-11 11:55:00,59,269,0.0111111111111111,3,1,0,0.061436394792300744
14176,4,209,576.9000000000001,18.60967741935484,28,2010-12-07 11:45:00,2011-02-15 13:12:00,296,70,0.056338028169014,3,1,1,0.4483761689004748
14177,4,204,549.46,13.401463414634147,37,2011-06-13 11:10:00,2011-09-14 15:11:00,85,93,0.0425531914893617,2,1,0,0.41140624574877777
14178,7,1494,1600.26,5.032264150943396,191,2011-06-10 12:51:00,2011-12-01 12:01:00,8,173,0.0402298850574712,6,1,0,0.05346497798219434
14179,2,319,701.57,4.46859872611465,135,2011-10-18 14:00:00,2011-10-30 12:07:00,40,11,0.1666666666666666,1,0,0,0.25841743615972645
14180,25,719,4748.52,19.785500000000003,112,2010-12-02 13:08:00,2011-11-29 10:56:00,10,361,0.0690607734806629,12,1,0,0.00647592841483119
14184,1,127,452.89,18.870416666666667,24,2011-10-04 12:43:00,2011-10-04 12:43:00,66,0,1.0,1,0,0,0.5455498572163386
14185,1,6,197.65,65.88333333333334,3,2011-01-12 13:52:00,2011-01-12 13:52:00,330,0,1.0,1,0,1,0.5950905923313597
14188,6,1162,2054.36,31.605538461538465,34,2011-02-02 13:46:00,2011-11-09 12:45:00,30,279,0.0214285714285714,6,1,0,0.09380682325785472
14189,15,3937,4654.08,17.56256603773585,176,2010-12-06 11:42:00,2011-12-07 15:55:00,1,366,0.0408719346049046,12,1,0,0.004629997387839926
14191,13,3662,4684.76,18.08787644787645,145,2011-05-03 10:30:00,2011-12-08 09:23:00,1,218,0.0593607305936073,8,1,0,0.027784596668746112
14193,2,445,853.39,20.318809523809524,35,2011-03-15 11:38:00,2011-10-03 09:34:00,67,201,0.0099009900990099,2,1,0,0.25747790662449166
14194,21,5840,11349.52,19.601934369602763,269,2011-02-04 14:51:00,2011-12-05 10:38:00,4,303,0.069078947368421,10,1,0,0.0020705170243200577
14195,2,760,1012.0,144.57142857142858,7,2011-04-01 16:50:00,2011-05-22 10:29:00,201,50,0.0392156862745098,2,1,1,0.5652305093680468
14196,1,142,335.52,55.919999999999995,6,2011-08-25 10:25:00,2011-08-25 10:25:00,106,0,1.0,1,0,1,0.5849059976136565
14198,4,290,701.4,17.984615384615385,35,2011-04-14 14:54:00,2011-11-21 16:35:00,17,221,0.018018018018018,4,1,0,0.1876198587309905
14199,1,28,185.4,92.7,2,2011-05-05 13:44:00,2011-05-05 13:44:00,217,0,1.0,1,0,1,0.5979494784534418
14201,7,590,747.44,20.20108108108108,32,2010-12-15 13:25:00,2011-10-10 13:27:00,59,299,0.0233333333333333,7,1,0,0.07967808609610572
14204,1,72,150.61,3.861794871794872,36,2011-12-07 13:38:00,2011-12-07 13:38:00,1,0,1.0,1,0,0,0.5236987692606142
14205,2,204,466.7,19.445833333333333,23,2011-03-20 15:07:00,2011-11-23 10:55:00,16,247,0.0080645161290322,2,1,0,0.221164030691734
14206,1,276,328.15999999999997,16.407999999999998,20,2011-04-14 16:38:00,2011-04-14 16:38:00,238,0,1.0,1,0,1,0.5520823188904134
14208,1,114,151.74,15.174,10,2011-09-06 12:48:00,2011-09-06 12:48:00,94,0,1.0,1,0,1,0.5771620871138625
14209,6,691,2073.43,23.83252873563218,55,2011-01-11 12:56:00,2011-11-29 10:18:00,10,321,0.0186335403726708,6,1,0,0.06215896657250437
14210,6,760,1905.84,18.684705882352944,66,2010-12-03 12:43:00,2011-08-26 12:36:00,105,265,0.0225563909774436,6,1,1,0.08308949143697104
14211,9,1242,2241.1,20.009821428571428,87,2011-02-17 15:50:00,2011-10-17 13:23:00,52,241,0.0371900826446281,5,1,0,0.07585102950264996
14212,1,1152,1070.48,118.94222222222224,9,2011-09-11 12:45:00,2011-09-11 12:45:00,89,0,1.0,1,0,0,0.5563077485802315
14214,5,751,1004.38,14.990746268656716,64,2011-03-07 12:26:00,2011-11-09 10:31:00,30,246,0.020242914979757,5,1,0,0.11159631449140026
14215,6,1358,1789.72,16.57148148148148,98,2010-12-06 15:34:00,2011-11-28 12:19:00,11,356,0.0168067226890756,5,1,0,0.036436884343914205
14216,4,594,1839.3,31.17457627118644,47,2011-11-02 10:51:00,2011-12-06 14:56:00,2,34,0.1142857142857142,2,1,0,0.48099791410302856
14217,17,689,2004.98,20.0498,78,2010-12-08 13:28:00,2011-12-08 11:53:00,1,364,0.0465753424657534,12,1,0,0.013524278275525317
14218,1,160,169.48000000000002,14.123333333333337,12,2011-10-28 10:00:00,2011-10-28 10:00:00,42,0,1.0,1,0,0,0.5720243421827282
14219,1,78,89.94,12.848571428571429,7,2011-12-05 16:23:00,2011-12-05 16:23:00,3,0,1.0,1,0,0,0.5843802724696319
14220,2,272,632.4,30.11428571428571,21,2010-12-16 18:18:00,2011-04-06 13:23:00,246,110,0.018018018018018,2,1,1,0.4350839729323822
14221,9,2191,3432.8,17.78652849740933,123,2011-01-04 15:33:00,2011-10-28 13:42:00,41,296,0.0303030303030303,7,1,0,0.02932937850067153
14222,1,607,683.17,16.662682926829266,41,2011-06-15 16:42:00,2011-06-15 16:42:00,176,0,1.0,1,0,1,0.49890882895586874
14223,3,585,991.13,16.518833333333333,50,2011-03-20 16:02:00,2011-09-08 13:38:00,91,171,0.0174418604651162,3,1,1,0.24542415806985188
14224,4,483,1009.73,8.93566371681416,105,2011-01-23 13:58:00,2011-08-21 13:24:00,109,209,0.019047619047619,4,1,1,0.1200826234133511
14226,5,1296,2214.79,33.55742424242424,64,2011-03-15 15:36:00,2011-11-11 11:34:00,28,240,0.0207468879668049,4,1,0,0.11705201801647482
14227,10,1820,3350.96,19.148342857142858,117,2011-02-28 12:27:00,2011-11-13 15:48:00,25,258,0.0386100386100386,5,1,0,0.047184171398323135
14229,3,610,1547.2,38.68,29,2011-01-10 12:03:00,2011-10-19 10:04:00,51,281,0.0106382978723404,3,1,0,0.14669942363976168
14231,3,409,925.71,18.5142,47,2011-02-24 11:55:00,2011-06-09 11:05:00,183,104,0.0285714285714285,3,1,1,0.3551161717123206
14232,5,1941,2048.07,17.80930434782609,81,2011-03-20 12:44:00,2011-10-28 11:09:00,42,221,0.0225225225225225,5,1,0,0.10312299309045411
14233,4,680,1462.72,41.792,30,2011-01-26 12:43:00,2011-10-21 15:54:00,48,268,0.0148698884758364,4,1,0,0.13987229708062363
14234,4,951,754.12,5.130068027210885,122,2011-10-13 13:58:00,2011-11-17 17:53:00,21,35,0.1111111111111111,2,1,0,0.33115610283994706
14235,5,1959,3144.86,39.80835443037975,65,2011-03-24 13:23:00,2011-09-25 14:37:00,74,185,0.0268817204301075,4,1,0,0.1526787829163607
14236,2,310,490.86,32.724000000000004,15,2010-12-02 18:49:00,2011-09-20 09:13:00,80,291,0.0068493150684931,2,1,0,0.18002462907811212
14237,1,38,161.0,17.88888888888889,9,2010-12-01 13:20:00,2010-12-01 13:20:00,372,0,1.0,1,0,1,0.5806275862104657
14238,1,111,146.85,18.35625,8,2011-01-17 14:40:00,2011-01-17 14:40:00,325,0,1.0,1,0,1,0.5814739979481178
14239,11,993,2380.85,21.257589285714285,83,2011-01-27 14:45:00,2011-10-27 14:40:00,42,272,0.0402930402930402,8,1,0,0.04527157729614473
14240,2,418,890.34,21.19857142857143,37,2011-04-28 11:40:00,2011-11-09 13:45:00,29,195,0.010204081632653,2,1,0,0.2627611634222677
14241,1,146,213.7,21.37,10,2011-06-09 11:46:00,2011-06-09 11:46:00,183,0,1.0,1,0,1,0.5762887256227909
14242,2,123,280.55,17.534375,13,2011-01-18 08:53:00,2011-04-19 11:46:00,234,91,0.0217391304347826,2,1,1,0.49134895943995943
14243,10,1221,2588.77,18.360070921985816,99,2010-12-09 08:34:00,2011-12-01 11:12:00,8,357,0.0279329608938547,9,1,0,0.020472158298464275
14245,2,976,1693.45,15.680092592592594,107,2011-03-21 10:41:00,2011-05-04 08:40:00,219,43,0.0454545454545454,2,1,1,0.3575147740098476
14246,3,804,1474.06,19.654133333333338,57,2011-04-08 08:25:00,2011-08-21 11:50:00,110,135,0.0220588235294117,3,1,1,0.2779476976282207
14247,1,47,136.76999999999998,6.838499999999999,19,2011-03-06 15:21:00,2011-03-06 15:21:00,277,0,1.0,1,0,1,0.5597061843511592
14248,1,102,302.58,37.8225,8,2011-01-25 14:45:00,2011-01-25 14:45:00,317,0,1.0,1,0,1,0.5810880543516558
14250,3,1200,1904.05,17.153603603603603,94,2011-09-11 13:44:00,2011-12-02 14:30:00,6,82,0.036144578313253,2,1,0,0.303090405188965
14251,5,1674,2879.7000000000003,36.91923076923077,37,2011-10-13 12:46:00,2011-12-08 08:32:00,1,55,0.0892857142857142,3,1,0,0.39964327837094005
14256,2,414,969.06,18.284150943396227,51,2010-12-10 11:44:00,2011-03-24 13:17:00,259,104,0.019047619047619,2,1,1,0.37903642791010667
14257,5,1682,3099.7200000000003,29.24264150943397,88,2011-01-25 10:49:00,2011-10-06 16:54:00,63,254,0.0196078431372549,5,1,0,0.07747772020720041
14258,9,7100,12669.98,114.14396396396396,58,2011-01-06 12:18:00,2011-11-30 15:27:00,8,328,0.0273556231003039,8,1,0,0.018543106297087282
14259,1,68,120.0,24.0,5,2011-07-21 10:44:00,2011-07-21 10:44:00,141,0,1.0,1,0,1,0.5888289263190747
14261,2,406,1163.45,22.37403846153846,52,2011-09-22 10:47:00,2011-10-20 10:04:00,50,27,0.0714285714285714,2,1,0,0.5143791363346237
14262,8,1645,2618.23,18.3093006993007,87,2011-04-13 12:23:00,2011-12-01 14:17:00,7,232,0.0343347639484978,7,1,0,0.06804736805485649
14264,2,70,333.97,19.64529411764706,15,2011-04-08 12:20:00,2011-07-08 10:20:00,154,90,0.0219780219780219,2,1,1,0.4895831923790475
14265,2,330,530.18,17.10258064516129,31,2011-07-14 09:10:00,2011-08-22 13:32:00,108,39,0.05,2,1,1,0.5425289653426738
14267,3,530,1516.24,27.568,25,2011-03-24 11:38:00,2011-06-30 10:09:00,162,97,0.0306122448979591,2,1,1,0.42595310897007527
14270,1,197,492.65,16.98793103448276,29,2011-01-12 09:33:00,2011-01-12 09:33:00,331,0,1.0,1,0,1,0.5334099511859461
14271,1,88,112.32,11.232,10,2011-04-28 12:47:00,2011-04-28 12:47:00,225,0,1.0,1,0,1,0.577820911927947
14272,2,599,437.96,13.271515151515151,33,2011-03-30 13:57:00,2011-09-27 10:08:00,73,180,0.011049723756906,2,1,0,0.2914606378929743
14273,4,264,559.97,19.309310344827587,22,2011-04-11 13:24:00,2011-10-19 13:20:00,50,190,0.0209424083769633,4,1,0,0.24503896144416307
14276,3,744,1119.74,17.4959375,52,2011-02-23 09:38:00,2011-09-02 09:45:00,98,191,0.015625,3,1,1,0.21399481454128808
14277,3,1976,4188.0,18.864864864864863,195,2011-05-11 13:20:00,2011-11-24 15:01:00,14,197,0.0151515151515151,2,1,0,0.06583407792241323
14280,1,52,134.04,16.755,8,2011-05-27 10:37:00,2011-05-27 10:37:00,196,0,1.0,1,0,1,0.5825979973667702
14282,15,2656,3701.44,24.035324675324677,70,2010-12-07 12:21:00,2011-12-06 17:04:00,2,364,0.0410958904109589,9,1,0,0.016956334063842053
14284,2,161,595.25,18.6015625,24,2011-09-14 13:04:00,2011-11-09 08:11:00,30,55,0.0357142857142857,2,1,0,0.530354034570983
14285,4,541,1910.01,70.74111111111111,18,2011-06-16 12:36:00,2011-11-18 14:50:00,20,155,0.0256410256410256,3,1,0,0.3085180116575979
14286,3,4338,4628.75,16.53125,220,2011-04-11 08:16:00,2011-11-16 10:34:00,23,219,0.0136363636363636,3,1,0,0.03532899107231856
14287,3,261,176.63,19.62555555555555,9,2011-05-25 11:41:00,2011-12-01 13:25:00,7,190,0.0157068062827225,2,1,0,0.31635452462433533
14288,1,188,426.6,26.6625,16,2011-05-10 13:22:00,2011-05-10 13:22:00,212,0,1.0,1,0,1,0.5615286809899445
14289,6,292,911.26,19.388510638297873,33,2011-02-23 12:33:00,2011-12-01 11:44:00,8,280,0.0213523131672597,6,1,0,0.1032253893573384
14290,5,915,2314.65,22.917326732673267,89,2010-12-13 10:24:00,2011-11-28 14:02:00,10,350,0.0142450142450142,4,1,0,0.04735775477927321
14291,11,2749,3883.25,16.385021097046412,145,2011-03-09 15:20:00,2011-12-08 10:26:00,1,273,0.0401459854014598,6,1,0,0.02718645783051598
14292,9,1663,4871.93,48.7193,64,2011-03-02 08:26:00,2011-12-02 11:50:00,7,275,0.0326086956521739,6,1,0,0.05902371466390967
14293,4,709,1046.56,17.15672131147541,51,2010-12-06 10:18:00,2011-12-06 15:17:00,2,365,0.0109289617486338,4,1,0,0.06392941008189507
14295,1,84,166.20000000000002,33.24,5,2011-10-30 15:50:00,2011-10-30 15:50:00,39,0,1.0,1,0,0,0.588522923241781
14297,4,865,1305.33,21.053709677419352,48,2011-03-10 08:31:00,2011-11-22 09:06:00,17,257,0.0155038759689922,3,1,0,0.14102272710812502
14298,44,58343,51527.3,31.476664630421503,884,2010-12-14 12:59:00,2011-12-01 13:12:00,7,352,0.1246458923512747,13,1,0,9.678034179851538e-09
14299,9,2149,3965.62,27.73160839160839,94,2010-12-09 10:30:00,2011-12-01 16:05:00,7,357,0.0251396648044692,7,1,0,0.023835307868128316
14300,1,32,43.2,14.4,3,2011-11-21 08:57:00,2011-11-21 08:57:00,18,0,1.0,1,0,0,0.593795058913183
14301,1,606,640.14,49.24153846153846,13,2011-08-14 15:33:00,2011-08-14 15:33:00,116,0,1.0,1,0,1,0.5590284456004943
14304,1,139,383.45,22.555882352941175,17,2011-05-01 11:50:00,2011-05-01 11:50:00,222,0,1.0,1,0,1,0.5605858611284589
14305,3,1089,1858.96,17.70438095238095,96,2011-07-27 14:14:00,2011-09-29 15:29:00,70,64,0.0461538461538461,3,1,0,0.3100377771312581
14306,2,1075,2093.32,63.4339393939394,33,2011-09-15 10:31:00,2011-10-19 13:23:00,50,34,0.0571428571428571,2,1,0,0.5215544845423292
14307,6,2058,2995.72,16.642888888888887,150,2010-12-01 11:41:00,2011-09-12 09:38:00,88,284,0.0210526315789473,5,1,0,0.03604136467560404
14309,9,1633,2352.53,20.10709401709402,74,2010-12-16 13:05:00,2011-12-01 13:33:00,7,350,0.0256410256410256,7,1,0,0.03235124094267366
14311,1,146,310.26,15.513,20,2011-04-11 10:14:00,2011-04-11 10:14:00,242,0,1.0,1,0,1,0.5546197891349111
14312,6,1012,1611.59,18.524022988505745,74,2011-01-06 16:35:00,2011-10-24 09:46:00,46,290,0.0206185567010309,6,1,0,0.06556107348568044
14314,1,296,120.0,15.0,8,2011-08-25 10:39:00,2011-08-25 10:39:00,106,0,1.0,1,0,1,0.5781815911886236
14315,6,1021,2481.13,24.565643564356435,64,2011-03-18 12:59:00,2011-10-26 12:06:00,44,221,0.027027027027027,5,1,0,0.1178186043249599
14317,1,255,508.58,21.190833333333337,24,2011-10-06 10:44:00,2011-10-06 10:44:00,64,0,1.0,1,0,0,0.5427603092291722
14320,2,325,477.79,15.412580645161292,29,2011-01-11 09:12:00,2011-05-17 09:24:00,206,126,0.0157480314960629,2,1,1,0.39058818344271506
14321,5,2406,1530.75,12.445121951219512,111,2011-01-10 11:35:00,2011-11-29 09:47:00,10,322,0.0154798761609907,5,1,0,0.04066172641830409
14323,2,350,605.0600000000001,16.807222222222222,32,2011-04-15 11:44:00,2011-08-17 11:37:00,114,123,0.0161290322580645,2,1,1,0.3882914244606918
14326,1,103,183.85,22.98125,8,2011-04-11 15:04:00,2011-04-11 15:04:00,241,0,1.0,1,0,1,0.5814895263532835
14327,1,139,311.65,25.97083333333333,12,2011-06-29 13:58:00,2011-06-29 13:58:00,162,0,1.0,1,0,1,0.5716498809757105
14329,7,3087,4975.24,19.28387596899225,218,2011-01-14 13:42:00,2011-11-22 15:50:00,16,312,0.0223642172523961,6,1,0,0.012788576522401552
14331,2,252,462.66,16.523571428571426,27,2011-07-27 15:14:00,2011-08-07 13:17:00,123,10,0.1818181818181818,2,1,1,0.6096890605925743
14332,3,463,840.21,33.6084,22,2011-07-15 10:33:00,2011-11-17 11:54:00,22,125,0.0238095238095238,3,1,0,0.3686072326212295
14333,1,58,415.2,27.68,15,2011-10-03 10:38:00,2011-10-03 10:38:00,67,0,1.0,1,0,0,0.5661349294293374
14334,8,1731,2552.21,15.754382716049385,98,2010-12-16 17:37:00,2011-11-23 10:01:00,16,341,0.023391812865497,8,1,0,0.02674035531414348
14335,2,375,454.86,7.581,55,2011-09-04 13:07:00,2011-11-23 13:41:00,15,80,0.0246913580246913,2,1,0,0.417497142960792
14336,4,1759,1614.91,17.943444444444445,77,2011-03-08 16:48:00,2011-11-23 11:40:00,16,259,0.0153846153846153,3,1,0,0.10499767652969828
14338,2,335,588.22,18.97483870967742,30,2011-05-27 13:30:00,2011-07-01 14:08:00,160,35,0.0555555555555555,2,1,1,0.5514723087123047
14339,1,168,309.52,22.108571428571427,14,2011-04-11 11:06:00,2011-04-11 11:06:00,242,0,1.0,1,0,1,0.5668659090202035
14340,1,58,134.7,22.45,6,2011-05-05 09:44:00,2011-05-05 09:44:00,218,0,1.0,1,0,1,0.5867882244720154
14341,8,1397,2166.98,16.92953125,109,2011-01-25 13:55:00,2011-10-25 15:48:00,44,273,0.0291970802919708,5,1,0,0.0532434040444199
14342,4,347,668.5600000000001,31.836190476190477,18,2011-05-13 13:50:00,2011-11-18 13:21:00,20,188,0.0211640211640211,3,1,0,0.2703379708946367
14344,8,477,889.9300000000001,12.534225352112676,56,2010-12-06 11:58:00,2011-08-04 13:51:00,126,241,0.0330578512396694,5,1,1,0.11024548023654357
14345,1,50,108.98,18.16333333333333,6,2011-11-01 09:51:00,2011-11-01 09:51:00,38,0,1.0,1,0,0,0.5869788511457967
14346,2,605,1021.58,17.026333333333334,55,2011-02-15 13:52:00,2011-08-11 09:47:00,120,176,0.0112994350282485,2,1,1,0.25644686228230573
14348,1,183,409.57,22.753888888888888,18,2011-03-24 16:23:00,2011-03-24 16:23:00,259,0,1.0,1,0,1,0.5574821066047428
14349,1,86,133.5,4.306451612903226,31,2011-11-29 15:39:00,2011-11-29 15:39:00,9,0,1.0,1,0,0,0.5340321208740857
14350,1,183,282.93,15.718333333333334,18,2011-03-10 14:14:00,2011-03-10 14:14:00,273,0,1.0,1,0,1,0.5583175988316869
14351,1,12,51.0,51.0,1,2011-06-28 11:56:00,2011-06-28 11:56:00,164,0,1.0,1,0,1,0.5996639843102781
14352,4,538,1078.96,22.95659574468085,44,2011-03-11 14:58:00,2011-07-05 15:41:00,156,116,0.0341880341880341,3,1,1,0.3275289027558833
14353,1,64,90.6,15.1,6,2011-05-08 16:06:00,2011-05-08 16:06:00,214,0,1.0,1,0,1,0.5867557902122257
14354,2,210,163.62,18.18,9,2011-11-09 15:36:00,2011-12-04 11:32:00,5,24,0.08,2,1,0,0.6203318939544313
14355,1,92,174.4,15.854545454545455,11,2010-12-09 12:16:00,2010-12-09 12:16:00,365,0,1.0,1,0,1,0.5753505157609329
14356,2,277,701.23,21.24939393939394,33,2011-09-19 14:43:00,2011-09-21 09:18:00,79,1,1.0,1,0,0,0.508119189048706
14357,1,147,225.12,5.628,39,2011-10-27 16:23:00,2011-10-27 16:23:00,42,0,1.0,1,0,0,0.5154264423555073
14359,3,371,912.18,16.58509090909091,44,2011-09-13 09:03:00,2011-11-20 13:17:00,18,68,0.0434782608695652,3,1,0,0.4240906890003236
14360,4,1139,2118.03,18.10282051282051,104,2011-09-06 11:58:00,2011-11-08 09:12:00,31,62,0.0634920634920634,3,1,0,0.28696827376548345
14362,1,96,151.5,4.094594594594595,37,2011-11-17 15:08:00,2011-11-17 15:08:00,21,0,1.0,1,0,0,0.5211639514372335
14364,8,1967,3717.35,53.87463768115942,61,2011-05-12 12:56:00,2011-08-23 11:01:00,108,102,0.0776699029126213,4,1,1,0.22540705841137335
14367,16,4426,9227.82,17.711746641074857,270,2011-03-08 14:12:00,2011-12-01 13:19:00,7,267,0.0597014925373134,9,1,0,0.0044367920587045665
14368,1,36,155.0,19.375,8,2011-01-24 09:52:00,2011-01-24 09:52:00,319,0,1.0,1,0,1,0.5828163699246885
14371,1,34,100.5,25.125,4,2011-02-17 16:35:00,2011-02-17 16:35:00,294,0,1.0,1,0,1,0.5916900522380436
14373,1,17,76.55,19.1375,4,2010-12-16 15:40:00,2010-12-16 15:40:00,357,0,1.0,1,0,1,0.5919554547506628
14375,1,184,235.56,3.5690909090909093,57,2011-06-07 13:44:00,2011-06-07 13:44:00,184,0,1.0,1,0,1,0.4769267043700852
14377,2,219,617.05,56.095454545454544,11,2011-03-22 13:38:00,2011-06-01 13:32:00,190,70,0.028169014084507,2,1,1,0.5304910039628603
14379,2,292,348.1,7.567391304347827,39,2011-02-17 15:03:00,2011-10-26 16:43:00,43,251,0.0079365079365079,2,1,0,0.19372533910699982
14381,1,146,202.68,3.619285714285714,56,2011-10-18 17:10:00,2011-10-18 17:10:00,51,0,1.0,1,0,0,0.48002849371400325
14382,1,1231,615.49,4.88484126984127,121,2011-11-13 16:18:00,2011-11-13 16:18:00,25,0,1.0,1,0,0,0.32738908524069305
14383,3,817,1247.69,21.14728813559322,49,2011-06-29 10:18:00,2011-11-01 15:53:00,37,125,0.0238095238095238,3,1,0,0.30837687216522874
14385,3,159,202.11,14.436428571428571,13,2011-11-16 11:55:00,2011-11-30 15:36:00,8,14,0.2,1,0,0,0.48376351882087565
14386,1,54,142.4,20.342857142857145,7,2011-02-16 09:45:00,2011-02-16 09:45:00,296,0,1.0,1,0,1,0.5846733113171807
14387,3,795,1727.6,12.428776978417266,125,2011-08-22 14:13:00,2011-11-07 12:29:00,32,76,0.0389610389610389,3,1,0,0.24890413918536922
14388,8,1941,3212.84,17.273333333333333,124,2010-12-02 11:02:00,2011-11-29 13:32:00,9,362,0.0220385674931129,7,1,0,0.019628386043452108
14389,2,729,1043.46,23.188,33,2011-06-02 12:04:00,2011-10-05 15:17:00,64,125,0.0158730158730158,2,1,0,0.37268463215805486
14390,9,2133,4642.57,16.347077464788732,135,2010-12-02 11:57:00,2011-11-29 13:49:00,9,362,0.024793388429752,6,1,0,0.017555770945509724
14393,1,13,67.95,13.59,5,2011-05-05 18:16:00,2011-05-05 18:16:00,217,0,1.0,1,0,1,0.589846050268439
14395,9,1689,3479.91,9.999741379310343,181,2010-12-02 18:15:00,2011-12-07 14:34:00,1,369,0.0243243243243243,9,1,0,0.00935421833238078
14396,2,225,487.99,6.684794520547945,71,2010-12-03 15:19:00,2011-10-05 16:09:00,64,306,0.006514657980456,2,1,0,0.1099779918647547
14397,19,1890,2612.96,30.034022988505747,18,2011-05-10 12:25:00,2011-12-07 09:22:00,2,210,0.0900473933649289,8,1,0,0.07549066373993783
14400,1,454,574.7,22.988000000000003,25,2011-07-13 15:50:00,2011-07-13 15:50:00,148,0,1.0,1,0,1,0.5364453623126544
14401,13,4507,4051.48,22.26087912087912,113,2010-12-15 09:07:00,2011-12-05 13:30:00,3,355,0.0365168539325842,8,1,0,0.013128008262832735
14403,4,519,1475.81,73.7905,17,2011-04-06 14:23:00,2011-08-01 12:57:00,129,116,0.0341880341880341,4,1,1,0.35661765789215144
14404,6,827,1449.32,14.4932,70,2010-12-05 16:00:00,2011-11-06 12:30:00,33,335,0.0178571428571428,6,1,0,0.05071074551240009
14406,1,77,156.75,19.59375,8,2011-08-12 16:54:00,2011-08-12 16:54:00,118,0,1.0,1,0,1,0.5820607635175182
14407,6,1415,2157.73,29.557945205479452,67,2011-03-08 11:59:00,2011-08-24 14:02:00,106,169,0.0352941176470588,4,1,1,0.16992870770365212
14408,7,1610,2599.03,24.519150943396227,60,2011-03-20 14:41:00,2011-11-29 11:41:00,10,253,0.0275590551181102,6,1,0,0.08322036028522593
14409,6,1230,2059.4500000000003,38.137962962962966,40,2010-12-06 15:03:00,2011-09-29 18:18:00,70,297,0.0201342281879194,5,1,0,0.08627032276752722
14410,9,567,1100.27,5.821534391534391,153,2011-02-07 09:36:00,2011-09-08 15:08:00,91,213,0.0420560747663551,6,1,1,0.054591808122502465
14411,1,196,1063.0,75.92857142857143,14,2011-02-02 10:56:00,2011-02-02 10:56:00,310,0,1.0,1,0,1,0.5619110931882344
14412,2,786,770.03,17.90767441860465,43,2011-09-28 08:48:00,2011-10-28 10:45:00,42,30,0.064516129032258,2,1,0,0.5237080710462159
14413,1,67,121.05,5.502272727272727,22,2010-12-12 13:37:00,2010-12-12 13:37:00,361,0,1.0,1,0,1,0.5532256478851572
14414,7,2512,1496.98,15.43278350515464,79,2010-12-16 11:11:00,2011-09-09 12:09:00,91,267,0.0261194029850746,4,1,1,0.07558567580391315
14415,13,2996,5855.57,10.113246977547496,283,2010-12-14 13:31:00,2011-12-08 14:38:00,0,359,0.0361111111111111,12,1,0,0.002249500145740982
14416,2,326,490.22,35.01571428571429,13,2011-10-28 15:10:00,2011-11-17 15:22:00,21,20,0.0952380952380952,2,1,0,0.6157419961435908
14418,3,1711,1937.25,15.622983870967742,114,2011-08-23 17:18:00,2011-12-06 11:39:00,3,104,0.0285714285714285,3,1,0,0.21545475049562676
14419,6,483,1051.79,5.206881188118811,112,2010-12-10 10:56:00,2011-11-29 11:22:00,10,354,0.0169014084507042,5,1,0,0.03602007332249611
14420,1,334,387.52,13.362758620689654,29,2011-09-01 18:07:00,2011-09-01 18:07:00,98,0,1.0,1,0,1,0.5316437967930808
14421,2,365,813.11,30.115185185185187,25,2011-05-12 10:49:00,2011-10-13 13:24:00,56,154,0.0129032258064516,2,1,0,0.348281793379701
14422,6,2906,4263.64,19.205585585585588,189,2011-03-17 17:26:00,2011-12-09 11:26:00,0,266,0.0224719101123595,6,1,0,0.024495521632870578
14423,1,120,265.2,88.39999999999999,3,2011-05-05 15:12:00,2011-05-05 15:12:00,217,0,1.0,1,0,1,0.5933853236231103
14424,1,48,322.08,322.08,1,2011-11-22 11:48:00,2011-11-22 11:48:00,17,0,1.0,1,0,0,0.6080610008408169
14426,10,2699,4481.67,20.007455357142856,183,2011-01-31 09:51:00,2011-11-16 12:25:00,23,289,0.0344827586206896,5,1,0,0.020054115798061378
14427,2,228,363.34,21.37294117647059,16,2011-10-07 09:10:00,2011-10-20 14:23:00,49,13,0.1428571428571428,1,0,0,0.486118345799671
14428,5,428,1224.06,8.934744525547444,108,2011-01-18 16:39:00,2011-12-02 13:17:00,6,317,0.0157232704402515,5,1,0,0.05018760473914588
14431,1,130,470.36,27.668235294117647,17,2011-02-10 10:40:00,2011-02-10 10:40:00,302,0,1.0,1,0,1,0.5601921199732262
14432,6,2013,2248.5,5.964190981432361,256,2011-09-11 14:09:00,2011-11-30 08:04:00,9,79,0.075,3,1,0,0.07796958755746104
14434,6,368,1372.8,114.4,3,2011-09-28 15:31:00,2011-11-18 08:56:00,21,50,0.1176470588235294,3,1,0,0.509455332252971
14436,1,129,89.06,9.895555555555555,9,2011-09-02 10:13:00,2011-09-02 10:13:00,98,0,1.0,1,0,1,0.5792588672347058
14437,1,60,63.0,12.6,5,2010-12-09 09:27:00,2010-12-09 09:27:00,365,0,1.0,1,0,1,0.5889927801143248
14438,1,82,131.9,14.655555555555557,9,2011-02-06 14:56:00,2011-02-06 14:56:00,305,0,1.0,1,0,1,0.5799424427373951
14439,1,526,2661.24,83.16375,32,2011-01-24 11:39:00,2011-01-24 11:39:00,319,0,1.0,1,0,1,0.5041138997105413
14440,5,588,2357.6800000000003,42.8669090909091,33,2010-12-09 12:49:00,2011-12-01 15:42:00,7,357,0.0139664804469273,5,1,0,0.06601654296266662
14441,4,446,1712.89,33.58607843137255,43,2011-03-29 12:01:00,2011-12-09 09:07:00,0,254,0.0156862745098039,4,1,0,0.13980373552309378
14442,2,482,1589.82,25.235238095238095,58,2011-01-27 09:33:00,2011-05-19 11:36:00,204,112,0.0176991150442477,2,1,1,0.34598748925069517
14443,4,938,1420.2,15.270967741935484,84,2010-12-06 11:03:00,2011-10-17 10:10:00,53,314,0.0126984126984126,4,1,0,0.06768340472060166
14446,4,916,1010.35,3.6474729241877255,233,2011-04-07 12:10:00,2011-12-09 11:34:00,0,245,0.016260162601626,4,1,0,0.03369756498868048
14447,5,571,1163.23,16.617571428571427,54,2011-03-04 10:49:00,2011-11-21 08:28:00,18,261,0.0190839694656488,4,1,0,0.11931721354979964
14448,2,104,375.35,18.7675,20,2010-12-10 17:26:00,2011-11-30 13:50:00,8,354,0.0056338028169014,2,1,0,0.11967290743608111
14449,4,741,885.8,3.5431999999999997,201,2010-12-02 14:09:00,2011-11-21 12:06:00,18,353,0.0112994350282485,4,1,0,0.020818920961417117
14450,3,241,483.25,12.08125,32,2011-01-23 11:53:00,2011-06-12 10:46:00,180,139,0.0214285714285714,3,1,1,0.3323977622890173
14451,2,378,643.9,6.132380952380952,86,2011-05-29 12:35:00,2011-10-10 13:38:00,59,134,0.0148148148148148,2,1,0,0.2706769441755418
14452,2,116,259.05,4.3175,55,2011-09-07 11:32:00,2011-11-29 12:06:00,10,83,0.0238095238095238,2,1,0,0.41852724261934504
14453,1,49,119.93,5.451363636363637,22,2011-06-02 14:15:00,2011-06-02 14:15:00,189,0,1.0,1,0,1,0.5535678964268492
14456,9,2885,3017.28,3.1861457233368533,580,2011-07-20 13:06:00,2011-12-04 13:59:00,4,137,0.0652173913043478,5,1,0,0.0024166031248831843
14457,1,88,113.64,28.41,4,2011-02-02 09:39:00,2011-02-02 09:39:00,310,0,1.0,1,0,1,0.5907329258037336
14459,1,760,1837.92,49.67351351351351,37,2011-07-07 13:35:00,2011-07-07 13:35:00,154,0,1.0,1,0,1,0.4953064613661913
14460,3,881,434.34,27.14625,14,2011-02-02 11:55:00,2011-08-21 14:19:00,109,200,0.0149253731343283,3,1,1,0.2627367727366134
14461,3,766,2103.06,11.683666666666666,173,2011-03-23 12:15:00,2011-07-14 17:11:00,147,113,0.0263157894736842,3,1,1,0.1434488505412971
14462,11,956,1980.57,8.500300429184549,150,2011-01-04 12:45:00,2011-10-04 15:55:00,65,273,0.0401459854014598,9,1,0,0.02427672221229452
14463,3,179,529.62,88.27,6,2011-05-18 14:42:00,2011-09-02 15:20:00,97,107,0.0277777777777777,3,1,1,0.4423954858217861
14465,3,398,1038.44,8.44260162601626,107,2011-02-10 12:13:00,2011-04-07 12:38:00,246,56,0.0526315789473684,2,1,1,0.3406634794616761
14466,7,1006,2272.4,31.561111111111114,35,2010-12-02 13:36:00,2011-11-10 14:07:00,28,343,0.0203488372093023,7,1,0,0.053413089690995175
14467,4,276,596.26,6.699550561797753,67,2011-01-31 12:35:00,2011-11-22 12:48:00,17,295,0.0135135135135135,3,1,0,0.10223387518261977
14470,2,193,461.19,10.725348837209305,43,2011-02-25 11:56:00,2011-11-28 10:31:00,11,275,0.0072463768115942,2,1,0,0.16398596694077855
14472,8,1135,1852.67,6.991207547169812,153,2010-12-19 14:03:00,2011-08-28 11:01:00,103,251,0.0317460317460317,7,1,1,0.03760107552224504
14473,2,88,234.34000000000003,33.47714285714286,7,2011-03-02 13:56:00,2011-09-26 15:10:00,73,208,0.0095693779904306,2,1,0,0.30497389948691256
14474,1,140,547.66,18.884827586206896,29,2011-10-24 13:26:00,2011-10-24 13:26:00,45,0,1.0,1,0,0,0.5340591184660705
14475,3,447,925.85,22.04404761904762,35,2011-02-08 10:12:00,2011-09-29 10:46:00,71,233,0.0128205128205128,3,1,0,0.1927614094272628
14476,1,110,193.0,11.352941176470589,17,2011-03-27 15:39:00,2011-03-27 15:39:00,256,0,1.0,1,0,1,0.5623498474709158
14477,4,720,1309.6,130.95999999999998,7,2011-02-15 15:44:00,2011-11-20 11:11:00,19,277,0.014388489208633,4,1,0,0.1583290201521074
14479,2,117,316.25,17.569444444444443,18,2010-12-09 12:59:00,2011-03-31 09:07:00,253,111,0.0178571428571428,2,1,1,0.4446526085007024
14480,1,143,279.05,21.465384615384615,13,2011-11-28 16:35:00,2011-11-28 16:35:00,10,0,1.0,1,0,0,0.5696243161159483
14481,2,489,636.51,21.217,25,2011-02-25 13:53:00,2011-06-28 10:38:00,164,122,0.016260162601626,2,1,1,0.4014255211799441
14482,6,1627,2022.81,14.765036496350364,110,2011-04-14 16:41:00,2011-11-21 13:14:00,17,220,0.0271493212669683,4,1,0,0.08875792252040662
14483,1,97,137.1,15.233333333333333,9,2011-03-03 10:26:00,2011-03-03 10:26:00,281,0,1.0,1,0,1,0.5796462800484323
14484,1,210,321.92,22.994285714285716,14,2011-10-20 14:11:00,2011-10-20 14:11:00,49,0,1.0,1,0,0,0.5660177407718673
14485,1,70,162.8,3.539130434782609,44,2011-11-01 12:25:00,2011-11-01 12:25:00,38,0,1.0,1,0,0,0.5068993256754286
14487,6,712,1165.48,8.324857142857143,112,2010-12-06 13:22:00,2011-11-13 12:17:00,26,341,0.0175438596491228,4,1,0,0.042229753368241967
14488,1,799,1064.28,23.136521739130433,46,2011-10-03 09:30:00,2011-10-03 09:30:00,67,0,1.0,1,0,0,0.4816586964714064
14489,1,299,463.38,15.446,30,2011-05-16 14:51:00,2011-05-16 14:51:00,206,0,1.0,1,0,1,0.529616904789658
14491,2,139,340.93,20.05470588235294,17,2010-12-02 12:10:00,2011-06-17 15:22:00,174,197,0.0101010101010101,2,1,1,0.30195791667644445
14493,5,1285,2383.24,19.860333333333337,95,2011-07-07 16:59:00,2011-12-02 16:14:00,6,147,0.0337837837837837,4,1,0,0.165998753179066
14494,1,92,139.56,19.937142857142856,7,2011-11-14 09:21:00,2011-11-14 09:21:00,25,0,1.0,1,0,0,0.5839874760438041
14495,2,62,123.8,20.633333333333333,6,2011-08-10 14:13:00,2011-10-20 12:28:00,50,70,0.028169014084507,2,1,0,0.5467412477859002
14496,2,159,538.8100000000001,28.35842105263158,16,2010-12-01 15:35:00,2011-02-01 09:01:00,311,61,0.032258064516129,2,1,1,0.5370509577710246
14497,1,235,475.37,16.392068965517243,29,2011-02-03 17:01:00,2011-02-03 17:01:00,308,0,1.0,1,0,1,0.5328300833601873
14498,5,1098,1957.32,10.141554404145078,162,2010-12-13 11:29:00,2011-10-28 12:09:00,42,319,0.015625,5,1,0,0.029783924472845266
14499,3,496,808.44,4.254947368421053,146,2011-03-06 11:55:00,2011-11-13 13:01:00,25,252,0.0118577075098814,3,1,0,0.07582964453368692
14500,3,117,356.85,50.978571428571435,6,2011-06-03 10:08:00,2011-09-12 16:45:00,87,101,0.0294117647058823,3,1,0,0.4542671543617236
14501,2,161,251.21,25.121,9,2011-01-24 10:43:00,2011-06-09 12:02:00,183,136,0.0145985401459854,2,1,1,0.41882326022446337
14502,11,1480,2429.83,3.996430921052632,368,2011-01-30 15:52:00,2011-11-20 11:50:00,19,293,0.0374149659863945,7,1,0,0.003935878246506342
14503,6,2004,3543.26,21.605243902439025,113,2011-06-14 10:00:00,2011-12-06 13:30:00,2,175,0.034090909090909,4,1,0,0.10806252183462976
14504,4,308,673.26,6.2921495327102805,85,2011-03-06 14:38:00,2011-10-23 16:00:00,46,231,0.0172413793103448,3,1,0,0.1340007640142345
14505,8,2739,5859.43,7.464242038216561,540,2010-12-12 16:14:00,2011-11-22 15:45:00,16,344,0.0231884057971014,6,1,0,0.0006574851823886574
14506,5,704,1960.65,6.6462711864406785,204,2010-12-05 14:25:00,2011-11-22 13:02:00,16,351,0.0142045454545454,5,1,0,0.01734206167454659
14507,6,594,1367.88,14.398736842105263,79,2011-03-08 17:23:00,2011-11-16 12:21:00,23,252,0.0237154150197628,5,1,0,0.09178475026169755
14508,2,129,268.05,4.873636363636364,52,2011-09-11 11:29:00,2011-11-17 19:48:00,21,67,0.0294117647058823,2,1,0,0.45302581068501613
14511,5,784,1314.81,19.33544117647059,53,2011-07-29 12:13:00,2011-11-28 17:05:00,10,122,0.040650406504065,4,1,0,0.2680170776910504
14512,2,122,275.28,11.968695652173912,19,2011-04-21 19:05:00,2011-06-05 12:39:00,187,44,0.0444444444444444,2,1,1,0.5641029186538772
14513,3,361,455.59,37.965833333333336,11,2011-02-24 09:36:00,2011-08-31 11:25:00,100,188,0.0158730158730158,3,1,1,0.2932333237701121
14514,3,564,990.2,14.35072463768116,65,2011-01-12 15:22:00,2011-10-09 16:05:00,60,270,0.011070110701107,3,1,0,0.12315579509210395
14515,6,1110,2076.89,21.192755102040817,68,2011-05-05 12:13:00,2011-11-22 11:37:00,17,200,0.0298507462686567,4,1,0,0.14248845298117876
14517,2,91,330.45,18.358333333333334,17,2011-07-21 11:42:00,2011-11-06 14:20:00,32,108,0.018348623853211,2,1,0,0.4524874991279882
14518,1,278,174.37,10.898125,16,2011-10-06 14:43:00,2011-10-06 14:43:00,63,0,1.0,1,0,0,0.5614484682524374
14520,2,146,270.6,67.65,3,2011-02-22 09:15:00,2011-12-08 09:46:00,1,289,0.0068965517241379,2,1,0,0.2018373063360675
14522,4,525,974.54,57.32588235294117,15,2011-05-25 16:01:00,2011-11-15 13:24:00,23,173,0.0229885057471264,3,1,0,0.2933191473606804
14523,1,251,241.09,20.090833333333332,12,2011-08-23 13:13:00,2011-08-23 13:13:00,107,0,1.0,1,0,1,0.5699655350850438
14524,9,669,1843.83,9.359543147208122,161,2010-12-14 11:01:00,2011-11-08 12:29:00,31,329,0.0272727272727272,6,1,0,0.02204130043910125
14525,9,2637,4215.9,14.95,217,2010-12-13 17:40:00,2011-11-20 11:37:00,19,341,0.0263157894736842,8,1,0,0.00844159248288507
14527,55,2088,8507.13,8.761204943357363,330,2010-12-05 13:17:00,2011-12-07 12:19:00,2,366,0.1498637602179836,13,1,0,0.0001757393706045662
14528,1,278,364.22,20.23444444444444,18,2011-11-02 17:09:00,2011-11-02 17:09:00,36,0,1.0,1,0,0,0.556019459077242
14529,3,325,578.61,2.7164788732394367,177,2011-08-21 14:10:00,2011-10-10 15:27:00,59,50,0.0588235294117647,3,1,0,0.2188225450896285
14530,6,1395,2862.11,13.437136150234744,140,2011-02-16 10:47:00,2011-11-14 10:38:00,25,270,0.022140221402214,6,1,0,0.04149550345911785
14532,4,284,932.85,14.57578125,45,2010-12-22 13:48:00,2011-04-17 13:05:00,235,115,0.0344827586206896,4,1,1,0.312182304350004
14533,7,4019,1949.72,31.44709677419355,53,2010-12-22 11:07:00,2011-11-15 12:05:00,24,328,0.0212765957446808,5,1,0,0.04988654822463825
14534,18,2027,4397.3,8.656102362204726,331,2011-01-25 12:33:00,2011-12-07 12:19:00,2,315,0.0569620253164556,12,1,0,0.0018547784741039888
14535,3,1824,2854.84,8.70378048780488,280,2011-04-05 12:50:00,2011-10-10 15:39:00,59,188,0.0158730158730158,3,1,0,0.03447282818947295
14536,1,39,170.95,9.497222222222222,18,2011-03-25 12:21:00,2011-03-25 12:21:00,259,0,1.0,1,0,1,0.5617222998233525
14537,1,120,355.56,35.556,10,2011-10-13 10:54:00,2011-10-13 10:54:00,57,0,1.0,1,0,0,0.5761102883251452
14538,2,155,388.25,20.43421052631579,19,2011-03-28 14:57:00,2011-10-06 10:31:00,64,191,0.0104166666666666,2,1,0,0.30698862944961314
14539,2,428,537.48,16.79625,31,2011-10-26 12:03:00,2011-11-24 09:50:00,15,28,0.0689655172413793,2,1,0,0.5611278131707087
14540,3,411,952.66,13.41774647887324,64,2011-02-03 15:02:00,2011-11-30 10:15:00,9,299,0.01,3,1,0,0.10421502900740677
14541,8,641,1453.35,13.84142857142857,71,2011-01-24 14:16:00,2011-10-12 10:08:00,58,260,0.0306513409961685,6,1,0,0.07753479646475682
14542,1,19,103.25,20.65,5,2011-06-07 08:19:00,2011-06-07 08:19:00,185,0,1.0,1,0,1,0.5897256284742238
14543,16,675,3599.73,50.70042253521127,43,2010-12-10 11:51:00,2011-11-11 12:45:00,28,336,0.0474777448071216,10,1,0,0.0262398987022592
14544,2,1536,2004.3,18.056756756756755,97,2010-12-13 12:50:00,2011-11-15 15:06:00,23,337,0.0059171597633136,2,1,0,0.06391611544565168
14546,5,1313,2573.93,6.48345088161209,250,2011-04-05 12:37:00,2011-12-04 13:00:00,4,243,0.0204918032786885,5,1,0,0.023899807943596585
14547,8,2639,3974.75,11.196478873239435,198,2011-10-16 14:35:00,2011-12-06 11:06:00,3,50,0.1568627450980392,3,1,0,0.12288074194263243
14548,2,256,652.8,163.2,2,2011-01-26 08:38:00,2011-07-12 12:19:00,150,167,0.0119047619047619,2,1,1,0.37972182549642813
14549,1,136,289.24,5.165,56,2011-02-01 13:47:00,2011-02-01 13:47:00,310,0,1.0,1,0,1,0.47949485018535215
14550,2,389,757.37,16.114255319148935,38,2011-10-26 12:14:00,2011-11-29 12:12:00,10,33,0.0588235294117647,2,1,0,0.5359389957245396
14551,2,106,186.23,18.623,9,2011-05-19 18:21:00,2011-11-21 13:36:00,17,185,0.010752688172043,2,1,0,0.3370438759821474
14552,1,90,164.22,2.8810526315789473,57,2011-07-11 12:49:00,2011-07-11 12:49:00,151,0,1.0,1,0,1,0.47930950293528896
14553,5,493,859.27,7.604159292035398,103,2011-01-04 15:40:00,2011-11-20 13:20:00,18,319,0.015625,3,1,0,0.061797919088051115
14554,4,1443,2279.49,11.229014778325125,147,2011-10-18 13:04:00,2011-11-29 16:44:00,9,42,0.0930232558139534,2,1,0,0.25777479828644184
14555,2,122,312.54,16.449473684210528,18,2011-02-10 17:19:00,2011-10-13 16:24:00,56,244,0.0081632653061224,2,1,0,0.23430795554502673
14557,1,510,788.38,49.27375,16,2011-09-15 15:48:00,2011-09-15 15:48:00,84,0,1.0,1,0,0,0.5532801700102189
14560,22,1260,2237.77,30.240135135135137,39,2010-12-17 09:22:00,2011-12-02 15:22:00,6,350,0.0626780626780626,12,1,0,0.015549084301242279
14561,3,1014,1080.76,15.6631884057971,67,2011-06-08 13:26:00,2011-09-25 12:39:00,75,108,0.0275229357798165,2,1,0,0.3203435001047296
14562,18,1815,5006.77,11.949331742243436,187,2011-02-08 14:45:00,2011-12-06 11:05:00,3,300,0.0598006644518272,9,1,0,0.008982821737306022
14565,4,1540,3099.12,24.40251968503937,111,2010-12-13 13:25:00,2011-09-05 09:07:00,95,265,0.0150375939849624,4,1,1,0.06916027370514788
14566,1,800,1432.0,358.0,4,2011-08-21 11:05:00,2011-08-21 11:05:00,110,0,1.0,1,0,1,0.5801375469325142
14567,2,412,1530.36,46.374545454545455,33,2011-08-01 13:48:00,2011-10-14 10:21:00,56,73,0.027027027027027,2,1,0,0.46671538317635636
14569,1,79,227.39,18.949166666666667,10,2011-12-08 14:58:00,2011-12-08 14:58:00,0,0,1.0,1,0,0,0.5772918547510169
14570,2,95,218.06,7.519310344827586,29,2011-03-04 10:39:00,2011-03-04 10:58:00,280,0,2.0,1,0,1,0.571594087440034
14572,7,1420,2804.54,10.704351145038167,190,2011-01-19 17:23:00,2011-12-06 14:40:00,2,320,0.0218068535825545,6,1,0,0.018580505718162204
14573,9,534,1639.82,7.223876651982379,127,2010-12-02 19:59:00,2011-06-13 11:15:00,179,192,0.0466321243523316,5,1,1,0.08268146383187175
14576,1,12,35.400000000000006,35.400000000000006,1,2010-12-02 17:51:00,2010-12-02 17:51:00,371,0,1.0,1,0,1,0.5991415232553817
14577,4,353,859.71,6.989512195121952,86,2010-12-12 11:26:00,2011-11-27 12:47:00,12,350,0.0113960113960113,4,1,0,0.055380115638410325
14578,1,240,168.63,7.02625,24,2011-12-06 17:18:00,2011-12-06 17:18:00,2,0,1.0,1,0,0,0.5455016347343565
14581,1,217,138.6,8.152941176470588,16,2011-11-23 12:39:00,2011-11-23 12:39:00,16,0,1.0,1,0,0,0.5627796022101675
14582,1,73,114.11,19.018333333333334,6,2011-10-30 11:56:00,2011-10-30 11:56:00,40,0,1.0,1,0,0,0.5865507614359771
14583,5,751,986.96,3.2680794701986757,243,2011-05-18 11:28:00,2011-12-04 12:32:00,5,200,0.0248756218905472,4,1,0,0.04116893551953347
14584,4,381,1033.06,10.54142857142857,68,2011-05-25 17:31:00,2011-06-23 18:33:00,168,29,0.1333333333333333,2,1,1,0.4575404495508025
14585,1,91,157.05,5.415517241379311,29,2011-10-20 14:33:00,2011-10-20 14:33:00,49,0,1.0,1,0,0,0.5379338039653716
14586,1,444,237.36,12.49263157894737,19,2011-03-08 10:04:00,2011-03-08 10:04:00,276,0,1.0,1,0,1,0.5516780657581182
14587,9,749,1580.29,4.259541778975741,170,2011-01-12 13:16:00,2011-11-21 11:34:00,18,312,0.0287539936102236,7,1,0,0.021153016139327702
14589,1,5,39.75,13.25,3,2010-12-03 11:42:00,2010-12-03 11:42:00,371,0,1.0,1,0,1,0.5942660094037292
14591,4,1228,1320.21,7.501193181818182,138,2011-05-10 14:09:00,2011-11-24 13:57:00,14,197,0.0202020202020202,2,1,0,0.11268118070424508
14592,3,407,557.94,3.5312658227848104,132,2011-10-06 18:08:00,2011-11-04 16:35:00,34,28,0.1034482758620689,2,1,0,0.3448055214473244
14593,3,330,617.15,4.087086092715231,127,2011-05-25 11:14:00,2011-11-18 12:48:00,21,177,0.0168539325842696,2,1,0,0.15609438528364183
14594,2,183,363.33,6.987115384615384,48,2010-12-01 13:54:00,2011-12-02 13:28:00,6,365,0.0054644808743169,2,1,0,0.08974897136274831
14595,6,978,1740.6,17.06470588235294,94,2011-01-30 13:36:00,2011-11-20 12:12:00,19,293,0.0204081632653061,4,1,0,0.06516006449811783
14597,2,566,866.24,18.430638297872346,45,2011-06-01 12:33:00,2011-11-28 13:13:00,10,180,0.011049723756906,2,1,0,0.2687588247308382
14598,1,189,221.97,4.4394,49,2011-10-26 13:19:00,2011-10-26 13:19:00,43,0,1.0,1,0,0,0.49370792627019405
14600,1,125,393.33,15.733200000000002,25,2011-02-07 09:48:00,2011-02-07 09:48:00,305,0,1.0,1,0,1,0.543915354780149
14601,1,168,213.96,30.56571428571429,7,2011-11-29 09:48:00,2011-11-29 09:48:00,10,0,1.0,1,0,0,0.5823931519660466
14603,1,400,660.0,330.0,2,2011-03-10 10:27:00,2011-03-10 10:27:00,274,0,1.0,1,0,1,0.5971009329474506
14606,93,6187,12076.15,4.511075831154277,819,2010-12-01 16:57:00,2011-12-08 19:28:00,0,372,0.2493297587131367,13,1,0,3.0071773334690694e-07
14607,14,11526,16209.5,200.1172839506173,38,2011-03-23 15:22:00,2011-11-24 10:35:00,15,245,0.056910569105691,3,1,0,0.03164335538854104
14608,4,437,1785.15,89.25750000000001,8,2010-12-12 14:49:00,2011-12-05 16:52:00,3,358,0.011142061281337,4,1,0,0.09384709281981572
14609,4,7026,601.56,150.39,2,2011-02-16 12:10:00,2011-09-28 12:54:00,71,224,0.0177777777777777,4,1,0,0.15570666770676017
14616,3,104,406.08,135.36,2,2011-01-26 12:42:00,2011-04-11 09:54:00,242,74,0.04,3,1,1,0.5152009137960619
14618,3,264,553.44,34.59,10,2011-01-06 11:59:00,2011-11-30 13:45:00,8,328,0.0091185410334346,2,1,0,0.14341660479539292
14619,1,152,394.44,19.722,20,2011-04-08 07:37:00,2011-04-08 07:37:00,245,0,1.0,1,0,1,0.5539317629330233
14620,2,214,412.78,15.876153846153848,26,2011-03-01 08:30:00,2011-05-18 11:58:00,205,78,0.0253164556962025,2,1,1,0.484793630766418
14621,5,993,1788.36,19.438695652173916,80,2010-12-16 13:00:00,2011-12-08 16:22:00,0,357,0.0139664804469273,5,1,0,0.04493989138979334
14622,1,146,320.58000000000004,15.265714285714289,21,2011-06-08 12:42:00,2011-06-08 12:42:00,184,0,1.0,1,0,1,0.5524487457456346
14623,5,418,886.7,6.666917293233083,108,2011-04-18 13:54:00,2011-11-07 13:56:00,31,203,0.0245098039215686,5,1,0,0.10874058855556376
14624,2,162,225.85,17.373076923076923,13,2011-10-11 14:39:00,2011-10-13 13:44:00,56,1,1.0,1,0,0,0.5560367870088639
14625,2,335,899.63,16.974150943396225,51,2010-12-13 15:36:00,2011-05-27 15:32:00,195,164,0.0121212121212121,2,1,1,0.2850414883855972
14626,4,1403,2791.27,22.87926229508197,108,2011-04-20 13:18:00,2011-11-16 10:37:00,23,209,0.019047619047619,4,1,0,0.10447100571856552
14628,2,272,671.96,27.998333333333335,22,2011-04-11 14:43:00,2011-09-09 14:58:00,90,151,0.0131578947368421,2,1,1,0.3616887952265007
14629,2,378,955.26,6.3684,133,2011-10-23 16:13:00,2011-12-05 16:55:00,3,43,0.0454545454545454,2,1,0,0.32445488425692853
14631,3,622,1006.98,24.56048780487805,38,2011-02-14 09:31:00,2011-10-20 11:17:00,50,248,0.0120481927710843,3,1,0,0.1706111895953787
14632,1,96,114.56,14.32,8,2011-03-22 08:49:00,2011-03-22 08:49:00,262,0,1.0,1,0,1,0.581862450977168
14633,1,96,344.90000000000003,17.245,20,2011-03-18 17:07:00,2011-03-18 17:07:00,265,0,1.0,1,0,1,0.5553107013092881
14636,2,241,609.85,21.780357142857145,27,2011-03-16 09:52:00,2011-11-03 16:12:00,35,232,0.0085836909871244,2,1,0,0.23296755676595024
14638,1,166,443.6,27.725,16,2011-10-20 10:10:00,2011-10-20 10:10:00,50,0,1.0,1,0,0,0.5618289234968261
14639,6,1431,2984.49,17.351686046511627,138,2010-12-13 13:50:00,2011-10-18 15:06:00,51,309,0.0193548387096774,4,1,0,0.038175781217109225
14640,6,880,2107.38,20.070285714285717,87,2011-04-26 12:31:00,2011-11-15 13:07:00,23,203,0.0294117647058823,6,1,0,0.10486773243647976
14641,1,90,110.46,15.78,7,2011-11-18 10:42:00,2011-11-18 10:42:00,21,0,1.0,1,0,0,0.5841044635499367
14642,1,76,96.12,48.06,2,2011-10-12 11:08:00,2011-10-12 11:08:00,58,0,1.0,1,0,0,0.5959757830021558
14643,2,815,693.8100000000001,22.38096774193549,30,2010-12-16 17:53:00,2011-06-22 14:41:00,169,187,0.0106382978723404,2,1,1,0.28135196712857596
14644,2,258,830.76,31.95230769230769,26,2011-02-14 14:14:00,2011-10-03 08:30:00,67,230,0.0086580086580086,2,1,0,0.23570407789839962
14645,2,381,597.09,19.903,28,2011-03-09 09:52:00,2011-07-06 09:15:00,156,118,0.0168067226890756,2,1,1,0.4045999772521286
14646,73,196915,280206.02,134.97399807321773,700,2010-12-20 10:09:00,2011-12-08 12:12:00,1,353,0.2062146892655367,13,1,0,8.181841531016054e-17
14647,1,91,236.04,8.430000000000001,24,2011-05-22 13:40:00,2011-05-22 13:40:00,200,0,1.0,1,0,1,0.5477279434940215
14649,4,1004,1402.59,7.5408064516129025,148,2011-05-11 14:37:00,2011-12-05 12:30:00,4,207,0.0192307692307692,3,1,0,0.09127254205680423
14651,2,343,653.75,6.4727722772277225,95,2011-05-12 16:29:00,2011-10-03 15:52:00,66,143,0.0138888888888888,2,1,0,0.24429995425291126
14652,1,53,114.18,3.937241379310345,29,2011-09-23 14:21:00,2011-09-23 14:21:00,76,0,1.0,1,0,0,0.5389680725254027
14653,7,945,1926.65,8.233547008547008,154,2011-01-05 13:40:00,2011-12-08 13:45:00,0,337,0.0207100591715976,4,1,0,0.028292041861481106
14655,4,1089,1932.23,39.43326530612245,35,2011-05-01 14:59:00,2011-12-01 16:28:00,7,214,0.0186046511627906,4,1,0,0.1800262856221019
14656,2,120,291.05,3.638125,73,2011-03-01 13:19:00,2011-06-23 13:51:00,168,114,0.017391304347826,2,1,1,0.3305203353670971
14657,4,466,848.22,6.7319047619047625,103,2011-01-17 15:19:00,2011-11-22 12:47:00,17,308,0.0129449838187702,4,1,0,0.06395070840680034
14658,2,47,247.15,8.522413793103448,27,2011-08-14 15:42:00,2011-12-04 15:35:00,4,111,0.0178571428571428,2,1,0,0.42766418504686177
14659,9,1195,2529.93,9.999723320158102,147,2011-01-28 12:43:00,2011-12-01 12:17:00,8,306,0.0293159609120521,9,1,0,0.020819315122886338
14660,2,228,285.74,9.524666666666668,24,2011-08-31 10:40:00,2011-09-14 11:34:00,86,14,0.1333333333333333,2,1,0,0.6083162593902764
14661,1,35,107.95,26.9875,4,2011-11-13 11:51:00,2011-11-13 11:51:00,26,0,1.0,1,0,0,0.591685348011613
14662,4,578,741.37,4.722101910828026,143,2011-01-27 17:41:00,2011-11-11 12:13:00,28,287,0.0138888888888888,4,1,0,0.05359020441773821
14664,2,465,636.24,6.492244897959184,78,2011-11-06 14:56:00,2011-11-20 10:59:00,19,13,0.1428571428571428,1,0,0,0.3533069649898169
14665,5,740,1835.7,20.39666666666667,63,2011-02-02 09:08:00,2011-10-10 09:14:00,60,250,0.0199203187250996,3,1,0,0.1257732925418096
14666,1,161,195.25,13.946428571428571,14,2011-11-15 12:57:00,2011-11-15 12:57:00,23,0,1.0,1,0,0,0.5676669891067748
14667,25,5319,9175.04,16.18172839506173,354,2010-12-06 13:13:00,2011-11-29 11:30:00,10,357,0.0698324022346368,11,1,0,0.0005846075831986496
14669,3,770,1259.24,7.58578313253012,158,2011-01-11 12:30:00,2011-04-12 11:43:00,241,90,0.0329670329670329,2,1,1,0.20228503792615987
14670,2,326,392.86,3.1939837398373987,107,2011-03-04 13:58:00,2011-03-04 14:13:00,279,0,2.0,1,0,1,0.4040605249054691
14672,2,454,765.55,12.55,58,2011-01-07 15:48:00,2011-04-19 10:19:00,234,101,0.0196078431372549,2,1,1,0.3712113352327539
14673,5,1004,1736.4,23.464864864864865,39,2010-12-07 12:49:00,2011-12-06 14:31:00,2,364,0.0136986301369863,3,1,0,0.07060319142545808
14675,1,336,596.36,6.148041237113402,93,2011-11-23 12:58:00,2011-11-23 12:58:00,15,0,1.0,1,0,0,0.3970848043215388
14676,6,2500,2548.24,60.672380952380955,29,2011-03-01 14:26:00,2011-11-08 13:29:00,30,251,0.0238095238095238,5,1,0,0.11457868094525712
14680,16,13476,28754.11,111.45003875968992,73,2010-12-03 12:05:00,2011-11-14 16:59:00,24,346,0.0461095100864553,11,1,0,0.0027324313576969433
14681,3,76,498.95,71.27857142857142,6,2011-05-12 10:45:00,2011-09-29 15:52:00,70,140,0.0212765957446808,2,1,0,0.4079440565053285
14682,2,80,52.0,26.0,1,2011-05-22 12:51:00,2011-06-05 12:12:00,187,13,0.1428571428571428,2,1,1,0.660196910504923
14684,5,821,1201.51,3.080794871794872,231,2010-12-12 12:44:00,2011-11-14 11:33:00,25,336,0.0148367952522255,5,1,0,0.015730243746262466
14687,1,470,628.38,41.892,15,2011-08-25 11:59:00,2011-08-25 11:59:00,106,0,1.0,1,0,1,0.5572104991170698
14688,21,3584,5579.1,17.219444444444445,148,2010-12-01 09:37:00,2011-12-02 12:26:00,7,366,0.0572207084468664,12,1,0,0.0043750181395383215
14689,1,76,112.8,8.676923076923076,13,2011-05-15 11:22:00,2011-05-15 11:22:00,208,0,1.0,1,0,1,0.5717943353801427
14690,2,167,355.05,7.396875,40,2011-07-11 11:58:00,2011-10-26 15:39:00,43,107,0.0185185185185185,2,1,0,0.4050902197806044
14691,5,707,2114.33,29.779295774647885,50,2011-05-11 09:55:00,2011-11-09 12:30:00,30,182,0.0273224043715847,3,1,0,0.2068258866536648
14692,4,265,591.55,8.699264705882353,53,2011-01-21 13:47:00,2011-07-25 15:08:00,136,185,0.021505376344086,4,1,1,0.2056314561584322
14693,1,34,172.9,21.6125,8,2011-03-20 12:50:00,2011-03-20 12:50:00,264,0,1.0,1,0,1,0.5827896980801807
14696,7,1630,2078.95,15.991923076923076,117,2010-12-01 15:37:00,2011-12-05 13:43:00,3,368,0.018970189701897,7,1,0,0.022228626048135375
14697,2,181,188.61,8.573181818181817,22,2011-05-05 15:29:00,2011-05-05 15:39:00,217,0,2.0,1,0,1,0.5846050011946793
14698,5,602,1217.27,6.0863499999999995,148,2011-10-19 12:54:00,2011-12-08 12:26:00,1,49,0.1,3,1,0,0.23971334448369105
14699,1,77,109.13,13.64125,8,2011-05-09 14:54:00,2011-05-09 14:54:00,213,0,1.0,1,0,1,0.5822290251982767
14700,3,1314,2195.1,19.599107142857143,80,2011-04-15 13:16:00,2011-11-07 14:40:00,31,206,0.0144927536231884,3,1,0,0.15117686452386317
14701,9,921,2526.09,7.725045871559633,268,2011-01-27 12:40:00,2011-11-29 12:38:00,10,305,0.0294117647058823,6,1,0,0.010372905953164683
14702,17,1439,3251.79,9.508157894736842,196,2010-12-09 19:23:00,2011-12-08 19:29:00,0,364,0.0465753424657534,11,1,0,0.005026421714596112
14703,1,183,318.17,14.462272727272728,22,2011-11-25 09:23:00,2011-11-25 09:23:00,14,0,1.0,1,0,0,0.54967829427876
14704,9,1043,1493.96,3.801424936386769,288,2011-06-12 13:59:00,2011-11-28 12:51:00,10,168,0.0532544378698224,5,1,0,0.026281253270343287
14705,1,100,179.0,179.0,1,2011-05-25 12:39:00,2011-05-25 12:39:00,198,0,1.0,1,0,1,0.602359094938897
14708,3,621,1126.37,40.2275,25,2010-12-06 12:23:00,2011-12-07 08:21:00,2,365,0.0081967213114754,3,1,0,0.08956405817642817
14709,13,2484,4921.04,25.10734693877551,71,2010-12-16 13:43:00,2011-11-24 15:41:00,14,343,0.0377906976744186,9,1,0,0.02076919267889386
14710,4,375,599.48,4.4079411764705885,124,2011-10-11 13:49:00,2011-11-25 14:53:00,13,45,0.0869565217391304,2,1,0,0.3213602238189967
14711,11,966,2839.62,8.230782608695652,221,2011-03-22 13:32:00,2011-11-29 14:58:00,9,252,0.0434782608695652,7,1,0,0.01829338081396825
14712,3,315,917.07,36.6828,21,2011-08-19 13:33:00,2011-11-10 12:59:00,28,82,0.036144578313253,3,1,0,0.44808021735760134
14713,11,1613,2662.2,7.876331360946745,146,2010-12-09 18:58:00,2011-11-30 16:26:00,8,355,0.0308988764044943,8,1,0,0.014265629360573524
14714,1,229,160.19,16.019,10,2011-11-15 13:07:00,2011-11-15 13:07:00,23,0,1.0,1,0,0,0.5750122896271602
14715,4,521,867.38,12.21661971830986,60,2011-01-12 13:27:00,2011-11-15 12:10:00,24,306,0.013029315960912,4,1,0,0.09002679667408864
14716,2,495,307.51,6.029607843137255,46,2011-07-14 12:42:00,2011-10-27 17:29:00,42,105,0.0188679245283018,2,1,0,0.39099130241214797
14719,5,1025,1581.84,6.731234042553191,177,2011-04-04 14:17:00,2011-12-08 12:43:00,1,247,0.0201612903225806,5,1,0,0.04435812009187574
14720,3,219,663.81,17.94081081081081,34,2011-08-05 12:06:00,2011-12-04 12:02:00,5,120,0.024793388429752,3,1,0,0.3588665808134481
14722,1,118,180.42,6.443571428571429,28,2011-07-15 14:58:00,2011-07-15 14:58:00,146,0,1.0,1,0,1,0.5393409719815119
14723,6,673,1122.36,4.333436293436294,193,2010-12-03 14:18:00,2011-11-29 15:23:00,9,361,0.0165745856353591,3,1,0,0.02089216239132833
14725,1,588,655.58,13.948510638297874,45,2011-11-15 12:42:00,2011-11-15 12:42:00,24,0,1.0,1,0,0,0.4910348785872599
14727,1,62,268.58,26.857999999999997,10,2011-03-10 14:45:00,2011-03-10 14:45:00,273,0,1.0,1,0,1,0.5775761554594219
14729,1,197,313.49,4.415352112676056,69,2010-12-01 12:43:00,2010-12-01 12:43:00,373,0,1.0,1,0,1,0.45105562835081764
14730,8,1078,1897.57,4.107294372294372,317,2011-03-08 12:49:00,2011-12-08 14:39:00,0,275,0.0289855072463768,6,1,0,0.009073436478258971
14731,3,256,380.02,8.444888888888888,38,2011-05-11 13:06:00,2011-10-23 15:54:00,46,165,0.0180722891566265,2,1,0,0.3012508054549779
14732,8,1405,2702.49,18.384285714285717,105,2011-01-04 14:40:00,2011-12-01 14:34:00,7,330,0.0241691842900302,8,1,0,0.027813053997873895
14733,12,3764,9585.91,47.455,102,2010-12-07 11:30:00,2011-11-23 15:39:00,15,351,0.034090909090909,9,1,0,0.012299074356030082
14735,32,2264,6065.69,31.26644329896907,99,2010-12-16 16:05:00,2011-12-06 12:09:00,3,354,0.0901408450704225,12,1,0,0.004647139789955635
14737,3,345,1164.55,68.50294117647059,15,2010-12-21 13:49:00,2011-12-06 10:16:00,3,349,0.0085714285714285,3,1,0,0.10953601103398371
14738,7,601,1314.45,24.34166666666667,39,2011-01-27 14:10:00,2011-10-28 08:56:00,42,273,0.0255474452554744,5,1,0,0.10402669671982348
14739,7,3820,3902.28,65.038,47,2010-12-07 14:58:00,2011-12-05 16:54:00,3,363,0.0192307692307692,7,1,0,0.03277313331572043
14740,3,735,1448.21,16.272022471910113,85,2011-03-01 08:35:00,2011-05-26 18:17:00,196,86,0.0344827586206896,3,1,1,0.30417769018783036
14741,6,841,1400.34,23.73457627118644,35,2010-12-02 08:43:00,2011-11-28 08:48:00,11,361,0.0165745856353591,5,1,0,0.06123326423972307
14744,7,627,1099.98,42.30692307692308,21,2010-12-08 10:21:00,2011-11-23 12:51:00,15,350,0.0199430199430199,5,1,0,0.07240876715766345
14745,5,1038,1220.26,17.684927536231886,46,2011-02-27 15:25:00,2011-08-19 10:05:00,112,172,0.0289017341040462,4,1,1,0.20998379516716886
14747,1,84,328.2,18.233333333333334,18,2011-04-04 14:09:00,2011-04-04 14:09:00,248,0,1.0,1,0,1,0.5598532789600447
14748,5,1223,1415.75,15.907303370786517,87,2010-12-06 10:19:00,2011-11-10 18:33:00,28,339,0.0147058823529411,4,1,0,0.052308124026796486
14752,1,260,389.64,77.928,5,2011-10-27 11:55:00,2011-10-27 11:55:00,43,0,1.0,1,0,0,0.5852440432979769
14753,1,211,563.15,18.771666666666665,30,2011-09-13 14:50:00,2011-09-13 14:50:00,86,0,1.0,1,0,0,0.5305024395988608
14754,2,486,638.05,15.562195121951218,38,2011-02-17 12:21:00,2011-10-26 12:01:00,44,250,0.0079681274900398,2,1,0,0.19245102944497397
14755,11,2219,5010.28,21.320340425531914,128,2011-01-09 14:02:00,2011-11-30 11:24:00,9,324,0.0338461538461538,10,1,0,0.01514943323932978
14756,1,416,738.96,19.446315789473687,38,2011-11-24 18:13:00,2011-11-24 18:13:00,14,0,1.0,1,0,0,0.5083831711122749
14757,1,160,420.5,22.13157894736842,19,2011-09-25 14:36:00,2011-09-25 14:36:00,74,0,1.0,1,0,0,0.5557188582677307
14758,4,419,1484.06,20.90225352112676,54,2011-03-25 12:10:00,2011-07-18 08:21:00,144,114,0.0347826086956521,4,1,1,0.29170621069627606
14759,3,569,1625.97,15.940882352941175,92,2011-04-21 10:55:00,2011-12-05 12:03:00,4,228,0.0131004366812227,3,1,0,0.12913519036326035
14760,1,40,89.2,17.84,5,2011-02-15 16:27:00,2011-02-15 16:27:00,296,0,1.0,1,0,1,0.5893482103408516
14761,2,118,255.9,23.263636363636365,11,2011-01-09 12:03:00,2011-10-12 12:10:00,58,276,0.0072202166064981,2,1,0,0.20536714117832192
14762,1,341,300.52,14.310476190476187,21,2011-03-21 08:20:00,2011-03-21 08:20:00,263,0,1.0,1,0,1,0.5489621997845424
14764,1,190,278.3,46.38333333333333,6,2011-10-24 11:54:00,2011-10-24 11:54:00,46,0,1.0,1,0,0,0.5841298214703017
14765,3,135,254.11,6.515641025641026,38,2011-06-16 19:49:00,2011-11-10 19:53:00,28,147,0.0202702702702702,3,1,0,0.3121416001247542
14766,6,1349,2473.37,18.321259259259257,111,2010-12-08 15:33:00,2011-12-01 16:05:00,7,358,0.0167130919220055,6,1,0,0.028898559396032517
14768,2,52,192.6,38.52,4,2011-08-04 13:25:00,2011-11-22 12:54:00,16,109,0.0181818181818181,2,1,0,0.48060499056581074
14769,8,7239,10416.98,9.808832391713748,718,2010-12-17 11:40:00,2011-12-07 10:24:00,2,354,0.0225352112676056,8,1,0,6.932340564352945e-05
14770,2,490,876.42,16.854230769230767,49,2011-01-20 15:00:00,2011-04-21 14:21:00,231,90,0.0219780219780219,2,1,1,0.4066251203035022
14772,1,82,139.26,15.473333333333333,9,2011-08-19 15:04:00,2011-08-19 15:04:00,111,0,1.0,1,0,1,0.5799120153827213
14775,3,1174,1011.9,16.865,57,2010-12-02 16:38:00,2011-10-12 15:27:00,57,313,0.0095541401273885,3,1,0,0.09511776365231696
14776,11,3134,2538.3,21.6948717948718,44,2011-01-31 13:17:00,2011-10-19 15:34:00,50,261,0.0419847328244274,7,1,0,0.061975892996582085
14778,2,306,730.86,20.881714285714285,34,2011-02-04 11:43:00,2011-08-04 15:23:00,126,181,0.0109890109890109,2,1,1,0.29085620577984345
14779,3,84,386.15,9.418292682926827,40,2011-01-20 12:04:00,2011-03-04 12:42:00,280,43,0.0681818181818181,2,1,1,0.5110898438133455
14780,2,310,447.68,16.58074074074074,26,2011-09-21 15:15:00,2011-10-16 12:46:00,54,24,0.08,2,1,0,0.5819027169886177
14782,1,114,200.1,33.35,6,2011-01-24 11:12:00,2011-01-24 11:12:00,319,0,1.0,1,0,1,0.5856532085853325
14784,2,237,289.99,19.332666666666668,15,2011-01-20 09:25:00,2011-11-13 13:30:00,25,297,0.0067114093959731,2,1,0,0.17522641869207006
14785,2,84,77.4,25.8,2,2011-11-24 13:40:00,2011-11-29 13:21:00,9,4,0.4,1,0,0,0.5489544124955569
14788,2,421,679.4399999999999,22.648,26,2011-11-13 15:52:00,2011-12-02 17:06:00,6,19,0.1,2,1,0,0.5877448030908924
14789,1,116,197.64,32.94,6,2011-11-11 08:59:00,2011-11-11 08:59:00,28,0,1.0,1,0,0,0.5856210256196175
14790,4,699,745.06,16.19695652173913,30,2011-03-31 11:49:00,2011-11-23 09:28:00,16,236,0.0168776371308016,3,1,0,0.18657745985137703
14792,1,2,6.2,3.1,2,2011-10-07 09:19:00,2011-10-07 09:19:00,63,0,1.0,1,0,0,0.5962004182456813
14793,1,91,228.99,16.356428571428573,14,2011-11-18 14:50:00,2011-11-18 14:50:00,20,0,1.0,1,0,0,0.5687594727639016
14794,7,673,1319.91,16.498875,68,2011-01-09 16:11:00,2011-12-07 10:11:00,2,331,0.0210843373493975,5,1,0,0.05614017201047273
14795,1,17,131.45000000000002,21.908333333333335,6,2011-06-26 13:04:00,2011-06-26 13:04:00,165,0,1.0,1,0,1,0.5875408448482425
14796,17,5995,7975.49,7.045485865724381,403,2010-12-08 10:40:00,2011-12-08 15:31:00,0,365,0.0464480874316939,13,1,0,0.0004406166929553439
14798,3,150,173.74,14.478333333333332,11,2011-02-02 15:26:00,2011-10-18 10:58:00,52,257,0.0116279069767441,3,1,0,0.20483561793164684
14799,1,146,157.7,12.13076923076923,13,2011-10-19 16:16:00,2011-10-19 16:16:00,50,0,1.0,1,0,0,0.5702527879268929
14800,12,3644,4331.79,11.310156657963446,246,2010-12-05 11:10:00,2011-10-23 12:46:00,47,322,0.0371517027863777,9,1,0,0.00556345888971324
14801,1,173,189.34,3.3217543859649123,56,2011-10-09 15:24:00,2011-10-09 15:24:00,60,0,1.0,1,0,0,0.4796305511454146
14803,3,370,845.55,19.217045454545453,35,2011-02-20 13:21:00,2011-06-30 13:58:00,161,130,0.0229007633587786,3,1,1,0.33650311955851364
14804,1,121,353.27,29.439166666666665,12,2011-12-01 11:20:00,2011-12-01 11:20:00,8,0,1.0,1,0,0,0.5717583672956661
14805,4,114,546.4,11.878260869565215,30,2011-01-30 10:43:00,2011-11-24 16:20:00,14,298,0.0133779264214046,3,1,0,0.13355039440631572
14806,1,330,193.39,17.580909090909092,11,2011-09-25 15:32:00,2011-09-25 15:32:00,74,0,1.0,1,0,0,0.5708789260196254
14808,8,2120,2718.6,11.768831168831168,176,2011-06-20 12:53:00,2011-10-31 12:21:00,39,132,0.0601503759398496,4,1,0,0.08328848192144012
14810,11,1015,2085.33,8.209960629921259,106,2010-12-05 12:08:00,2011-10-30 11:19:00,40,328,0.033434650455927,9,1,0,0.023384589408388782
14813,2,66,152.88,5.2717241379310344,25,2010-12-05 11:54:00,2010-12-05 11:57:00,369,0,2.0,1,0,1,0.5807810300274279
14815,2,744,778.5,14.68867924528302,53,2011-10-03 11:36:00,2011-11-03 11:36:00,36,31,0.0625,2,1,0,0.5014873182963308
14816,1,5,271.85,67.9625,4,2011-05-26 13:16:00,2011-05-26 13:16:00,196,0,1.0,1,0,1,0.5925257826857683
14817,2,655,1110.34,17.624444444444443,52,2011-03-07 13:51:00,2011-05-23 13:35:00,199,76,0.0259740259740259,2,1,1,0.4201682704332874
14818,3,324,657.8,13.704166666666666,41,2011-03-31 12:28:00,2011-09-27 11:01:00,73,179,0.0166666666666666,3,1,0,0.25455646721187
14819,2,109,272.07,20.928461538461537,13,2011-05-31 13:50:00,2011-10-06 13:41:00,63,127,0.015625,2,1,0,0.4271402131029766
14820,4,253,507.29,17.492758620689656,24,2011-06-19 14:56:00,2011-11-18 15:41:00,20,152,0.0261437908496732,3,1,0,0.31604767976125603
14821,1,20,48.8,24.4,2,2010-12-08 08:43:00,2010-12-08 08:43:00,366,0,1.0,1,0,1,0.5964026316986126
14823,3,88,321.43,4.591857142857143,56,2011-05-29 12:48:00,2011-06-12 13:12:00,179,14,0.2,2,1,1,0.5363216387809894
14824,4,525,1127.71,38.88655172413793,19,2011-09-09 14:12:00,2011-11-29 14:20:00,9,81,0.048780487804878,2,1,0,0.4599320196512576
14825,12,989,2221.01,18.50841666666667,82,2010-12-06 12:30:00,2011-12-06 11:38:00,3,364,0.0328767123287671,10,1,0,0.019217662676953396
14828,3,2172,2139.76,125.86823529411764,17,2011-01-07 09:50:00,2011-05-27 10:16:00,196,140,0.0212765957446808,3,1,1,0.31761678714651626
14829,4,452,697.55,16.60833333333333,39,2010-12-02 16:12:00,2011-11-10 16:16:00,28,343,0.0116279069767441,3,1,0,0.0910981795951751
14830,1,164,188.88,4.843076923076923,39,2011-10-17 14:29:00,2011-10-17 14:29:00,52,0,1.0,1,0,0,0.515403433877541
14834,6,734,1720.3,25.676119402985073,43,2011-04-13 15:00:00,2011-11-22 10:30:00,17,222,0.0269058295964125,5,1,0,0.14242655582568692
14836,3,45,102.45,17.075,5,2011-11-09 13:26:00,2011-11-29 16:45:00,9,20,0.1428571428571428,1,0,0,0.49017214666597003
14837,4,1436,1649.5,15.273148148148149,96,2011-05-22 12:49:00,2011-09-11 10:58:00,89,111,0.0357142857142857,4,1,0,0.2141535992882106
14840,1,31,62.85,15.7125,4,2011-03-17 12:00:00,2011-03-17 12:00:00,267,0,1.0,1,0,1,0.5916765357984853
14841,6,1778,3295.76,23.88231884057971,103,2010-12-16 10:28:00,2011-10-17 15:03:00,52,305,0.0196078431372549,5,1,0,0.04592734314029792
14842,4,1166,2824.69,19.480620689655172,128,2011-02-04 15:32:00,2011-10-27 12:37:00,43,264,0.0150943396226415,4,1,0,0.06312911058505694
14844,4,1833,3189.81,24.537,87,2011-04-12 13:10:00,2011-10-07 10:41:00,63,177,0.0224719101123595,4,1,0,0.14332839045216686
14847,1,120,309.4,23.799999999999997,13,2011-07-14 10:52:00,2011-07-14 10:52:00,148,0,1.0,1,0,1,0.5698770397150301
14849,25,5694,7930.54,20.439536082474227,159,2010-12-01 12:22:00,2011-11-18 10:58:00,21,351,0.0710227272727272,11,1,0,0.0031682942157868575
14850,1,293,325.75,15.511904761904765,21,2011-02-01 11:21:00,2011-02-01 11:21:00,311,0,1.0,1,0,1,0.5496795187194085
14851,2,325,511.35,18.2625,28,2011-03-28 14:59:00,2011-11-16 14:20:00,22,232,0.0085836909871244,2,1,0,0.23088355461986537
14852,6,1747,2836.69,19.83699300699301,96,2011-04-01 13:22:00,2011-10-12 13:20:00,57,193,0.0309278350515463,5,1,0,0.10465412222126219
14853,2,82,475.8,52.86666666666667,8,2011-05-12 15:17:00,2011-11-15 16:56:00,23,187,0.0106382978723404,2,1,0,0.33507301888561847
14854,7,1820,2740.03,21.746269841269843,110,2011-03-10 12:22:00,2011-09-22 17:00:00,77,196,0.0355329949238578,5,1,0,0.08835693053716197
14855,2,267,645.65,32.2825,13,2011-07-28 12:06:00,2011-08-12 14:02:00,118,15,0.125,2,1,1,0.6251368351018165
14856,3,711,1290.53,19.854307692307692,65,2011-10-14 09:35:00,2011-11-03 14:53:00,35,20,0.1428571428571428,2,1,0,0.4842035005492393
14857,2,464,1173.12,19.552,58,2011-07-14 15:03:00,2011-10-11 09:23:00,59,88,0.0224719101123595,2,1,0,0.39005029604482266
14859,4,671,1353.74,23.340344827586208,47,2011-05-19 14:42:00,2011-11-27 11:18:00,12,191,0.0208333333333333,3,1,0,0.21281218120302556
14860,1,232,170.32,15.483636363636364,11,2011-11-20 14:17:00,2011-11-20 14:17:00,18,0,1.0,1,0,0,0.5727982144759032
14861,1,117,125.79,20.965,6,2011-10-18 12:54:00,2011-10-18 12:54:00,51,0,1.0,1,0,0,0.5857281864017536
14862,2,772,841.1999999999999,17.525,47,2011-07-14 11:20:00,2011-11-14 10:01:00,25,122,0.016260162601626,2,1,0,0.35138833471861475
14863,1,132,266.76,24.25090909090909,11,2011-11-10 15:04:00,2011-11-10 15:04:00,28,0,1.0,1,0,0,0.5741523888063961
14865,2,108,52.2,13.05,4,2010-12-02 18:23:00,2011-12-02 16:25:00,6,364,0.0054794520547945,2,1,0,0.1274847753197473
14866,12,6752,14389.9,145.35252525252525,30,2010-12-08 14:58:00,2011-11-29 11:45:00,10,355,0.0337078651685393,6,1,0,0.019490824487836542
14867,3,328,710.28,19.73,31,2011-01-07 16:34:00,2011-06-07 11:39:00,185,150,0.0198675496688741,3,1,1,0.3138594841116289
14868,8,1405,2953.59,20.511041666666667,96,2011-04-20 13:36:00,2011-12-06 14:49:00,2,230,0.0346320346320346,6,1,0,0.07048354015483133
14869,2,549,721.45,10.306428571428572,66,2011-08-28 16:09:00,2011-12-01 12:36:00,8,94,0.0210526315789473,2,1,0,0.3660758657066639
14870,1,119,327.25,25.173076923076923,13,2011-03-23 10:51:00,2011-03-23 10:51:00,261,0,1.0,1,0,1,0.5697948822456494
14871,4,179,501.28,5.390107526881721,68,2010-12-14 12:18:00,2011-12-06 13:42:00,2,357,0.0111731843575419,4,1,0,0.062347188495758175
14873,1,168,519.68,18.56,28,2011-05-13 13:52:00,2011-05-13 13:52:00,209,0,1.0,1,0,1,0.5358564969240865
14875,2,558,1465.3200000000002,31.17702127659575,46,2011-03-22 11:53:00,2011-08-24 12:20:00,107,155,0.0128205128205128,2,1,1,0.2999313150326626
14878,9,799,1476.09,12.099098360655738,62,2010-12-16 12:11:00,2011-11-27 11:15:00,12,345,0.0260115606936416,7,1,0,0.04037179831228145
14880,3,365,690.59,15.012826086956522,45,2011-02-24 12:27:00,2011-09-23 13:42:00,76,211,0.0141509433962264,3,1,0,0.20696575359481775
14881,1,316,255.4,15.023529411764706,17,2011-11-20 11:06:00,2011-11-20 11:06:00,19,0,1.0,1,0,0,0.5581330673956411
14882,2,158,589.7,53.60909090909092,6,2011-11-06 10:15:00,2011-11-13 12:47:00,26,7,0.25,1,0,0,0.5234877962797402
14883,6,790,761.59,14.369622641509434,39,2011-05-12 09:49:00,2011-11-21 10:23:00,18,193,0.0309278350515463,5,1,0,0.17901751483227774
14885,1,724,765.3199999999999,51.02133333333333,15,2011-07-31 12:05:00,2011-07-31 12:05:00,131,0,1.0,1,0,1,0.5516558941034891
14886,1,160,364.8,20.266666666666666,18,2011-04-01 08:56:00,2011-04-01 08:56:00,252,0,1.0,1,0,1,0.5582038521890167
14887,1,1100,1862.0,310.3333333333333,6,2011-09-21 15:32:00,2011-09-21 15:32:00,78,0,1.0,1,0,0,0.5646279765143261
14888,1,184,369.2,18.46,20,2011-05-16 14:58:00,2011-05-16 14:58:00,206,0,1.0,1,0,1,0.5535103737904786
14889,1,90,135.9,13.59,10,2011-01-07 15:19:00,2011-01-07 15:19:00,335,0,1.0,1,0,1,0.5776753714589004
14890,1,51,125.65,17.95,7,2011-03-31 11:57:00,2011-03-31 11:57:00,253,0,1.0,1,0,1,0.5847743581971806
14891,2,505,554.38,16.79939393939394,30,2011-06-05 10:58:00,2011-07-14 18:08:00,147,39,0.05,2,1,1,0.5411076117526402
14893,2,799,1237.85,16.956849315068496,72,2011-11-28 10:49:00,2011-11-30 12:31:00,9,2,0.6666666666666666,1,0,0,0.39588645126241706
14894,1,265,655.75,28.51086956521739,23,2011-09-15 13:51:00,2011-09-15 13:51:00,84,0,1.0,1,0,0,0.5436351398251977
14895,20,4851,11138.71,22.366887550200804,273,2011-02-22 13:08:00,2011-12-02 09:23:00,7,282,0.0706713780918728,10,1,0,0.002653533272699778
14896,2,279,468.77,10.901627906976746,43,2010-12-09 12:24:00,2011-05-19 10:20:00,204,160,0.0124223602484472,2,1,1,0.3089825155352787
14897,4,468,1366.38,24.84327272727273,43,2011-02-16 08:37:00,2011-12-02 10:32:00,7,289,0.0137931034482758,4,1,0,0.11301218907330483
14898,6,1001,1269.31,11.645045871559631,86,2010-12-03 15:25:00,2011-11-16 14:54:00,22,347,0.0172413793103448,6,1,0,0.04081222156307369
14901,9,661,1421.29,14.805104166666666,73,2010-12-02 11:20:00,2011-11-28 17:09:00,10,361,0.0248618784530386,4,1,0,0.04368865418217491
14902,1,218,332.66,16.633000000000003,20,2011-11-14 10:34:00,2011-11-14 10:34:00,25,0,1.0,1,0,0,0.5531291951378469
14903,5,1531,2795.33,7.986657142857142,227,2011-03-06 11:50:00,2011-11-18 16:07:00,20,257,0.0193798449612403,5,1,0,0.025512641400952198
14904,2,1985,1025.44,14.86144927536232,66,2011-11-14 09:13:00,2011-12-07 12:55:00,1,23,0.0833333333333333,2,1,0,0.46419966596193235
14905,2,287,616.15,36.24411764705882,14,2011-04-20 10:48:00,2011-07-05 12:41:00,157,76,0.0259740259740259,2,1,1,0.5111859806051455
14907,7,1691,3501.1,21.21878787878788,125,2010-12-07 10:14:00,2011-12-06 14:14:00,2,364,0.0191780821917808,5,1,0,0.02429950363041065
14908,1,132,277.8,30.866666666666667,9,2011-09-26 12:56:00,2011-09-26 12:56:00,73,0,1.0,1,0,0,0.5784230685655608
14910,4,238,434.35,14.478333333333332,25,2011-10-16 11:06:00,2011-12-07 10:06:00,2,51,0.0769230769230769,3,1,0,0.4902712677104997
14911,201,80240,143711.17,25.345885361552032,1787,2010-12-01 14:05:00,2011-12-08 15:54:00,0,372,0.5388739946380697,13,1,0,1.734833225015154e-17
14912,2,971,867.85,32.14259259259259,21,2011-04-07 11:06:00,2011-11-23 09:20:00,16,229,0.008695652173913,2,1,0,0.23464923334896934
14913,4,1743,1227.43,14.108390804597702,76,2010-12-15 14:35:00,2011-11-04 08:29:00,35,323,0.0123456790123456,4,1,0,0.06448994898123071
14915,2,112,307.48,25.623333333333335,12,2011-03-07 09:39:00,2011-09-09 13:34:00,90,186,0.0106951871657754,2,1,1,0.32905497486030566
14916,4,1136,1268.98,16.48025974025974,72,2011-01-19 15:30:00,2011-09-30 09:20:00,70,253,0.0157480314960629,3,1,0,0.11935978264001602
14918,2,675,1610.15,35.781111111111116,39,2011-07-08 12:50:00,2011-08-16 11:50:00,115,38,0.0512820512820512,2,1,1,0.5122418837048461
14920,2,509,977.77,17.153859649122808,57,2011-05-11 10:31:00,2011-05-11 10:32:00,212,0,2.0,1,0,1,0.49924632072511793
14921,2,953,1316.07,16.872692307692308,78,2011-05-22 12:51:00,2011-11-09 13:17:00,29,171,0.0116279069767441,2,1,0,0.2213696318406501
14923,1,418,749.1,17.025000000000002,44,2011-10-20 11:51:00,2011-10-20 11:51:00,50,0,1.0,1,0,0,0.4956007247206618
14924,1,64,310.05,31.005000000000003,10,2011-04-08 09:25:00,2011-04-08 09:25:00,245,0,1.0,1,0,1,0.5773479742868245
14929,1,136,223.88,20.35272727272727,11,2011-11-07 17:21:00,2011-11-07 17:21:00,31,0,1.0,1,0,0,0.5742940758698637
14930,3,1160,2362.96,18.605984251968504,116,2011-03-10 14:42:00,2011-08-23 10:31:00,108,165,0.0180722891566265,2,1,1,0.16350773283642345
14931,5,417,1257.68,30.675121951219513,30,2011-04-13 09:32:00,2011-12-05 10:19:00,4,236,0.0210970464135021,5,1,0,0.15456621309849894
14932,1,80,363.53,21.384117647058822,17,2010-12-09 11:48:00,2010-12-09 11:48:00,365,0,1.0,1,0,1,0.5618062193321133
14934,2,1042,1890.94,21.734942528735633,68,2011-03-02 11:48:00,2011-09-19 10:10:00,81,200,0.0099502487562189,2,1,0,0.19616497500798988
14935,1,935,1784.71,178.471,10,2011-02-15 14:44:00,2011-02-15 14:44:00,296,0,1.0,1,0,1,0.5544147385416779
14936,8,4085,8137.02,22.35445054945055,210,2011-03-09 11:53:00,2011-11-06 10:30:00,33,241,0.0330578512396694,5,1,0,0.019637025737661813
14937,3,484,1621.88,47.70235294117647,33,2011-08-01 14:16:00,2011-10-14 12:29:00,56,73,0.0405405405405405,2,1,0,0.45334997919870035
14944,12,2815,5900.25,34.707352941176474,101,2011-02-16 12:47:00,2011-11-10 09:10:00,29,266,0.0449438202247191,6,1,0,0.036219902486937516
14946,1,22,100.9,33.63333333333333,3,2011-11-25 13:33:00,2011-11-25 13:33:00,13,0,1.0,1,0,0,0.5942844004880329
14947,2,179,290.82,20.77285714285714,14,2011-08-01 09:31:00,2011-09-28 15:48:00,71,58,0.0338983050847457,2,1,0,0.5481937648884719
14948,6,673,1101.97,17.491587301587302,56,2011-05-04 14:52:00,2011-11-16 17:16:00,22,196,0.0304568527918781,5,1,0,0.15577110523874102
14950,1,136,371.2,19.53684210526316,19,2011-11-20 13:48:00,2011-11-20 13:48:00,18,0,1.0,1,0,0,0.5564959091875677
14951,1,311,311.69,15.5845,20,2011-09-21 15:15:00,2011-09-21 15:15:00,78,0,1.0,1,0,0,0.551544687057742
14952,11,3355,8099.49,58.69195652173913,117,2010-12-10 12:48:00,2011-10-11 10:33:00,59,304,0.0360655737704918,5,1,0,0.02490691671268368
14953,1,224,285.67,5.2901851851851855,54,2011-11-14 14:59:00,2011-11-14 14:59:00,24,0,1.0,1,0,0,0.4820578999709884
14954,1,117,294.85,3.8292207792207793,75,2011-11-27 14:30:00,2011-11-27 14:30:00,11,0,1.0,1,0,0,0.44028569425903014
14957,1,34,58.49,4.8741666666666665,12,2011-03-31 17:59:00,2011-03-31 17:59:00,252,0,1.0,1,0,1,0.5749341102897761
14958,3,128,483.73,11.798292682926828,33,2011-04-08 11:28:00,2011-07-15 14:20:00,146,98,0.0303030303030303,3,1,1,0.40135333717642063
14959,4,494,695.42,11.786779661016949,37,2011-02-16 13:00:00,2011-10-06 18:23:00,63,232,0.0171673819742489,4,1,0,0.17107781147965756
14960,2,221,221.27,8.195185185185185,23,2011-06-21 13:38:00,2011-12-01 12:54:00,7,162,0.0122699386503067,2,1,0,0.34544381066161434
14961,9,3708,7044.68,22.57910256410257,193,2010-12-14 11:38:00,2011-11-29 09:42:00,10,349,0.0257142857142857,6,1,0,0.009748489026412285
14962,1,44,126.7,25.34,5,2011-03-14 09:42:00,2011-03-14 09:42:00,270,0,1.0,1,0,1,0.5892634199746183
14963,5,1159,1472.34,7.6684375,149,2011-06-09 12:30:00,2011-11-30 12:16:00,9,173,0.028735632183908,3,1,0,0.1070286400004524
14964,1,143,206.21,15.862307692307692,13,2011-04-06 14:13:00,2011-04-06 14:13:00,246,0,1.0,1,0,1,0.570034753009988
14965,2,363,596.09,7.359135802469136,80,2011-09-04 13:15:00,2011-09-04 13:20:00,95,0,2.0,1,0,1,0.4570545760190844
14966,1,179,183.02,5.08388888888889,35,2011-11-25 12:20:00,2011-11-25 12:20:00,14,0,1.0,1,0,0,0.5235375869226727
14967,1,140,463.8,77.3,6,2011-10-21 11:06:00,2011-10-21 11:06:00,49,0,1.0,1,0,0,0.5847184747572994
14968,1,127,147.59,3.988918918918919,37,2011-11-09 13:58:00,2011-11-09 13:58:00,29,0,1.0,1,0,0,0.5206134963394001
14970,4,250,1592.06,46.825294117647054,24,2011-01-27 12:23:00,2011-10-02 13:44:00,67,248,0.0160642570281124,4,1,0,0.16893950987195344
14971,3,639,1097.98,7.083741935483871,144,2011-10-27 13:33:00,2011-11-04 17:07:00,34,8,0.3333333333333333,2,1,0,0.35623701491891135
14972,1,28,114.77,6.376111111111111,18,2011-08-03 14:54:00,2011-08-03 14:54:00,127,0,1.0,1,0,1,0.5622957049964805
14973,3,369,1314.45,41.0765625,29,2011-04-28 12:22:00,2011-08-24 15:51:00,106,118,0.0252100840336134,3,1,1,0.3647227232162173
14974,1,37,89.94,5.290588235294117,17,2011-11-02 13:01:00,2011-11-02 13:01:00,36,0,1.0,1,0,0,0.5643629701255544
14975,1,380,279.94,25.44909090909091,11,2011-10-13 14:08:00,2011-10-13 14:08:00,56,0,1.0,1,0,0,0.5695226015579913
14976,7,234,790.86,10.984166666666669,47,2011-01-17 11:09:00,2011-10-13 16:37:00,56,269,0.0259259259259259,5,1,0,0.10462209303594347
14978,5,523,1921.37,8.97836448598131,136,2011-01-13 12:03:00,2011-09-28 13:07:00,71,258,0.0193050193050193,4,1,0,0.06365315285115487
14981,1,97,102.12,12.765,8,2011-04-07 13:45:00,2011-04-07 13:45:00,245,0,1.0,1,0,1,0.5818881291728855
14984,2,58,202.37,5.188974358974359,37,2011-06-12 11:04:00,2011-11-20 14:28:00,18,161,0.0123456790123456,2,1,0,0.3237506493550937
14985,2,256,292.01,3.5181927710843373,78,2010-12-16 19:51:00,2011-05-25 14:29:00,197,159,0.0125,2,1,1,0.2528404253778727
14987,2,128,326.4,81.6,2,2010-12-09 12:13:00,2011-11-24 09:59:00,15,349,0.0057142857142857,2,1,0,0.1421143722687696
14988,1,141,334.54,8.3635,40,2011-05-12 12:05:00,2011-05-12 12:05:00,211,0,1.0,1,0,1,0.5125715118162976
14995,2,102,231.98,3.866333333333334,53,2011-03-04 13:14:00,2011-11-01 11:39:00,38,241,0.0082644628099173,2,1,0,0.18953974886082597
14997,3,1120,546.1999999999999,21.007692307692302,25,2011-06-14 16:52:00,2011-10-24 13:28:00,45,131,0.0227272727272727,3,1,0,0.34352180994373926
14998,2,258,414.87,5.606351351351352,70,2011-04-12 16:28:00,2011-06-22 17:30:00,169,71,0.0277777777777777,2,1,1,0.40537803093104924
15000,1,218,490.52,6.37038961038961,76,2011-10-23 11:42:00,2011-10-23 11:42:00,47,0,1.0,1,0,0,0.43471046652329437
15002,4,862,1641.76,14.27617391304348,93,2010-12-07 13:16:00,2011-08-16 10:44:00,115,251,0.0158730158730158,4,1,1,0.0957358807035066
15004,1,623,1220.77,7.927077922077922,154,2011-07-15 14:05:00,2011-07-15 14:05:00,146,0,1.0,1,0,1,0.27449779828570875
15005,28,4230,6295.37,5.661303956834533,360,2010-12-08 14:36:00,2011-11-24 12:25:00,15,350,0.0797720797720797,12,1,0,0.0005569576633711307
15006,1,286,480.38,3.639242424242424,121,2011-10-19 15:08:00,2011-10-19 15:08:00,50,0,1.0,1,0,0,0.34428016362795244
15007,1,69,156.91,13.075833333333334,12,2011-07-03 16:00:00,2011-07-03 16:00:00,158,0,1.0,1,0,1,0.5737650684175315
15009,3,639,1259.43,6.996833333333334,148,2011-11-14 17:40:00,2011-11-27 13:35:00,11,12,0.2307692307692307,1,0,0,0.22269867765642465
15010,1,184,308.94,15.447,20,2011-11-04 12:42:00,2011-11-04 12:42:00,35,0,1.0,1,0,0,0.5539232450319078
15012,2,225,405.04,3.3200000000000003,110,2010-12-01 12:49:00,2011-10-17 12:22:00,53,319,0.00625,2,1,0,0.0752584896754461
15014,2,149,257.67,7.808181818181819,29,2011-06-16 19:40:00,2011-10-27 20:07:00,42,133,0.0149253731343283,2,1,0,0.383298864541046
15016,1,76,170.04,8.501999999999999,20,2011-06-20 12:06:00,2011-06-20 12:06:00,172,0,1.0,1,0,1,0.5568785455699186
15017,1,63,125.58,6.279,20,2011-11-06 10:33:00,2011-11-06 10:33:00,33,0,1.0,1,0,0,0.5574237649435982
15018,3,189,496.21,16.006774193548388,30,2010-12-07 10:47:00,2011-11-01 12:47:00,38,329,0.009090909090909,3,1,0,0.11408662855484364
15019,1,150,252.81,3.8304545454545456,64,2011-03-18 12:35:00,2011-03-18 12:35:00,266,0,1.0,1,0,1,0.46283406592164367
15021,9,819,1871.77,4.215698198198198,287,2010-12-08 12:17:00,2011-12-01 11:53:00,8,357,0.0251396648044692,8,1,0,0.005236213745726999
15022,4,527,852.39,7.044545454545454,96,2011-10-23 15:47:00,2011-11-28 12:35:00,11,35,0.1111111111111111,2,1,0,0.38772826241114505
15023,11,2827,6720.41,12.152640144665462,347,2010-12-05 13:49:00,2011-12-06 17:23:00,2,366,0.0299727520435967,9,1,0,0.0017833953315036302
15024,10,902,1636.43,10.765986842105264,105,2010-12-07 13:20:00,2011-11-30 12:06:00,9,357,0.0279329608938547,5,1,0,0.02956586099111936
15025,1,184,361.96,5.402388059701492,66,2011-11-06 15:20:00,2011-11-06 15:20:00,32,0,1.0,1,0,0,0.4571223683607177
15026,3,285,469.0,7.688524590163935,57,2011-03-07 13:45:00,2011-09-20 13:52:00,79,197,0.0151515151515151,3,1,0,0.20921364746983503
15027,4,565,1066.15,30.461428571428566,30,2011-04-15 14:14:00,2011-11-09 10:16:00,30,207,0.0192307692307692,4,1,0,0.20517034048494287
15028,4,459,627.13,13.065208333333333,35,2010-12-06 12:47:00,2011-12-01 14:06:00,7,360,0.0110803324099723,3,1,0,0.08407873368328408
15030,2,372,518.28,74.03999999999999,7,2011-03-16 15:34:00,2011-09-29 10:50:00,71,196,0.0101522842639593,2,1,0,0.31829660370998564
15031,4,400,653.19,5.93809090909091,74,2011-03-02 14:46:00,2011-12-05 14:19:00,3,277,0.014388489208633,4,1,0,0.09929274052691521
15032,3,2968,4959.1,95.3673076923077,29,2010-12-08 12:57:00,2011-03-28 15:03:00,255,110,0.027027027027027,2,1,1,0.3266537562916316
15033,10,1672,2557.18,5.104151696606786,315,2011-01-14 13:28:00,2011-12-05 12:40:00,4,324,0.0307692307692307,8,1,0,0.004592353550145395
15034,8,2413,4274.16,10.959384615384614,299,2010-12-21 09:47:00,2011-11-24 12:11:00,15,338,0.023598820058997,6,1,0,0.005573085043830127
15035,1,245,252.73,9.36037037037037,26,2011-09-11 11:08:00,2011-09-11 11:08:00,89,0,1.0,1,0,0,0.540596888465145
15036,3,316,429.56,3.609747899159664,107,2011-06-13 12:19:00,2011-09-28 15:42:00,71,107,0.0277777777777777,2,1,0,0.2678842640111014
15038,6,212,685.74,5.48592,105,2010-12-05 10:54:00,2011-10-12 11:33:00,58,311,0.0192307692307692,5,1,0,0.05295142727620062
15039,47,9131,19766.59,13.38293161814489,408,2010-12-06 11:26:00,2011-11-30 11:31:00,9,359,0.1305555555555555,12,1,0,6.026010892118459e-05
15041,1,103,179.93,2.7262121212121215,66,2011-06-22 16:16:00,2011-06-22 16:16:00,169,0,1.0,1,0,1,0.46016778534051084
15042,1,30,135.93,27.186,5,2011-05-24 16:25:00,2011-05-24 16:25:00,198,0,1.0,1,0,1,0.5895151033837288
15043,1,300,537.0,179.0,3,2011-11-08 14:26:00,2011-11-08 14:26:00,30,0,1.0,1,0,0,0.5915719797920793
15044,17,2785,7634.73,17.19533783783784,233,2010-12-12 14:27:00,2011-11-20 13:20:00,18,342,0.0495626822157434,11,1,0,0.0033411103472479123
15045,2,114,735.66,61.305,11,2011-03-27 11:44:00,2011-07-11 11:33:00,151,105,0.0188679245283018,2,1,1,0.468126426769658
15046,15,3372,5090.42,25.32547263681592,147,2011-01-05 15:30:00,2011-11-30 15:50:00,8,329,0.0454545454545454,9,1,0,0.010404537359860858
15047,1,222,343.62,15.61909090909091,22,2011-03-15 10:49:00,2011-03-15 10:49:00,269,0,1.0,1,0,1,0.5487728720994199
15048,4,192,381.0,4.053191489361702,86,2010-12-06 12:15:00,2011-10-05 14:55:00,64,303,0.0131578947368421,4,1,0,0.07812799060016415
15049,1,63,121.17000000000002,40.39000000000001,3,2011-03-11 12:13:00,2011-03-11 12:13:00,273,0,1.0,1,0,1,0.5936494824546551
15050,3,1216,1737.69,22.86434210526316,68,2011-09-29 13:22:00,2011-11-14 16:17:00,24,46,0.0638297872340425,2,1,0,0.414747963536617
15051,3,1010,1383.36,9.741971830985916,130,2011-07-12 15:29:00,2011-11-16 15:38:00,22,127,0.0234375,3,1,0,0.17928423004330318
15052,1,79,207.73,7.418928571428572,27,2011-01-24 15:52:00,2011-01-24 15:52:00,318,0,1.0,1,0,1,0.5419411002548661
15053,3,984,693.95,10.057246376811596,49,2011-03-03 12:06:00,2011-12-05 12:08:00,4,277,0.0107913669064748,3,1,0,0.12998327993174164
15054,2,198,302.1,2.6500000000000004,105,2011-10-30 14:33:00,2011-11-27 15:02:00,11,28,0.0689655172413793,2,1,0,0.4134229831225102
15057,2,668,1489.5,59.58,25,2011-01-28 09:09:00,2011-03-09 15:17:00,274,40,0.048780487804878,2,1,1,0.5399905967116525
15058,11,1054,2102.54,7.904285714285714,199,2011-01-31 15:35:00,2011-11-14 14:57:00,24,286,0.0383275261324041,8,1,0,0.016029479987432975
15059,9,604,1337.72,5.644388185654009,161,2011-01-09 11:54:00,2011-10-30 11:35:00,40,293,0.0306122448979591,6,1,0,0.02904402459459203
15060,4,257,294.25,2.5586956521739133,81,2011-11-30 14:03:00,2011-12-01 13:47:00,7,0,4.0,2,1,0,0.6649633382729624
15061,48,28920,54534.14,135.32044665012407,70,2010-12-02 15:19:00,2011-12-06 12:06:00,3,368,0.1300813008130081,13,1,0,5.377731510043489e-05
15062,4,763,987.86,17.330877192982456,47,2010-12-15 15:37:00,2011-09-29 16:51:00,70,288,0.0138408304498269,4,1,0,0.1094630876893966
15063,1,56,370.7999999999999,74.16,5,2011-05-10 13:25:00,2011-05-10 13:25:00,212,0,1.0,1,0,1,0.588966788618293
15065,4,1383,3158.13,20.37503225806452,148,2011-02-21 12:54:00,2011-11-02 09:45:00,37,253,0.0157480314960629,4,1,0,0.05659922947566101
15066,1,317,893.59,21.275952380952383,42,2011-10-17 13:25:00,2011-10-17 13:25:00,52,0,1.0,1,0,0,0.5005481825569058
15067,3,954,1744.76,21.277560975609756,82,2011-03-02 12:10:00,2011-09-22 13:20:00,77,204,0.0146341463414634,2,1,0,0.16917852425289245
15068,2,364,553.36,5.320769230769231,96,2011-03-28 14:27:00,2011-10-24 14:47:00,45,210,0.0094786729857819,2,1,0,0.165211014606322
15069,1,520,1109.53,15.850428571428573,70,2011-06-13 14:16:00,2011-06-13 14:16:00,178,0,1.0,1,0,1,0.4363200808672395
15070,1,36,106.2,106.2,1,2010-12-02 11:23:00,2010-12-02 11:23:00,372,0,1.0,1,0,1,0.6010784280298352
15071,2,269,982.07,37.77192307692308,25,2011-03-09 10:19:00,2011-09-07 11:43:00,93,182,0.0109289617486338,2,1,1,0.30436490442142866
15073,3,491,1043.41,19.322407407407407,31,2011-06-06 09:59:00,2011-11-30 10:44:00,9,177,0.0168539325842696,2,1,0,0.28708500252496894
15074,1,431,735.67,17.943170731707315,41,2011-08-26 14:45:00,2011-08-26 14:45:00,104,0,1.0,1,0,1,0.5017926944086013
15075,1,447,773.03,28.63074074074074,27,2011-09-23 12:27:00,2011-09-23 12:27:00,77,0,1.0,1,0,0,0.5308573903396743
15076,1,571,880.85,17.976530612244897,49,2011-06-20 08:23:00,2011-06-20 08:23:00,172,0,1.0,1,0,1,0.48111807318736666
15078,32,5105,9743.11,22.14343181818182,97,2010-12-06 12:38:00,2011-12-02 15:41:00,6,361,0.0883977900552486,13,1,0,0.0028922956448202606
15079,4,389,895.61,19.055531914893617,46,2010-12-09 09:25:00,2011-05-11 12:45:00,212,153,0.0259740259740259,3,1,1,0.27142804774544
15081,5,190,504.8,15.296969696969697,26,2010-12-07 16:20:00,2011-11-17 17:08:00,21,345,0.0144508670520231,5,1,0,0.08229295110221053
15083,1,38,88.2,17.64,5,2011-03-28 12:18:00,2011-03-28 12:18:00,256,0,1.0,1,0,1,0.5893849095044129
15087,1,470,306.94,20.462666666666667,15,2011-03-03 10:34:00,2011-03-03 10:34:00,281,0,1.0,1,0,1,0.5591758434902137
15088,2,460,1160.07,20.352105263157895,53,2011-10-03 14:05:00,2011-11-18 13:14:00,20,45,0.0434782608695652,2,1,0,0.47746512490052
15089,6,1359,2420.84,16.69544827586207,139,2011-08-03 14:14:00,2011-11-29 16:31:00,9,118,0.0504201680672268,4,1,0,0.1388049136193479
15090,1,208,381.32,16.57913043478261,23,2011-02-04 14:03:00,2011-02-04 14:03:00,307,0,1.0,1,0,1,0.5466622055478775
15091,1,346,480.71,16.023666666666667,30,2011-10-03 12:47:00,2011-10-03 12:47:00,67,0,1.0,1,0,0,0.5286044142258521
15092,2,135,457.81,17.608076923076922,23,2011-03-01 12:24:00,2011-05-08 14:10:00,214,68,0.0289855072463768,2,1,1,0.5104185991763797
15093,6,3760,4597.02,42.565000000000005,52,2010-12-02 18:25:00,2011-11-21 13:09:00,17,353,0.0169491525423728,6,1,0,0.03770508058128383
15095,4,1079,1370.6,29.161702127659577,30,2011-05-20 14:27:00,2011-08-28 12:01:00,103,99,0.04,3,1,1,0.37080539066977086
15096,1,120,219.39,19.944545454545455,11,2011-10-28 10:27:00,2011-10-28 10:27:00,42,0,1.0,1,0,0,0.5746105702789805
15097,1,170,248.08,9.9232,25,2011-12-05 14:03:00,2011-12-05 14:03:00,3,0,1.0,1,0,0,0.544138796490953
15098,3,121,39916.5,13305.5,1,2011-06-10 15:22:00,2011-06-10 15:33:00,181,0,3.0,1,0,1,0.8248490743477259
15099,1,343,410.48,17.84695652173913,23,2011-09-16 13:13:00,2011-09-16 13:13:00,83,0,1.0,1,0,0,0.5439376990367372
15100,3,80,876.0,292.0,1,2010-12-01 09:09:00,2011-01-10 10:35:00,333,40,0.073170731707317,2,1,1,0.6047501268305207
15101,2,241,317.53,39.69125,8,2010-12-15 12:54:00,2011-12-01 10:18:00,8,350,0.0056980056980056,2,1,0,0.1334505562069774
15103,2,329,703.36,20.096,35,2011-09-14 13:54:00,2011-11-08 14:53:00,30,55,0.0357142857142857,2,1,0,0.5033111204304254
15104,2,635,993.54,14.828955223880596,66,2011-03-02 14:16:00,2011-05-27 12:29:00,196,85,0.0232558139534883,2,1,1,0.3776936915808867
15105,7,1211,2298.93,22.76168316831683,90,2011-07-28 10:09:00,2011-11-21 16:54:00,17,116,0.0598290598290598,4,1,0,0.1930404493623256
15106,5,1181,1422.52,14.2252,90,2011-03-15 12:52:00,2011-11-22 09:16:00,17,251,0.0198412698412698,5,1,0,0.0850298715759224
15107,6,169,319.5,19.96875,12,2010-12-02 13:45:00,2011-02-01 14:46:00,310,61,0.0967741935483871,3,1,1,0.47903762175250264
15108,4,499,1300.25,21.670833333333334,50,2011-04-26 10:54:00,2011-07-21 10:24:00,141,85,0.0465116279069767,3,1,1,0.3660998328923901
15109,1,131,484.95,17.319642857142856,28,2011-04-08 09:58:00,2011-04-08 09:58:00,245,0,1.0,1,0,1,0.5368092096449663
15110,4,246,996.1,28.46,17,2011-01-25 11:41:00,2011-11-16 11:16:00,23,294,0.0135593220338983,4,1,0,0.13609227057894108
15111,3,710,1567.48,18.660476190476192,70,2010-12-02 11:45:00,2011-11-10 16:58:00,28,343,0.0087209302325581,3,1,0,0.07154887778236599
15113,3,2344,3509.43,36.179690721649486,77,2011-10-16 15:27:00,2011-11-30 08:23:00,9,44,0.0666666666666666,2,1,0,0.36543715891257883
15114,10,3096,2760.56,14.012994923857867,136,2011-02-11 08:45:00,2011-11-09 15:05:00,29,271,0.0367647058823529,8,1,0,0.02631626077422292
15115,1,157,340.11,16.195714285714285,21,2011-11-21 14:59:00,2011-11-21 14:59:00,17,0,1.0,1,0,0,0.5521084056507142
15116,4,648,1352.75,30.06111111111111,37,2011-05-19 08:50:00,2011-11-22 12:25:00,17,187,0.0212765957446808,4,1,0,0.2167116377553514
15117,5,1948,1551.78,19.64278481012658,63,2011-05-08 12:38:00,2011-11-25 08:12:00,14,200,0.0248756218905472,4,1,0,0.14802860603047974
15118,1,1440,244.8,244.8,1,2011-07-28 14:54:00,2011-07-28 14:54:00,133,0,1.0,1,0,1,0.58024292650224
15119,1,88,266.4,19.02857142857143,14,2011-04-08 09:08:00,2011-04-08 09:08:00,245,0,1.0,1,0,1,0.5685949697291697
15120,1,296,358.82,17.086666666666666,21,2011-07-29 09:48:00,2011-07-29 09:48:00,133,0,1.0,1,0,1,0.5493932983993925
15121,2,199,457.72,16.34714285714286,28,2011-02-24 12:41:00,2011-10-20 14:51:00,49,238,0.00836820083682,2,1,0,0.22520845131294903
15122,3,800,1633.78,19.924146341463413,65,2011-02-15 09:59:00,2011-08-17 16:48:00,113,183,0.0163043478260869,3,1,1,0.20190028553583442
15123,2,1195,2199.31,20.748207547169812,93,2011-05-17 14:57:00,2011-12-02 13:12:00,6,198,0.0100502512562814,2,1,0,0.16409955200061185
15124,2,233,184.19,12.279333333333334,14,2011-06-01 09:06:00,2011-11-17 10:09:00,22,169,0.0117647058823529,2,1,0,0.3513123299871194
15125,15,6193,11528.48,90.77543307086614,102,2011-03-14 09:59:00,2011-11-14 13:57:00,24,245,0.0609756097560975,8,1,0,0.01959007552106065
15127,1,251,406.53,25.408125,16,2011-10-05 10:30:00,2011-10-05 10:30:00,65,0,1.0,1,0,0,0.5604887412181484
15128,4,1343,1471.0,14.42156862745098,74,2011-05-04 12:32:00,2011-10-10 13:54:00,59,159,0.025,4,1,0,0.1898463828949333
15129,11,1794,3447.4,41.04047619047619,54,2011-02-21 09:09:00,2011-10-20 14:40:00,49,241,0.0454545454545454,7,1,0,0.0701219890797862
15130,1,197,330.11,15.005,22,2011-06-23 10:15:00,2011-06-23 10:15:00,169,0,1.0,1,0,1,0.5493335057581032
15132,5,679,977.93,18.806346153846157,49,2011-03-22 12:02:00,2011-11-21 17:10:00,17,244,0.0204081632653061,5,1,0,0.1270206757886009
15133,3,680,982.42,33.87655172413793,27,2011-02-11 10:38:00,2011-08-04 10:44:00,127,174,0.0171428571428571,3,1,1,0.2776288828107594
15134,8,887,1387.99,19.013561643835615,44,2011-04-13 11:05:00,2011-11-25 08:55:00,14,225,0.0353982300884955,7,1,0,0.10864326724448202
15135,1,43,139.05,15.45,9,2011-04-14 19:16:00,2011-04-14 19:16:00,238,0,1.0,1,0,1,0.580626784766804
15136,4,776,1286.7,18.92205882352941,61,2011-09-04 16:05:00,2011-12-07 12:26:00,2,93,0.0425531914893617,3,1,0,0.32733587877801684
15139,2,208,178.96,13.766153846153848,13,2011-01-07 12:44:00,2011-04-14 11:39:00,239,96,0.0206185567010309,2,1,1,0.48145039540528944
15140,7,1572,2354.25,29.428125,74,2011-03-20 14:37:00,2011-10-18 14:07:00,51,211,0.0330188679245283,6,1,0,0.09977137294769417
15142,1,365,498.74,19.182307692307692,26,2011-10-24 12:51:00,2011-10-24 12:51:00,45,0,1.0,1,0,0,0.5365521217993048
15143,1,150,259.45,18.532142857142855,14,2011-04-28 12:03:00,2011-04-28 12:03:00,225,0,1.0,1,0,1,0.5674924507115321
15144,17,3050,6580.44,30.324608294930872,132,2011-01-31 13:17:00,2011-12-01 15:12:00,7,304,0.0557377049180327,9,1,0,0.012465436849470256
15145,4,756,1194.73,17.83179104477612,54,2011-04-05 15:20:00,2011-12-05 17:21:00,3,244,0.0163265306122449,3,1,0,0.14787142449058882
15146,2,1473,1327.16,14.584175824175825,90,2011-02-21 13:07:00,2011-06-28 12:09:00,164,126,0.0157480314960629,2,1,1,0.2549238997064858
15147,1,366,623.5,22.267857142857142,28,2011-04-13 15:57:00,2011-04-13 15:57:00,239,0,1.0,1,0,1,0.531371695984943
15148,1,187,301.29,15.0645,20,2011-11-29 08:21:00,2011-11-29 08:21:00,10,0,1.0,1,0,0,0.5539199416211344
15149,1,128,520.8000000000001,22.643478260869568,23,2011-07-29 10:58:00,2011-07-29 10:58:00,133,0,1.0,1,0,1,0.5471541596759022
15150,10,3642,5291.33,15.517096774193549,282,2011-03-15 14:21:00,2011-11-22 12:52:00,16,251,0.0396825396825396,6,1,0,0.009606623077858902
15152,13,2704,4745.69,17.511771217712177,196,2011-06-05 15:36:00,2011-11-30 12:32:00,9,177,0.0730337078651685,6,1,0,0.03140677187395185
15153,1,198,329.25,14.965909090909092,22,2011-11-08 17:09:00,2011-11-08 17:09:00,30,0,1.0,1,0,0,0.5493209726104855
15154,1,89,254.28,3.581408450704225,66,2011-09-25 16:05:00,2011-09-25 16:05:00,74,0,1.0,1,0,0,0.4597919597379294
15156,3,597,961.49,17.481636363636365,51,2011-11-06 12:41:00,2011-12-08 18:22:00,0,32,0.0909090909090909,2,1,0,0.4944516557398592
15157,3,2392,1936.07,15.48856,125,2010-12-16 13:44:00,2011-12-06 11:28:00,3,354,0.0084507042253521,3,1,0,0.03757806130860338
15158,1,198,401.4,57.34285714285715,7,2011-10-25 13:53:00,2011-10-25 13:53:00,44,0,1.0,1,0,0,0.5813254753307686
15159,30,11441,18641.01,26.254943661971833,363,2010-12-13 15:44:00,2011-12-08 12:05:00,1,359,0.0833333333333333,12,1,0,0.00017219390254510054
15160,1,84,158.16,39.54,4,2010-12-17 14:15:00,2010-12-17 14:15:00,356,0,1.0,1,0,1,0.5908860529006342
15163,2,186,304.47,10.49896551724138,29,2011-05-31 15:22:00,2011-11-21 13:10:00,17,173,0.0114942528735632,2,1,0,0.31673293356769805
15164,3,351,824.58,8.164158415841584,79,2011-01-04 14:21:00,2011-10-02 12:05:00,68,270,0.011070110701107,3,1,0,0.11314494490171881
15165,1,160,487.75,18.064814814814813,27,2010-12-01 14:03:00,2010-12-01 14:03:00,372,0,1.0,1,0,1,0.5383538644047954
15167,1,65,158.8,4.071794871794872,39,2011-01-23 12:41:00,2011-01-23 12:41:00,320,0,1.0,1,0,1,0.5175020485133698
15168,1,52,106.56,21.312,5,2011-11-14 11:26:00,2011-11-14 11:26:00,25,0,1.0,1,0,0,0.5891243496069218
15171,1,290,1289.5,257.9,5,2011-01-12 15:36:00,2011-01-12 15:36:00,330,0,1.0,1,0,1,0.5844069700050472
15172,5,1611,1624.05,14.764090909090909,106,2011-04-17 11:56:00,2011-12-01 11:51:00,8,227,0.0219298245614035,5,1,0,0.08504038635917698
15174,1,145,135.75,12.340909090909092,11,2011-01-21 09:06:00,2011-01-21 09:06:00,322,0,1.0,1,0,1,0.574570932970601
15175,1,454,224.14,9.745217391304347,23,2011-09-29 11:31:00,2011-09-29 11:31:00,71,0,1.0,1,0,0,0.5432027849491886
15178,1,30,40.5,13.5,3,2011-03-24 15:12:00,2011-03-24 15:12:00,259,0,1.0,1,0,1,0.5938168955484542
15179,5,1938,2206.95,23.73064516129032,91,2011-01-24 13:48:00,2011-11-21 12:53:00,17,300,0.0166112956810631,4,1,0,0.06123453651187704
15180,1,36,87.5,14.583333333333334,6,2010-12-07 14:57:00,2010-12-07 14:57:00,366,0,1.0,1,0,1,0.5872713659064176
15181,3,544,689.4799999999999,43.092499999999994,11,2011-03-15 12:03:00,2011-10-04 13:58:00,65,203,0.0147058823529411,3,1,0,0.2670640871249366
15182,2,253,622.85,21.477586206896554,24,2011-03-16 12:42:00,2011-07-08 13:37:00,153,114,0.017391304347826,2,1,1,0.42190660234220506
15184,2,199,402.2,6.487096774193549,59,2011-06-02 12:06:00,2011-11-10 13:41:00,28,161,0.0123456790123456,2,1,0,0.2812492557562685
15185,1,666,310.62,14.791428571428572,21,2011-09-30 14:06:00,2011-09-30 14:06:00,69,0,1.0,1,0,0,0.5428367103395573
15186,2,215,411.41,21.653157894736843,17,2011-06-24 14:54:00,2011-11-25 14:58:00,13,154,0.0129032258064516,2,1,0,0.36929833955322794
15187,16,1887,4777.18,52.49648351648352,61,2011-05-11 13:49:00,2011-12-08 11:56:00,1,210,0.0758293838862559,8,1,0,0.05737673929062885
15189,41,6149,16225.39,76.53485849056604,80,2011-01-11 12:29:00,2011-12-08 13:22:00,0,331,0.1234939759036144,12,1,0,0.002191165147856596
15192,3,918,1044.32,20.47686274509804,36,2010-12-09 14:56:00,2011-08-12 11:41:00,119,245,0.0121951219512195,3,1,1,0.1726116642295817
15193,1,144,499.32,26.28,19,2011-10-10 08:23:00,2011-10-10 08:23:00,60,0,1.0,1,0,0,0.5554852004644489
15194,15,5703,7616.53,24.569451612903222,209,2010-12-06 15:00:00,2011-12-06 15:10:00,2,365,0.040983606557377,10,1,0,0.003354045296596016
15195,1,1404,3861.0,3861.0,1,2011-12-07 12:20:00,2011-12-07 12:20:00,2,0,1.0,1,0,0,0.6965353055185429
15197,3,469,1079.61,33.737812500000004,30,2010-12-16 18:01:00,2011-11-29 10:00:00,10,347,0.0086206896551724,3,1,0,0.09807028554518382
15198,2,120,193.64,19.363999999999997,10,2011-08-07 15:16:00,2011-09-08 14:42:00,91,31,0.0625,2,1,1,0.6069962360058505
15199,4,396,1268.7,97.5923076923077,5,2011-02-04 14:04:00,2011-10-11 15:12:00,58,249,0.016,4,1,0,0.19283524748753247
15201,5,1210,1236.54,17.92086956521739,35,2011-04-06 14:02:00,2011-09-13 14:53:00,86,160,0.031055900621118,4,1,0,0.23875579761854338
15203,6,1753,1827.8,12.871830985915492,82,2011-02-01 12:29:00,2011-11-14 08:16:00,25,285,0.0209790209790209,6,1,0,0.059955693858200196
15204,1,258,316.58,35.175555555555555,9,2010-12-17 13:49:00,2010-12-17 13:49:00,356,0,1.0,1,0,1,0.57595142159277
15205,2,378,653.24,17.655135135135136,37,2011-08-04 16:07:00,2011-09-15 19:36:00,84,42,0.0465116279069767,2,1,0,0.5224950960805259
15206,4,162,420.2999999999999,46.7,3,2011-03-09 08:59:00,2011-11-29 13:41:00,9,265,0.0150375939849624,4,1,0,0.18377705522748852
15208,5,316,870.12,20.717142857142857,25,2010-12-21 13:03:00,2011-12-08 17:24:00,0,352,0.0141643059490084,5,1,0,0.07758317471398547
15210,1,228,331.18,16.559,20,2011-04-28 16:11:00,2011-04-28 16:11:00,224,0,1.0,1,0,1,0.55295355857177
15211,2,240,894.4100000000001,17.20019230769231,52,2010-12-09 16:08:00,2011-10-10 13:31:00,59,304,0.0065573770491803,2,1,0,0.12655972154891584
15212,1,36,101.8,20.36,5,2011-04-12 13:45:00,2011-04-12 13:45:00,240,0,1.0,1,0,1,0.5894169242425374
15213,2,272,328.35,13.68125,22,2011-01-14 11:05:00,2011-01-25 12:21:00,318,11,0.1666666666666666,1,0,1,0.47745419899715713
15214,8,1254,1661.44,15.104,109,2011-04-11 09:46:00,2011-12-08 12:07:00,1,241,0.0330578512396694,6,1,0,0.06238076120310312
15215,3,225,734.94,20.99828571428571,33,2011-09-04 12:24:00,2011-10-24 11:41:00,46,49,0.06,2,1,0,0.5091999795653679
15216,1,28,96.6,48.3,2,2011-09-13 11:41:00,2011-09-13 11:41:00,87,0,1.0,1,0,0,0.5968500883807949
15218,11,3329,5756.89,34.680060240963854,77,2011-01-25 11:20:00,2011-11-29 11:48:00,10,308,0.0355987055016181,9,1,0,0.02537946941213975
15219,1,45,305.75,33.97222222222222,9,2011-06-16 16:57:00,2011-06-16 16:57:00,175,0,1.0,1,0,1,0.579901164001144
15220,6,1393,1778.96,15.204786324786324,110,2011-03-04 10:24:00,2011-10-19 12:39:00,51,229,0.0260869565217391,6,1,0,0.07227346178833358
15221,1,43,403.25,80.65,5,2010-12-08 13:08:00,2010-12-08 13:08:00,365,0,1.0,1,0,1,0.589192885985593
15222,1,440,585.0,117.0,5,2011-01-25 08:03:00,2011-01-25 08:03:00,318,0,1.0,1,0,1,0.5818935101933318
15223,2,213,755.75,37.7875,14,2011-04-04 12:17:00,2011-04-28 11:31:00,225,23,0.0833333333333333,1,0,1,0.466956167953093
15224,2,152,322.08,23.005714285714284,13,2010-12-12 12:34:00,2010-12-16 15:02:00,357,4,0.4,1,0,1,0.5224595247087821
15225,1,226,409.4,17.8,23,2011-04-19 14:51:00,2011-04-19 14:51:00,233,0,1.0,1,0,1,0.5461259585553752
15226,1,71,154.41,19.30125,8,2011-02-02 11:41:00,2011-02-02 11:41:00,310,0,1.0,1,0,1,0.5821787273795804
15227,5,750,1219.4,21.024137931034485,43,2011-01-26 15:31:00,2011-11-03 11:59:00,36,280,0.0177935943060498,4,1,0,0.11315028213547094
15228,4,2255,3386.71,27.09368,110,2011-02-18 09:04:00,2011-10-04 13:56:00,65,228,0.0174672489082969,4,1,0,0.08411886572020115
15230,2,351,429.6,18.678260869565214,23,2011-04-13 11:04:00,2011-04-14 14:39:00,238,1,1.0,1,0,1,0.5299718330193401
15232,2,686,612.06,19.743870967741938,26,2011-07-22 12:21:00,2011-08-18 16:27:00,112,27,0.0714285714285714,2,1,1,0.5679864167969778
15234,1,196,197.0,14.071428571428571,14,2011-03-08 08:53:00,2011-03-08 08:53:00,276,0,1.0,1,0,1,0.5670109976228194
15235,12,1324,2247.51,15.716853146853149,132,2010-12-01 17:22:00,2011-05-06 09:44:00,217,155,0.0769230769230769,5,1,1,0.0832355936352767
15236,1,269,321.05,21.403333333333332,15,2011-02-14 10:52:00,2011-02-14 10:52:00,298,0,1.0,1,0,1,0.5628101464386427
15237,4,1071,1412.32,14.265858585858584,94,2011-04-26 15:04:00,2011-12-08 09:46:00,1,225,0.0176991150442477,4,1,0,0.11172004590772601
15238,3,692,1071.99,21.4398,49,2011-06-08 16:00:00,2011-11-10 14:28:00,28,154,0.0193548387096774,3,1,0,0.26856396330858934
15239,2,594,780.59,15.930408163265309,48,2011-09-22 09:53:00,2011-11-29 14:14:00,9,68,0.0289855072463768,2,1,0,0.44670010640979185
15240,5,1369,1706.57,21.879102564102563,58,2011-02-01 08:23:00,2011-10-26 09:50:00,44,267,0.0186567164179104,5,1,0,0.0956045456821338
15241,8,1818,1756.44,15.967636363636364,82,2011-03-01 11:02:00,2011-10-04 09:05:00,66,216,0.0368663594470046,7,1,0,0.08007855800371136
15243,1,185,316.68,14.394545454545456,22,2011-09-26 14:12:00,2011-09-26 14:12:00,73,0,1.0,1,0,0,0.54965160730568
15244,2,405,631.57,18.57558823529412,31,2011-04-05 15:12:00,2011-10-05 13:19:00,64,182,0.0109289617486338,2,1,0,0.2936790810865015
15245,3,1784,2515.84,28.267865168539327,55,2011-03-23 13:42:00,2011-07-28 18:56:00,133,127,0.0234375,3,1,1,0.27088257792528825
15246,2,247,514.15,15.58030303030303,32,2010-12-16 09:46:00,2011-04-15 14:45:00,237,120,0.0165289256198347,2,1,1,0.3960539745416116
15247,1,160,356.0,59.333333333333336,6,2011-08-09 12:52:00,2011-08-09 12:52:00,121,0,1.0,1,0,1,0.5845417316430597
15249,13,3577,6688.46,19.109885714285713,211,2011-03-28 12:49:00,2011-11-08 11:45:00,31,224,0.0577777777777777,8,1,0,0.014523578525519842
15251,11,6171,10484.99,94.45936936936936,97,2011-04-12 10:38:00,2011-11-30 15:02:00,8,232,0.0472103004291845,8,1,0,0.027969971338122658
15252,2,522,740.78,16.83590909090909,44,2011-06-09 14:15:00,2011-11-03 13:30:00,35,146,0.0136054421768707,2,1,0,0.3231860436142279
15253,5,866,918.2,17.32452830188679,52,2011-06-23 12:19:00,2011-11-23 16:22:00,15,153,0.0324675324675324,3,1,0,0.24579769552035144
15254,1,275,300.36,16.686666666666667,18,2011-08-04 15:04:00,2011-08-04 15:04:00,126,0,1.0,1,0,1,0.5564967426301889
15255,1,489,890.85,18.95425531914894,47,2011-10-04 12:43:00,2011-10-04 12:43:00,66,0,1.0,1,0,0,0.4867868156148647
15256,1,55,98.45,16.408333333333335,6,2011-07-14 11:47:00,2011-07-14 11:47:00,148,0,1.0,1,0,1,0.5869061058663207
15257,1,46,317.15,45.30714285714286,7,2011-03-01 12:58:00,2011-03-01 12:58:00,282,0,1.0,1,0,1,0.5843362494019826
15258,2,142,623.16,18.328235294117647,32,2011-05-06 14:16:00,2011-06-24 12:30:00,168,48,0.0408163265306122,2,1,1,0.526591496482355
15260,7,885,1810.77,23.516493506493507,62,2010-12-02 12:09:00,2011-08-31 13:55:00,99,272,0.0256410256410256,6,1,1,0.07795645834274575
15261,1,270,254.82,13.41157894736842,19,2011-07-27 15:20:00,2011-07-27 15:20:00,134,0,1.0,1,0,1,0.5547926997346329
15262,1,73,178.95000000000002,17.895000000000003,10,2011-01-20 12:16:00,2011-01-20 12:16:00,323,0,1.0,1,0,1,0.5777883051321508
15263,1,89,156.51,13.0425,12,2011-08-25 10:26:00,2011-08-25 10:26:00,106,0,1.0,1,0,1,0.5733995571861327
15264,1,265,393.74,17.11913043478261,23,2011-10-06 13:49:00,2011-10-06 13:49:00,63,0,1.0,1,0,0,0.5455114165668788
15265,2,612,1506.12,18.36731707317073,76,2011-04-18 12:16:00,2011-07-11 14:46:00,150,84,0.0235294117647058,2,1,1,0.35615355029777757
15266,1,18,119.3,19.883333333333333,6,2011-01-05 13:40:00,2011-01-05 13:40:00,337,0,1.0,1,0,1,0.5875438083182627
15267,5,944,1717.36,156.12363636363636,8,2011-06-10 10:24:00,2011-11-17 15:59:00,21,160,0.031055900621118,4,1,0,0.287630517336084
15269,1,26,408.8,204.4,2,2011-11-16 09:32:00,2011-11-16 09:32:00,23,0,1.0,1,0,0,0.600746965684363
15270,7,1521,2379.49,58.03634146341463,22,2011-02-02 13:25:00,2011-11-24 09:24:00,15,294,0.023728813559322,4,1,0,0.10223557865428813
15271,15,1251,2493.34,9.444469696969698,184,2010-12-09 13:47:00,2011-12-02 14:11:00,6,358,0.0417827298050139,10,1,0,0.007279454433719769
15272,2,310,721.94,11.45936507936508,63,2011-09-14 16:36:00,2011-10-13 12:59:00,56,28,0.0689655172413793,2,1,0,0.49481785115365473
15274,2,619,716.57,15.24617021276596,44,2011-11-21 14:17:00,2011-12-05 16:57:00,3,14,0.1333333333333333,2,1,0,0.5569605314407767
15275,1,498,615.14,15.003414634146342,41,2011-11-02 11:20:00,2011-11-02 11:20:00,37,0,1.0,1,0,0,0.5015050792987481
15276,1,61,128.63,2.6251020408163264,49,2011-10-04 16:39:00,2011-10-04 16:39:00,65,0,1.0,1,0,0,0.496885187910842
15277,1,205,255.9,21.325,12,2011-10-24 10:08:00,2011-10-24 10:08:00,46,0,1.0,1,0,0,0.5707334065960141
15279,1,189,290.51,15.29,19,2010-12-20 10:48:00,2010-12-20 10:48:00,354,0,1.0,1,0,1,0.5560556777996652
15280,1,154,113.12,7.07,16,2011-06-20 17:14:00,2011-06-20 17:14:00,171,0,1.0,1,0,1,0.5641263123611199
15281,9,1211,2332.15,16.778057553956835,121,2011-01-10 15:51:00,2011-10-12 09:10:00,58,274,0.0327272727272727,6,1,0,0.04239537837513629
15286,1,55,240.55,80.18333333333334,3,2011-10-21 11:08:00,2011-10-21 11:08:00,49,0,1.0,1,0,0,0.5944319192484184
15287,2,433,486.69,24.3345,17,2011-09-30 12:30:00,2011-11-17 15:34:00,21,48,0.0408163265306122,2,1,0,0.5538166552524137
15288,5,775,2306.52,26.210454545454542,80,2010-12-09 13:59:00,2011-10-27 16:58:00,42,322,0.0154798761609907,5,1,0,0.057055100808277553
15289,3,1008,939.78,16.20310344827586,43,2011-04-04 12:44:00,2011-11-10 13:49:00,28,220,0.0135746606334841,3,1,0,0.19017926643698857
15290,18,4501,7943.22,38.93735294117647,93,2010-12-15 16:03:00,2011-12-05 11:39:00,4,354,0.0507042253521126,12,1,0,0.007464660401639009
15291,15,2103,4668.3,45.32330097087379,62,2010-12-01 09:32:00,2011-11-14 11:02:00,25,348,0.0429799426934097,7,1,0,0.024542751041464975
15292,1,55,178.39,7.432916666666666,24,2011-05-22 15:00:00,2011-05-22 15:00:00,200,0,1.0,1,0,1,0.5488761070440781
15296,6,1766,3672.86,18.932268041237116,137,2011-01-17 11:57:00,2011-10-20 11:47:00,50,275,0.0217391304347826,5,1,0,0.042494178135926985
15297,3,292,641.94,16.46,30,2011-10-07 09:42:00,2011-11-29 16:32:00,9,53,0.0555555555555555,2,1,0,0.5074424071647127
15298,12,3116,4799.9,24.999479166666664,115,2010-12-08 13:55:00,2011-12-07 17:17:00,1,364,0.0328767123287671,9,1,0,0.012504904775008603
15299,7,2948,4507.01,643.8585714285715,7,2010-12-02 16:48:00,2011-10-03 14:19:00,66,304,0.0229508196721311,4,1,0,0.09963286641387119
15300,1,292,496.44,17.73,28,2011-10-06 17:08:00,2011-10-06 17:08:00,63,0,1.0,1,0,0,0.5337127343272816
15301,12,2751,5049.95,20.867561983471074,167,2010-12-06 12:21:00,2011-10-20 09:57:00,50,317,0.0377358490566037,9,1,0,0.0115847125127838
15303,1,248,574.02,18.516774193548382,31,2011-02-22 13:59:00,2011-02-22 13:59:00,289,0,1.0,1,0,1,0.5276154427517533
15304,8,104,694.4000000000001,30.19130434782609,8,2010-12-06 11:42:00,2011-10-10 10:23:00,60,307,0.0259740259740259,7,1,0,0.09023289956449099
15306,3,810,1174.35,20.247413793103448,57,2011-07-14 15:22:00,2011-10-06 12:56:00,63,83,0.0357142857142857,3,1,0,0.3620822359009862
15307,1,37,205.3,17.108333333333334,12,2011-09-05 11:38:00,2011-09-05 11:38:00,95,0,1.0,1,0,1,0.5740945241529076
15308,1,175,310.47,16.340526315789475,19,2011-03-10 13:08:00,2011-03-10 13:08:00,273,0,1.0,1,0,1,0.5561810881829953
15311,91,38147,60632.75,25.626690617075234,567,2010-12-01 09:41:00,2011-12-09 12:00:00,0,373,0.2433155080213903,13,1,0,4.1652980782022046e-08
15312,4,516,924.85,19.677659574468084,42,2010-12-20 12:51:00,2011-09-25 13:10:00,74,279,0.0142857142857142,4,1,0,0.12259114004262996
15313,1,25,52.0,52.0,1,2011-08-21 16:02:00,2011-08-21 16:02:00,109,0,1.0,1,0,1,0.5994628938413619
15314,1,313,327.97,13.665416666666667,24,2011-05-24 14:39:00,2011-05-24 14:39:00,198,0,1.0,1,0,1,0.5429869671762526
15315,2,862,570.5,15.41891891891892,35,2011-08-15 15:17:00,2011-10-06 12:51:00,63,51,0.0384615384615384,2,1,0,0.501646809054251
15316,1,100,165.0,165.0,1,2011-01-17 11:34:00,2011-01-17 11:34:00,326,0,1.0,1,0,1,0.6018912909555537
15318,1,642,312.62,9.473333333333333,33,2011-12-06 11:30:00,2011-12-06 11:30:00,3,0,1.0,1,0,0,0.5180395634954172
15319,1,175,204.5,12.78125,16,2011-03-01 12:48:00,2011-03-01 12:48:00,283,0,1.0,1,0,1,0.5631644360582673
15320,1,326,267.13,7.420277777777778,36,2011-10-26 13:27:00,2011-10-26 13:27:00,43,0,1.0,1,0,0,0.5180287761095534
15321,3,1181,2748.31,28.92957894736842,83,2011-02-21 11:10:00,2011-09-30 09:40:00,70,220,0.0135746606334841,2,1,0,0.14581206523348447
15322,1,416,679.68,16.18285714285714,42,2011-09-15 09:34:00,2011-09-15 09:34:00,85,0,1.0,1,0,0,0.5004172575943895
15325,1,231,161.74,3.369583333333334,47,2011-08-28 11:55:00,2011-08-28 11:55:00,103,0,1.0,1,0,1,0.4976035876833218
15326,1,386,311.71,10.748620689655173,29,2011-01-10 11:38:00,2011-01-10 11:38:00,333,0,1.0,1,0,1,0.5312455661267658
15327,1,116,208.75,20.875,10,2011-10-18 11:55:00,2011-10-18 11:55:00,52,0,1.0,1,0,0,0.576862058343191
15329,3,486,1049.7,18.41578947368421,51,2011-06-21 10:37:00,2011-10-31 15:36:00,38,132,0.0225563909774436,3,1,0,0.300785990006804
15330,2,1312,714.96,54.99692307692308,10,2011-10-10 12:30:00,2011-11-07 17:50:00,31,28,0.0689655172413793,2,1,0,0.5878767178748056
15332,4,652,1661.06,47.45885714285714,29,2010-12-05 12:00:00,2010-12-08 14:43:00,365,3,1.0,1,0,1,0.47433900504579474
15333,1,344,1028.56,64.285,16,2011-05-15 13:27:00,2011-05-15 13:27:00,207,0,1.0,1,0,1,0.554847959181035
15334,3,273,350.82,3.579795918367347,67,2011-06-19 13:51:00,2011-07-06 11:22:00,156,16,0.1764705882352941,2,1,1,0.5048910927774838
15335,1,79,170.22,4.863428571428571,34,2011-10-17 12:50:00,2011-10-17 12:50:00,53,0,1.0,1,0,0,0.527604131335393
15339,2,416,574.07,6.675232558139536,77,2011-01-25 13:15:00,2011-10-04 12:51:00,65,251,0.0079365079365079,2,1,0,0.14659487974856794
15341,1,812,2020.52,118.85411764705884,17,2011-09-20 09:40:00,2011-09-20 09:40:00,80,0,1.0,1,0,0,0.537457654703047
15342,1,283,406.09,16.920416666666664,24,2011-08-02 10:19:00,2011-08-02 10:19:00,129,0,1.0,1,0,1,0.5429805641188584
15343,1,84,364.5,17.357142857142858,21,2011-09-13 13:55:00,2011-09-13 13:55:00,86,0,1.0,1,0,0,0.5532950863483825
15344,3,116,563.94,21.69,21,2011-09-26 14:48:00,2011-12-09 10:45:00,0,73,0.0405405405405405,3,1,0,0.4706686959184316
15345,1,81,393.54,19.677,20,2011-10-25 11:28:00,2011-10-25 11:28:00,45,0,1.0,1,0,0,0.5552560705491842
15346,1,144,252.42,14.848235294117648,17,2011-01-11 11:18:00,2011-01-11 11:18:00,332,0,1.0,1,0,1,0.5613379285826766
15347,1,130,201.6,40.32000000000001,5,2010-12-08 15:25:00,2010-12-08 15:25:00,365,0,1.0,1,0,1,0.5876740762864093
15348,1,84,158.04,17.56,9,2011-09-28 13:17:00,2011-09-28 13:17:00,71,0,1.0,1,0,0,0.5797977520222606
15349,2,321,463.91,6.533943661971831,65,2011-06-05 15:46:00,2011-07-04 16:06:00,157,29,0.0666666666666666,2,1,1,0.4906585217120101
15350,1,51,115.65,23.130000000000003,5,2010-12-01 13:33:00,2010-12-01 13:33:00,372,0,1.0,1,0,1,0.5891396254031702
15351,7,742,1934.66,8.83406392694064,157,2010-12-05 11:49:00,2011-11-27 12:52:00,11,357,0.0195530726256983,4,1,0,0.024339499272028498
15353,2,341,770.12,12.624918032786884,59,2010-12-07 11:49:00,2011-03-30 12:15:00,254,113,0.0175438596491228,2,1,1,0.35114410114682654
15355,2,45,277.05,19.789285714285715,9,2011-10-17 15:22:00,2011-11-10 13:44:00,28,23,0.0833333333333333,2,1,0,0.6241813639886497
15356,10,1643,2718.03,5.446953907815631,215,2010-12-06 14:05:00,2011-11-08 13:11:00,30,336,0.029673590504451,9,1,0,0.008791422896534078
15358,22,7050,8347.2,15.149183303085302,292,2010-12-09 10:04:00,2011-12-05 09:04:00,4,360,0.0609418282548476,13,1,0,0.000832587717647566
15360,1,223,427.93,32.917692307692306,13,2011-10-31 09:35:00,2011-10-31 09:35:00,39,0,1.0,1,0,0,0.5673098024695613
15361,1,336,418.92,59.84571428571429,7,2010-12-13 09:52:00,2010-12-13 09:52:00,361,0,1.0,1,0,1,0.5787504044408652
15363,1,144,326.0,20.375,16,2010-12-02 12:28:00,2010-12-02 12:28:00,372,0,1.0,1,0,1,0.5629746258714613
15364,2,493,913.19,31.489310344827587,29,2011-03-30 13:39:00,2011-09-05 09:46:00,95,158,0.0125786163522012,2,1,1,0.3313661710936685
15365,7,1084,2314.32,20.301052631578948,65,2011-01-28 13:08:00,2011-11-14 08:29:00,25,289,0.0241379310344827,3,1,0,0.08508714310435318
15366,2,621,602.51,13.69340909090909,37,2010-12-16 15:59:00,2011-09-25 15:01:00,74,282,0.0070671378091872,2,1,0,0.15895505119991102
15367,4,1057,1877.59,19.764105263157894,91,2011-03-09 13:53:00,2011-10-13 14:13:00,56,218,0.0182648401826484,3,1,0,0.1278447881366478
15368,1,230,446.94000000000005,111.735,4,2011-11-18 14:42:00,2011-11-18 14:42:00,20,0,1.0,1,0,0,0.5887535440184206
15370,7,830,2386.05,25.38351063829787,65,2011-01-11 11:32:00,2011-10-30 10:58:00,40,291,0.023972602739726,6,1,0,0.06602092552078914
15372,1,2924,2007.4,74.34814814814814,27,2011-07-25 16:39:00,2011-07-25 16:39:00,136,0,1.0,1,0,1,0.4751157351615714
15373,12,500,2415.91,18.302348484848483,74,2010-12-03 14:40:00,2011-12-01 15:05:00,7,363,0.0329670329670329,9,1,0,0.023285452993196405
15374,1,126,168.0,56.0,3,2011-08-03 09:59:00,2011-08-03 09:59:00,128,0,1.0,1,0,1,0.5927570958972378
15376,3,615,1221.56,10.530689655172411,100,2011-05-01 13:45:00,2011-10-30 15:04:00,39,182,0.0163934426229508,3,1,0,0.16346423795450848
15379,7,2305,3703.29,19.089123711340207,145,2010-12-16 13:02:00,2011-06-23 13:13:00,168,189,0.0368421052631578,5,1,1,0.066114060340951
15380,5,376,1690.2600000000002,46.951666666666675,22,2010-12-09 15:01:00,2011-12-01 12:13:00,8,356,0.0140056022408963,5,1,0,0.0752093559408957
15381,2,171,596.85,74.60625,8,2011-03-16 13:44:00,2011-05-10 11:55:00,213,54,0.0363636363636363,2,1,1,0.5675296862232362
15382,6,4012,5955.71,19.7208940397351,193,2011-02-17 12:01:00,2011-11-25 10:58:00,14,280,0.0213523131672597,5,1,0,0.020400813366814544
15384,2,596,642.41,15.668536585365851,34,2010-12-15 11:34:00,2011-06-23 10:57:00,169,189,0.0105263157894736,2,1,1,0.27517592861908546
15385,1,161,316.88,26.406666666666663,12,2011-10-30 15:11:00,2011-10-30 15:11:00,39,0,1.0,1,0,0,0.5712169533492872
15386,1,446,394.14,12.714193548387096,31,2011-06-06 13:47:00,2011-06-06 13:47:00,185,0,1.0,1,0,1,0.5252889347569878
15388,1,88,140.54,14.053999999999998,10,2011-03-14 13:53:00,2011-03-14 13:53:00,269,0,1.0,1,0,1,0.5776906191603323
15389,1,400,500.0,500.0,1,2011-06-20 16:18:00,2011-06-20 16:18:00,171,0,1.0,1,0,1,0.6076701409166876
15392,4,1277,1535.53,18.28011904761905,74,2010-12-14 15:50:00,2011-12-05 11:01:00,4,355,0.0112359550561797,4,1,0,0.05393980102387497
15393,2,150,231.86,19.32166666666667,10,2011-03-03 16:58:00,2011-11-23 16:48:00,15,264,0.0075471698113207,2,1,0,0.22092296470504122
15394,4,910,2183.54,25.68870588235294,54,2010-12-16 12:46:00,2011-11-30 11:49:00,9,348,0.0114613180515759,4,1,0,0.06652201693368678
15395,1,17,107.45,15.35,7,2011-01-18 12:40:00,2011-01-18 12:40:00,325,0,1.0,1,0,1,0.5854449795954748
15396,1,122,288.18,20.584285714285716,14,2011-08-19 10:56:00,2011-08-19 10:56:00,112,0,1.0,1,0,1,0.5678400168694512
15397,1,20,94.0,15.666666666666666,6,2011-02-23 09:25:00,2011-02-23 09:25:00,289,0,1.0,1,0,1,0.5875514781843322
15398,2,769,1345.53,18.43191780821918,60,2011-09-22 14:56:00,2011-11-23 16:47:00,15,62,0.0317460317460317,2,1,0,0.42459736800748454
15399,3,611,815.77,16.3154,45,2011-09-21 15:57:00,2011-12-08 13:04:00,0,77,0.0384615384615384,3,1,0,0.4025620817991682
15400,5,390,716.2,59.68333333333334,10,2011-03-06 11:27:00,2011-09-08 13:57:00,91,186,0.0267379679144385,4,1,1,0.25906918499082715
15402,2,694,626.77,14.923095238095238,35,2011-05-27 13:32:00,2011-07-14 12:17:00,148,47,0.0416666666666666,2,1,1,0.5116300032936152
15405,1,193,349.1,43.6375,8,2011-06-03 14:44:00,2011-06-03 14:44:00,188,0,1.0,1,0,1,0.579257589199705
15406,2,254,510.71,9.636037735849058,51,2011-02-11 16:19:00,2011-11-08 13:22:00,30,269,0.0074074074074074,2,1,0,0.15989026089988295
15407,4,552,1046.74,7.072567567567567,142,2011-02-07 13:18:00,2011-11-06 11:55:00,33,271,0.0147058823529411,4,1,0,0.05974091361922786
15408,1,106,267.18,7.858235294117647,34,2011-03-20 15:02:00,2011-03-20 15:02:00,263,0,1.0,1,0,1,0.5263468674866507
15410,8,1200,3450.84,28.285573770491805,48,2011-03-23 10:15:00,2011-09-16 14:47:00,83,177,0.0449438202247191,6,1,0,0.1424776595396304
15411,4,529,1348.93,13.764591836734697,86,2011-06-10 12:30:00,2011-11-13 15:19:00,25,156,0.0254777070063694,4,1,0,0.18783705567955494
15412,1,108,190.53,19.053,10,2011-06-21 15:24:00,2011-06-21 15:24:00,170,0,1.0,1,0,1,0.5770929748460787
15414,3,443,774.9000000000001,19.86923076923077,37,2011-04-11 13:45:00,2011-11-30 09:50:00,9,232,0.0128755364806866,2,1,0,0.20688139522487584
15415,1,551,559.61,11.906595744680851,46,2011-01-30 14:13:00,2011-01-30 14:13:00,312,0,1.0,1,0,1,0.4904256993338509
15416,4,2090,3984.32,20.75166666666667,165,2011-03-02 08:41:00,2011-10-06 09:38:00,64,218,0.0182648401826484,4,1,0,0.05808850189419471
15417,1,284,508.8,18.17142857142857,28,2011-09-15 15:26:00,2011-09-15 15:26:00,84,0,1.0,1,0,0,0.5337693480764696
15419,1,230,135.86,16.9825,8,2011-11-15 09:23:00,2011-11-15 09:23:00,24,0,1.0,1,0,0,0.5793347581497617
15421,4,500,950.36,17.93132075471698,40,2011-02-02 14:36:00,2011-10-12 09:20:00,58,251,0.0158730158730158,3,1,0,0.16020570410654045
15422,2,38,97.7,16.283333333333335,6,2011-01-20 14:17:00,2011-01-20 16:17:00,322,0,2.0,1,0,1,0.6203331330657733
15423,1,101,43.5,21.75,2,2011-11-01 14:01:00,2011-11-01 14:01:00,37,0,1.0,1,0,0,0.5948706613166858
15424,2,554,383.34,22.54941176470588,17,2011-03-30 13:00:00,2011-03-30 13:02:00,253,0,2.0,1,0,1,0.5868217345115315
15426,5,656,1404.07,5.105709090909091,217,2010-12-05 13:55:00,2011-11-20 15:36:00,18,350,0.0142450142450142,3,1,0,0.019262343761308236
15427,3,967,1430.54,4.899109589041096,233,2011-10-23 14:47:00,2011-11-06 14:29:00,32,13,0.2142857142857142,2,1,0,0.19284881625815942
15428,1,102,93.78,15.63,6,2011-11-24 16:54:00,2011-11-24 16:54:00,14,0,1.0,1,0,0,0.5860575683508927
15429,2,380,397.35,4.845731707317073,77,2011-09-25 13:42:00,2011-11-13 12:28:00,26,48,0.0408163265306122,2,1,0,0.4299769800241941
15432,1,65,171.19,17.119,10,2011-11-16 16:30:00,2011-11-16 16:30:00,22,0,1.0,1,0,0,0.5779707990939298
15433,2,534,533.3,13.00731707317073,40,2011-03-17 14:12:00,2011-05-10 10:45:00,213,53,0.037037037037037,2,1,1,0.49391423646856736
15434,5,647,1041.48,18.936,40,2011-05-23 14:18:00,2011-12-01 13:33:00,7,191,0.0260416666666666,4,1,0,0.20160098233726145
15435,1,54,149.29,5.147931034482759,29,2011-11-17 16:39:00,2011-11-17 16:39:00,21,0,1.0,1,0,0,0.5386836712976877
15436,3,574,1067.75,3.6692439862542954,243,2011-04-19 16:52:00,2011-11-27 16:05:00,11,221,0.0135135135135135,3,1,0,0.04297469301165617
15437,1,79,200.16,4.4479999999999995,44,2011-03-22 13:11:00,2011-03-22 13:11:00,261,0,1.0,1,0,1,0.5064291410639753
15438,1,59,156.57999999999998,6.263199999999999,25,2011-07-31 14:19:00,2011-07-31 14:19:00,130,0,1.0,1,0,1,0.5468760443102084
15440,3,197,383.68,6.188387096774194,50,2011-05-15 11:30:00,2011-10-16 12:16:00,54,154,0.0193548387096774,3,1,0,0.27875914587946665
15442,1,120,594.0,297.0,2,2011-04-05 12:24:00,2011-04-05 12:24:00,248,0,1.0,1,0,1,0.6013388705442895
15443,7,1639,3213.59,8.638682795698925,237,2011-01-23 13:25:00,2011-12-08 10:40:00,1,318,0.0219435736677116,6,1,0,0.012403157857934288
15444,2,759,1411.21,6.594439252336449,191,2011-10-30 16:12:00,2011-11-30 17:37:00,8,31,0.0625,2,1,0,0.23613211337844967
15445,1,58,113.5,22.7,5,2011-03-20 15:06:00,2011-03-20 15:06:00,263,0,1.0,1,0,1,0.5890129637231328
15447,1,85,155.17,17.24111111111111,9,2011-01-13 11:26:00,2011-01-13 11:26:00,330,0,1.0,1,0,1,0.5797913071886721
15448,1,232,494.64,17.665714285714284,28,2011-01-31 10:42:00,2011-01-31 10:42:00,312,0,1.0,1,0,1,0.5348483440203364
15449,3,812,974.52,16.242,47,2011-03-23 10:43:00,2011-11-13 15:02:00,25,235,0.0127118644067796,3,1,0,0.17118942837196877
15450,1,376,429.84,14.328,30,2011-11-09 17:11:00,2011-11-09 17:11:00,29,0,1.0,1,0,0,0.5284312076648752
15452,3,280,528.48,9.437142857142858,47,2011-03-20 15:21:00,2011-11-10 12:13:00,29,234,0.0127659574468085,3,1,0,0.18021116939192267
15453,7,837,1371.77,4.91673835125448,169,2011-06-05 12:37:00,2011-12-08 10:59:00,1,185,0.0376344086021505,6,1,0,0.06185429696129556
15454,1,86,179.1,7.164,23,2010-12-12 14:21:00,2010-12-12 14:21:00,361,0,1.0,1,0,1,0.5503517494910628
15456,3,633,434.59,7.492931034482759,48,2010-12-15 15:34:00,2011-03-01 13:51:00,282,75,0.0394736842105263,2,1,1,0.42503250484413063
15457,1,132,237.07,4.087413793103448,56,2011-03-22 15:31:00,2011-03-22 15:31:00,261,0,1.0,1,0,1,0.4799981584833243
15458,1,156,161.64,23.09142857142857,7,2011-11-14 13:08:00,2011-11-14 13:08:00,24,0,1.0,1,0,0,0.58275730214248
15460,1,107,214.26,3.826071428571428,53,2010-12-20 16:08:00,2010-12-20 16:08:00,353,0,1.0,1,0,1,0.4869302998138751
15462,3,172,234.6,21.327272727272728,9,2011-06-05 15:36:00,2011-09-06 13:11:00,93,92,0.032258064516129,3,1,1,0.46307762215216314
15463,1,106,126.14,18.02,7,2011-11-10 12:57:00,2011-11-10 12:57:00,28,0,1.0,1,0,0,0.5837689417323597
15464,1,348,1044.65,6.739677419354839,155,2011-01-05 15:56:00,2011-01-05 15:56:00,337,0,1.0,1,0,1,0.2782029899505552
15465,18,1257,7354.62,75.82082474226804,43,2010-12-05 10:12:00,2011-11-20 10:11:00,19,349,0.0514285714285714,10,1,0,0.018360420317158566
15466,1,246,334.53,5.868947368421052,56,2011-09-15 14:08:00,2011-09-15 14:08:00,84,0,1.0,1,0,0,0.4770500507909026
15467,3,310,524.88,10.093846153846156,41,2011-07-10 14:42:00,2011-11-30 14:17:00,8,142,0.0209790209790209,2,1,0,0.32981672617913094
15468,2,155,467.51,19.479583333333338,24,2011-10-19 13:38:00,2011-10-19 13:49:00,50,0,2.0,1,0,0,0.5789986743770797
15469,2,153,538.55,22.43958333333333,24,2011-08-11 16:54:00,2011-10-20 16:21:00,49,69,0.0285714285714285,2,1,0,0.5056428178109821
15471,1,256,454.48,6.225753424657534,67,2011-12-07 14:12:00,2011-12-07 14:12:00,1,0,1.0,1,0,0,0.45290425445427485
15472,1,251,371.56,4.888947368421053,76,2011-08-18 15:17:00,2011-08-18 15:17:00,112,0,1.0,1,0,1,0.4351047219871493
15473,7,672,1771.2,161.01818181818183,4,2011-10-10 11:12:00,2011-11-25 15:15:00,13,46,0.1489361702127659,2,1,0,0.5198797409283343
15475,1,319,454.11,15.658965517241375,29,2011-09-23 15:20:00,2011-09-23 15:20:00,76,0,1.0,1,0,0,0.5314194993300628
15478,2,575,1399.92,31.816363636363636,34,2011-10-14 11:09:00,2011-10-30 14:19:00,39,16,0.1176470588235294,1,0,0,0.42689128549849464
15480,1,303,905.5,20.122222222222224,45,2011-08-15 14:32:00,2011-08-15 14:32:00,115,0,1.0,1,0,1,0.4943786333040082
15482,12,5004,10879.76,112.16247422680412,46,2010-12-16 10:08:00,2011-11-24 10:46:00,15,343,0.0348837209302325,5,1,0,0.02610943052592887
15483,4,291,225.26,2.681666666666666,74,2011-03-18 12:26:00,2011-07-01 13:07:00,160,105,0.0377358490566037,2,1,1,0.32045094265834834
15484,4,3150,3590.41,19.200053475935828,135,2011-09-22 13:31:00,2011-12-08 15:03:00,0,77,0.0512820512820512,4,1,0,0.17120772352182656
15485,3,1281,2564.5,30.17058823529412,59,2010-12-01 13:23:00,2011-11-09 14:31:00,29,343,0.0087209302325581,3,1,0,0.0725317063685844
15488,1,73,91.32,45.66,2,2011-09-08 10:11:00,2011-09-08 10:11:00,92,0,1.0,1,0,1,0.5959705797886887
15489,3,608,1134.28,22.6856,47,2011-05-12 12:54:00,2011-11-17 08:53:00,22,188,0.0158730158730158,3,1,0,0.22672543556202612
15491,6,1646,3100.09,20.130454545454548,108,2011-04-18 10:04:00,2011-09-05 15:56:00,94,140,0.0425531914893617,5,1,1,0.1341982195289158
15492,2,483,659.4599999999999,18.84171428571428,32,2011-09-26 14:02:00,2011-11-11 14:53:00,27,46,0.0425531914893617,2,1,0,0.5235714608100198
15493,5,551,1953.41,6.7592041522491355,177,2011-03-14 11:44:00,2011-11-07 12:04:00,32,238,0.0209205020920502,4,1,0,0.05262309034094038
15494,2,1139,1280.58,10.49655737704918,120,2011-08-10 15:29:00,2011-11-18 14:51:00,20,99,0.02,2,1,0,0.24940816952712533
15497,2,624,1262.2,84.14666666666668,13,2011-01-24 10:01:00,2011-11-22 11:51:00,17,302,0.0066006600660066,2,1,0,0.16498617864443918
15498,27,6105,13316.4,26.00859375,360,2010-12-08 12:29:00,2011-12-07 12:48:00,2,364,0.073972602739726,11,1,0,0.0003903293814358967
15500,4,572,1131.56,16.640588235294118,64,2011-09-19 13:47:00,2011-12-01 13:47:00,7,73,0.054054054054054,3,1,0,0.35932109183644173
15502,12,4236,10384.93,48.75553990610329,164,2010-12-05 15:40:00,2011-11-24 12:48:00,15,353,0.0338983050847457,6,1,0,0.008958854918142573
15503,1,70,141.04,2.1369696969696967,66,2010-12-12 10:57:00,2010-12-12 10:57:00,362,0,1.0,1,0,1,0.46111115197353286
15504,1,33,52.83,4.063846153846153,13,2011-09-19 13:45:00,2011-09-19 13:45:00,80,0,1.0,1,0,0,0.5729227808247495
15505,5,2390,3610.96,37.22639175257732,90,2011-07-07 13:33:00,2011-10-18 07:56:00,52,102,0.0485436893203883,4,1,0,0.20264524326437577
15506,3,842,972.08,6.03776397515528,121,2011-07-24 11:45:00,2011-11-17 12:11:00,22,116,0.0256410256410256,3,1,0,0.20764959668660857
15507,1,160,475.86,10.574666666666667,41,2011-06-21 11:19:00,2011-06-21 11:19:00,171,0,1.0,1,0,1,0.5089319308206701
15508,6,440,1000.27,10.8725,78,2011-04-18 15:31:00,2011-06-03 15:43:00,188,46,0.1276595744680851,3,1,1,0.36151242195303396
15510,1,2,250.0,250.0,1,2011-01-13 12:10:00,2011-01-13 12:10:00,330,0,1.0,1,0,1,0.6064878482128448
15511,5,269,900.53,5.699556962025317,117,2011-09-15 15:05:00,2011-11-28 09:43:00,11,73,0.0675675675675675,3,1,0,0.26160777658764983
15512,2,68,121.0,17.285714285714285,7,2010-12-15 12:01:00,2011-07-07 10:20:00,155,203,0.0098039215686274,2,1,1,0.3132839249191846
15513,19,5709,14758.22,47.91629870129871,183,2010-12-01 11:22:00,2011-11-06 14:36:00,32,340,0.0557184750733137,10,1,0,0.003197907313546129
15514,11,2098,4023.72,24.239277108433736,96,2010-12-10 13:50:00,2011-11-27 14:40:00,11,352,0.0311614730878186,4,1,0,0.029049415790257726
15516,3,27,62.43,4.162,15,2011-10-24 11:33:00,2011-10-26 10:51:00,44,1,1.5,1,0,0,0.5664780686699302
15517,1,293,267.03,9.89,27,2011-04-20 14:02:00,2011-04-20 14:02:00,232,0,1.0,1,0,1,0.5375155403172468
15518,8,1263,1921.55,9.150238095238096,135,2011-01-11 12:55:00,2011-10-06 13:05:00,63,268,0.0297397769516728,5,1,0,0.04557280424187391
15520,1,314,343.5,19.083333333333332,18,2011-12-08 10:58:00,2011-12-08 10:58:00,1,0,1.0,1,0,0,0.5554882834410546
15521,8,1836,3000.2,16.217297297297296,116,2011-03-30 09:15:00,2011-10-30 13:42:00,39,214,0.0372093023255813,6,1,0,0.06503982354996418
15522,2,572,397.99,7.106964285714286,47,2011-09-13 12:26:00,2011-11-07 11:26:00,32,54,0.0363636363636363,2,1,0,0.47771781410010766
15523,1,132,412.0100000000001,41.20100000000001,10,2011-09-16 16:29:00,2011-09-16 16:29:00,83,0,1.0,1,0,0,0.5756290655139011
15524,1,4,440.0,440.0,1,2011-11-15 12:09:00,2011-11-15 12:09:00,24,0,1.0,1,0,0,0.6127586657200567
15525,3,387,734.37,4.7075000000000005,133,2010-12-01 13:17:00,2011-12-07 14:43:00,1,371,0.0080645161290322,3,1,0,0.03768831303999042
15526,2,24,148.44,37.11,4,2011-11-06 15:01:00,2011-11-06 15:04:00,32,0,2.0,1,0,0,0.6249367384276165
15527,8,991,2428.53,14.990925925925929,127,2010-12-20 14:15:00,2011-11-21 12:17:00,18,335,0.0238095238095238,7,1,0,0.025549242193807664
15528,1,123,229.33,8.820384615384615,26,2011-03-30 16:14:00,2011-03-30 16:14:00,253,0,1.0,1,0,1,0.5430617385193746
15529,11,3455,3962.6,5.985800604229607,415,2010-12-08 12:24:00,2011-11-17 11:29:00,22,343,0.0319767441860465,9,1,0,0.0012573824563155511
15530,4,938,1497.31,13.993551401869158,90,2011-04-07 11:16:00,2011-11-18 12:25:00,21,225,0.0176991150442477,4,1,0,0.11578252172638807
15531,2,1085,1972.39,9.00634703196347,196,2011-11-09 17:47:00,2011-12-01 18:43:00,7,22,0.0869565217391304,2,1,0,0.23309645435249537
15532,4,515,1564.73,6.23398406374502,205,2010-12-16 16:45:00,2011-11-14 14:51:00,24,332,0.012012012012012,4,1,0,0.02320287012991707
15533,3,289,807.57,9.729759036144578,73,2011-09-11 15:41:00,2011-11-20 15:35:00,18,69,0.0428571428571428,2,1,0,0.3882406839353919
15535,4,135,502.9,6.984722222222222,55,2011-01-16 12:35:00,2011-06-19 16:02:00,172,154,0.0258064516129032,3,1,1,0.26141913130132305
15537,1,29,110.92,4.621666666666667,24,2011-06-29 13:10:00,2011-06-29 13:10:00,162,0,1.0,1,0,1,0.5498474790222333
15539,1,410,538.46,13.13317073170732,41,2011-12-02 13:36:00,2011-12-02 13:36:00,6,0,1.0,1,0,0,0.5037763955267859
15540,1,200,213.3,14.22,15,2011-11-28 13:51:00,2011-11-28 13:51:00,10,0,1.0,1,0,0,0.5647425062362041
15541,1,49,85.13000000000001,2.9355172413793107,29,2011-08-17 14:58:00,2011-08-17 14:58:00,113,0,1.0,1,0,1,0.5392626111248521
15543,1,86,127.86,4.566428571428571,26,2011-02-24 15:26:00,2011-02-24 15:26:00,287,0,1.0,1,0,1,0.5444853506061358
15544,9,3109,3546.71,13.693861003861004,122,2010-12-02 12:47:00,2011-11-30 16:43:00,8,363,0.0247252747252747,7,1,0,0.017134885140522187
15545,2,162,288.96999999999997,3.612125,78,2010-12-03 17:28:00,2011-10-16 13:24:00,53,316,0.0063091482649842,2,1,0,0.09883452094134416
15547,14,3999,4910.6,7.065611510791367,441,2010-12-12 13:26:00,2011-12-02 12:52:00,6,354,0.0394366197183098,10,1,0,0.0006859180574443349
15549,3,694,1681.46,14.749649122807018,104,2011-01-27 15:38:00,2011-09-23 16:22:00,76,239,0.0125,3,1,0,0.10908628112029922
15550,4,295,575.63,9.43655737704918,43,2011-02-11 12:49:00,2011-12-05 15:38:00,3,297,0.0134228187919463,4,1,0,0.11115955667505346
15551,1,218,436.06,15.036551724137931,29,2011-11-03 12:37:00,2011-11-03 12:37:00,36,0,1.0,1,0,0,0.5334461026732598
15552,1,60,90.12,5.301176470588236,17,2011-05-06 14:47:00,2011-05-06 14:47:00,216,0,1.0,1,0,1,0.5639367687010848
15553,1,449,428.93,7.798727272727273,51,2011-10-10 14:02:00,2011-10-10 14:02:00,59,0,1.0,1,0,0,0.4829047487308627
15554,1,74,217.2,15.514285714285714,14,2011-03-07 09:00:00,2011-03-07 09:00:00,277,0,1.0,1,0,1,0.5691420817679206
15555,16,4427,4794.86,5.4057046223224345,401,2010-12-05 14:45:00,2011-11-27 16:19:00,11,357,0.0446927374301676,9,1,0,0.0009096071648487612
15556,1,236,279.77,9.024838709677418,31,2011-11-15 16:08:00,2011-11-15 16:08:00,23,0,1.0,1,0,0,0.5301019030130629
15557,1,213,468.91,24.679473684210528,16,2011-11-11 12:46:00,2011-11-11 12:46:00,28,0,1.0,1,0,0,0.5605994057389685
15561,4,267,800.59,29.651481481481483,27,2011-05-08 11:38:00,2011-11-28 11:07:00,11,203,0.0196078431372549,3,1,0,0.23579050415414235
15562,1,39,134.55,134.55,1,2010-12-23 09:55:00,2010-12-23 09:55:00,351,0,1.0,1,0,1,0.6019721697379136
15563,4,1501,1400.44,12.393274336283186,88,2010-12-16 11:27:00,2011-11-17 14:50:00,21,336,0.0118694362017804,3,1,0,0.05925277644246837
15565,2,60,173.16,21.645,8,2011-09-30 10:44:00,2011-10-20 14:33:00,49,20,0.0952380952380952,2,1,0,0.6324067100423593
15567,1,223,186.01,26.572857142857146,7,2011-11-21 10:48:00,2011-11-21 10:48:00,18,0,1.0,1,0,0,0.5814648829024732
15568,3,461,758.29,14.307358490566036,27,2011-09-27 14:37:00,2011-12-07 11:27:00,2,70,0.0422535211267605,3,1,0,0.4551186249741846
15569,5,666,1375.71,44.37774193548387,27,2011-01-11 13:26:00,2011-08-28 10:15:00,103,228,0.0218340611353711,3,1,1,0.18968348763477205
15570,12,2063,4148.82,13.005705329153605,231,2010-12-05 12:57:00,2011-12-02 14:47:00,6,362,0.0330578512396694,8,1,0,0.005872195854399507
15571,4,264,650.4300000000001,11.411052631578947,47,2011-09-22 13:15:00,2011-11-28 10:02:00,11,66,0.0597014925373134,2,1,0,0.4372460372783852
15572,7,1213,2533.42,11.95009433962264,166,2011-03-06 14:44:00,2011-12-05 10:09:00,4,273,0.0255474452554744,5,1,0,0.03528936974427193
15573,2,355,591.1899999999999,6.094742268041236,88,2011-09-15 12:16:00,2011-11-08 11:38:00,31,53,0.037037037037037,2,1,0,0.39754270431223515
15574,4,332,675.64,4.445,131,2010-12-02 15:46:00,2011-06-15 12:01:00,177,194,0.0205128205128205,2,1,1,0.1308981357768204
15576,1,394,921.37,21.427209302325583,43,2011-11-02 12:03:00,2011-11-02 12:03:00,37,0,1.0,1,0,0,0.49676331818564073
15577,3,89,258.88,6.637948717948718,39,2011-02-07 13:32:00,2011-07-11 17:03:00,150,154,0.0193548387096774,2,1,1,0.3200698737911066
15578,1,52,127.1,9.776923076923076,13,2011-06-30 13:03:00,2011-06-30 13:03:00,161,0,1.0,1,0,1,0.5721554599327736
15579,2,117,327.6,6.825,45,2011-01-30 12:09:00,2011-10-02 12:45:00,68,245,0.008130081300813,2,1,0,0.19480701073977424
15581,13,283,3675.77,25.176506849315068,134,2010-12-08 14:38:00,2011-08-11 09:38:00,120,245,0.0528455284552845,6,1,1,0.03984014730639281
15582,3,453,682.9100000000001,15.52068181818182,39,2011-05-03 13:36:00,2011-11-15 09:55:00,24,195,0.0153061224489795,3,1,0,0.23438493860393614
15584,4,313,720.86,5.908688524590164,89,2011-06-30 16:39:00,2011-11-16 10:55:00,23,138,0.0287769784172661,4,1,0,0.21066166071804024
15585,1,320,455.3,14.687096774193549,31,2011-06-16 08:38:00,2011-06-16 08:38:00,176,0,1.0,1,0,1,0.5271795049254048
15587,4,312,913.68,101.52,3,2010-12-23 09:59:00,2011-10-20 13:37:00,49,301,0.0132450331125827,4,1,0,0.14545705369056056
15589,3,243,478.53,16.501034482758623,28,2011-02-02 10:46:00,2011-03-29 09:54:00,255,54,0.0545454545454545,2,1,1,0.5121866227734875
15592,1,354,388.58,16.190833333333334,24,2011-10-24 08:59:00,2011-10-24 08:59:00,46,0,1.0,1,0,0,0.5417829735702884
15593,1,60,199.8,39.96,5,2011-09-30 11:46:00,2011-09-30 11:46:00,70,0,1.0,1,0,0,0.5889488825055048
15594,5,983,1771.78,17.201747572815535,85,2011-04-19 10:08:00,2011-11-24 08:53:00,15,218,0.0228310502283105,3,1,0,0.12921207215633657
15596,5,561,1406.59,18.267402597402597,51,2010-12-09 16:10:00,2011-08-31 10:55:00,100,264,0.0188679245283018,5,1,1,0.1095094080744527
15597,1,279,324.57,14.753181818181815,22,2011-11-04 13:26:00,2011-11-04 13:26:00,34,0,1.0,1,0,0,0.5478464603103445
15598,1,160,240.68,17.19142857142857,14,2011-10-17 16:04:00,2011-10-17 16:04:00,52,0,1.0,1,0,0,0.5674183369645501
15599,2,718,761.74,14.648846153846154,50,2011-05-19 13:05:00,2011-11-13 11:44:00,26,177,0.0112359550561797,2,1,0,0.26321133953185993
15601,14,4983,6776.56,16.52819512195122,230,2010-12-02 10:39:00,2011-11-28 15:15:00,10,361,0.0386740331491712,10,1,0,0.003300857802188089
15602,9,1137,1297.87,28.214565217391307,30,2010-12-06 15:35:00,2011-12-01 14:14:00,7,359,0.025,6,1,0,0.050902567378146434
15603,1,96,48.48,24.24,2,2011-09-22 10:04:00,2011-09-22 10:04:00,78,0,1.0,1,0,0,0.5950229966934185
15604,1,159,216.39,12.728823529411764,17,2011-10-18 14:47:00,2011-10-18 14:47:00,51,0,1.0,1,0,0,0.5612925339463303
15605,5,441,1198.23,17.88402985074627,61,2010-12-01 13:38:00,2011-11-03 14:17:00,35,337,0.014792899408284,5,1,0,0.0635480969942111
15606,9,892,2920.16,37.92415584415584,48,2011-01-19 12:07:00,2011-10-09 15:47:00,60,263,0.034090909090909,7,1,0,0.07492653415613436
15607,1,202,104.76,8.05846153846154,13,2011-01-07 12:44:00,2011-01-07 12:44:00,336,0,1.0,1,0,1,0.5695194319528049
15608,4,714,1093.68,18.228,59,2011-08-11 09:56:00,2011-11-11 13:20:00,27,92,0.043010752688172,3,1,0,0.33522597609406685
15609,1,148,298.48,18.655,16,2011-06-08 13:00:00,2011-06-08 13:00:00,183,0,1.0,1,0,1,0.5630734906852756
15610,1,66,112.46,18.743333333333336,6,2011-10-19 10:36:00,2011-10-19 10:36:00,51,0,1.0,1,0,0,0.586681218176617
15611,13,504,1591.45,37.01046511627907,23,2011-01-09 11:32:00,2011-11-30 12:36:00,9,325,0.0398773006134969,7,1,0,0.05395200070539012
15612,2,52,195.15,32.525,4,2011-10-09 12:49:00,2011-11-03 14:52:00,35,25,0.0769230769230769,2,1,0,0.6314026808522906
15615,23,5508,10399.74,24.585673758865248,184,2010-12-15 16:21:00,2011-11-29 14:42:00,9,348,0.0659025787965616,10,1,0,0.0029374640599151916
15618,4,454,776.851,17.263355555555556,39,2011-07-26 10:13:00,2011-11-07 08:34:00,32,103,0.0384615384615384,3,1,0,0.3620164135182634
15619,1,136,336.40000000000003,112.13333333333334,3,2011-11-29 08:14:00,2011-11-29 08:14:00,10,0,1.0,1,0,0,0.5934755483824878
15620,3,915,1553.18,15.5318,92,2010-12-16 14:34:00,2011-10-14 12:41:00,56,301,0.009933774834437,3,1,0,0.07875876463184628
15621,4,501,1293.03,80.814375,11,2011-11-18 11:49:00,2011-12-05 14:01:00,3,17,0.2222222222222222,2,1,0,0.5995324768948433
15622,9,1674,3709.56,20.051675675675675,169,2011-03-02 13:42:00,2011-10-27 16:44:00,42,239,0.0375,5,1,0,0.03705493695175706
15623,1,125,301.03,15.843684210526314,19,2011-07-21 17:26:00,2011-07-21 17:26:00,140,0,1.0,1,0,1,0.5571720013459467
15624,4,357,588.13,17.297941176470587,26,2011-03-28 13:32:00,2011-08-15 11:38:00,116,139,0.0285714285714285,4,1,1,0.3105197123138245
15625,4,1188,1534.26,23.9728125,44,2011-04-18 14:01:00,2011-08-28 10:21:00,103,131,0.0303030303030303,3,1,1,0.29036002551390266
15626,2,766,675.8,13.791836734693875,49,2011-01-14 10:10:00,2011-09-26 10:03:00,74,254,0.0078431372549019,2,1,0,0.17110889131266654
15628,9,1894,2870.24,18.51767741935484,85,2010-12-08 09:51:00,2011-12-05 10:24:00,4,362,0.024793388429752,8,1,0,0.023935156104313147
15630,2,800,1186.35,19.772499999999997,57,2011-05-19 10:16:00,2011-10-25 15:36:00,44,159,0.0125,2,1,0,0.273177774885932
15632,8,2109,3285.31,19.67251497005988,107,2011-03-10 08:29:00,2011-11-24 09:51:00,15,259,0.0307692307692307,7,1,0,0.04570192157811588
15634,1,99,243.55,16.236666666666668,15,2011-11-22 16:28:00,2011-11-22 16:28:00,16,0,1.0,1,0,0,0.566423318233694
15636,2,284,724.76,28.9904,20,2011-03-02 14:50:00,2011-09-11 11:17:00,89,192,0.0103626943005181,2,1,0,0.299368659229575
15637,1,128,223.36,14.890666666666668,15,2011-10-18 08:28:00,2011-10-18 08:28:00,52,0,1.0,1,0,0,0.5660109277269099
15639,1,323,425.32,17.0128,25,2011-07-28 14:30:00,2011-07-28 14:30:00,133,0,1.0,1,0,1,0.5399871051454735
15640,15,6572,12416.11,26.08426470588235,240,2010-12-02 15:40:00,2011-12-05 14:35:00,3,367,0.0407608695652173,10,1,0,0.0020085076909346724
15641,4,1562,1887.2,15.858823529411763,102,2010-12-15 14:45:00,2011-08-26 14:04:00,104,253,0.0157480314960629,3,1,1,0.09078006831785118
15643,3,246,664.0,20.12121212121212,31,2011-03-02 14:34:00,2011-06-01 07:38:00,191,90,0.0329670329670329,2,1,1,0.43869470376999875
15644,4,550,803.54,3.4635344827586207,166,2011-03-23 15:37:00,2011-06-26 14:54:00,165,94,0.0421052631578947,2,1,1,0.18520122711187212
15645,1,256,612.01,11.769423076923076,50,2011-11-21 11:55:00,2011-11-21 11:55:00,18,0,1.0,1,0,0,0.4871213071049043
15646,3,394,447.64,12.789714285714288,35,2010-12-02 16:59:00,2011-07-05 09:53:00,157,214,0.013953488372093,3,1,1,0.2183944175981888
15648,2,218,639.5,26.645833333333332,23,2011-03-17 18:59:00,2011-05-19 15:53:00,203,62,0.0317460317460317,2,1,1,0.5185417612152879
15649,2,192,816.0,408.0,1,2010-12-07 10:06:00,2011-01-07 13:34:00,335,31,0.0625,2,1,1,0.6341914097622053
15651,3,479,646.3,20.196875,27,2011-03-24 08:56:00,2011-11-03 08:41:00,36,223,0.0133928571428571,2,1,0,0.23270461642471896
15652,1,208,337.74,16.082857142857144,21,2011-09-09 14:22:00,2011-09-09 14:22:00,90,0,1.0,1,0,1,0.5511768660364087
15653,2,1200,877.4399999999999,146.23999999999998,4,2011-08-16 09:50:00,2011-09-08 10:49:00,92,23,0.0833333333333333,2,1,1,0.6136485832889668
15654,2,475,922.53,43.93,15,2011-11-13 15:15:00,2011-11-30 13:08:00,8,16,0.1176470588235294,1,0,0,0.472892357317503
15655,1,324,560.67,16.490294117647057,34,2011-04-10 15:25:00,2011-04-10 15:25:00,242,0,1.0,1,0,1,0.5199643808794895
15656,4,343,748.5,15.925531914893616,46,2011-02-28 15:32:00,2011-10-25 14:56:00,44,238,0.0167364016736401,4,1,0,0.1562340856290335
15657,1,24,30.0,30.0,1,2011-11-17 12:19:00,2011-11-17 12:19:00,22,0,1.0,1,0,0,0.598743958795107
15658,5,242,1024.1,21.33541666666667,40,2010-12-02 10:53:00,2011-06-02 15:22:00,189,182,0.0273224043715847,5,1,1,0.20228735595919103
15659,1,111,306.45,27.85909090909091,11,2011-10-27 09:23:00,2011-10-27 09:23:00,43,0,1.0,1,0,0,0.5743390891709349
15660,9,1050,1600.86,17.787333333333333,55,2010-12-09 09:49:00,2011-11-14 16:58:00,24,340,0.0263929618768328,6,1,0,0.04725778271573879
15661,2,236,309.8,61.96,4,2011-01-05 12:32:00,2011-01-26 13:56:00,316,21,0.0909090909090909,1,0,1,0.4964830609183196
15663,1,106,138.14,15.348888888888888,9,2011-08-25 15:50:00,2011-08-25 15:50:00,105,0,1.0,1,0,1,0.5794771564838436
15664,1,157,386.43,22.731176470588235,17,2011-10-20 10:57:00,2011-10-20 10:57:00,50,0,1.0,1,0,0,0.5602333742089022
15665,2,1654,2222.21,19.323565217391305,92,2011-04-10 15:09:00,2011-06-24 14:57:00,167,74,0.0266666666666666,2,1,1,0.31919010097796224
15667,1,240,301.32,23.178461538461537,13,2011-10-31 10:56:00,2011-10-31 10:56:00,39,0,1.0,1,0,0,0.5677105512541192
15668,1,72,76.32000000000001,76.32000000000001,1,2011-05-06 10:39:00,2011-05-06 10:39:00,217,0,1.0,1,0,1,0.599429199118492
15669,4,342,684.34,20.73757575757576,31,2011-03-21 09:13:00,2011-10-30 16:03:00,39,223,0.0178571428571428,4,1,0,0.19010110037720598
15670,1,91,173.05,14.420833333333334,12,2011-02-16 10:50:00,2011-02-16 10:50:00,296,0,1.0,1,0,1,0.5732743433979526
15671,7,1699,2657.13,34.065769230769234,52,2011-03-14 09:37:00,2011-11-21 12:43:00,18,252,0.0276679841897233,5,1,0,0.09622038230894776
15673,4,1451,2726.23,19.755289855072466,107,2011-01-16 16:25:00,2011-09-12 16:12:00,87,238,0.0167364016736401,4,1,0,0.08693955487235516
15674,5,1275,2446.6,21.46140350877193,88,2011-03-30 09:19:00,2011-09-27 15:17:00,72,181,0.0274725274725274,4,1,0,0.1414289938168687
15675,3,527,323.69,15.413809523809524,20,2011-03-04 14:21:00,2011-09-19 13:48:00,80,198,0.0150753768844221,3,1,0,0.2613548937386775
15676,3,2252,3435.76,17.00871287128713,191,2011-03-01 10:19:00,2011-11-21 12:40:00,18,265,0.0112781954887218,2,1,0,0.04294269826052537
15677,1,319,657.23,19.916060606060608,33,2011-10-21 15:36:00,2011-10-21 15:36:00,48,0,1.0,1,0,0,0.5214159375159622
15678,1,184,352.7,29.391666666666666,12,2011-10-18 09:25:00,2011-10-18 09:25:00,52,0,1.0,1,0,0,0.5706016760825912
15679,4,1170,781.28,7.102545454545455,98,2011-06-10 08:24:00,2011-11-15 16:19:00,23,158,0.0251572327044025,3,1,0,0.18017054237960828
15680,3,952,1333.68,17.09846153846154,61,2010-12-08 14:43:00,2011-11-30 13:46:00,8,356,0.0084033613445378,3,1,0,0.06967872022806264
15681,5,816,1426.16,26.90867924528302,32,2011-03-04 13:46:00,2011-11-14 16:30:00,24,255,0.01953125,3,1,0,0.15377221112602724
15683,1,131,193.75,19.375,10,2011-08-14 12:56:00,2011-08-14 12:56:00,116,0,1.0,1,0,1,0.5766561586720995
15687,9,1310,2993.1,18.030722891566263,119,2011-01-13 15:13:00,2011-12-01 08:33:00,8,321,0.0279503105590062,7,1,0,0.027533382225576893
15689,2,84,254.1,28.233333333333334,8,2010-12-13 09:57:00,2011-08-12 09:37:00,119,241,0.0082644628099173,2,1,1,0.2550664355166244
15690,2,408,239.76,12.618947368421052,19,2011-08-31 11:40:00,2011-12-05 15:59:00,3,96,0.0206185567010309,2,1,0,0.46459105765726777
15691,1,72,136.8,68.4,2,2011-04-01 15:13:00,2011-04-01 15:13:00,251,0,1.0,1,0,1,0.5965522550843325
15692,1,138,191.04,15.92,12,2011-11-11 14:12:00,2011-11-11 14:12:00,27,0,1.0,1,0,0,0.5723137309483485
15694,14,1677,6479.4,83.06923076923077,42,2010-12-02 07:49:00,2011-12-09 09:44:00,0,372,0.0375335120643431,9,1,0,0.02075722490805459
15695,2,212,409.98,18.635454545454547,22,2011-03-18 08:31:00,2011-03-18 08:32:00,266,0,2.0,1,0,1,0.5825041832294611
15696,8,1015,2711.11,16.137559523809525,140,2011-01-17 11:24:00,2011-11-06 14:02:00,32,293,0.0272108843537414,5,1,0,0.036493675494482146
15699,1,113,309.65,17.202777777777776,18,2011-11-22 08:26:00,2011-11-22 08:26:00,17,0,1.0,1,0,0,0.5594384194529085
15700,2,357,696.68,8.10093023255814,85,2011-06-19 15:36:00,2011-06-20 16:53:00,171,1,1.0,1,0,1,0.39876084600953576
15701,4,912,1529.0,6.647826086956521,193,2011-08-21 12:36:00,2011-12-07 14:39:00,1,108,0.036697247706422,4,1,0,0.11432319697612162
15703,1,66,211.5,42.3,5,2011-03-20 10:51:00,2011-03-20 10:51:00,264,0,1.0,1,0,1,0.5888359546705474
15704,4,1028,2293.62,19.603589743589744,79,2011-05-08 12:42:00,2011-07-22 13:35:00,139,75,0.0526315789473684,3,1,1,0.31116693461827016
15705,1,62,143.1,23.85,6,2011-05-22 15:37:00,2011-05-22 15:37:00,200,0,1.0,1,0,1,0.5867006796826116
15706,4,321,1060.56,19.28290909090909,50,2011-08-15 14:32:00,2011-10-07 10:09:00,63,52,0.0754716981132075,3,1,0,0.42952697714493104
15707,4,594,916.98,4.473073170731707,126,2011-09-14 14:19:00,2011-11-04 14:35:00,34,51,0.0769230769230769,3,1,0,0.28295064579881807
15708,7,1217,3235.25,11.8507326007326,124,2010-12-05 11:12:00,2011-10-30 10:54:00,40,328,0.0212765957446808,6,1,0,0.030092414425661806
15709,1,121,133.25,22.208333333333332,6,2011-03-01 10:38:00,2011-03-01 10:38:00,283,0,1.0,1,0,1,0.5856422162217624
15712,5,486,1072.36,20.233207547169815,41,2011-02-25 11:32:00,2011-11-30 14:09:00,8,278,0.017921146953405,5,1,0,0.10957264223042473
15713,2,150,356.7,18.773684210526316,18,2010-12-08 15:16:00,2011-07-19 13:34:00,142,222,0.0089686098654708,2,1,1,0.26336118972125383
15714,2,186,330.03000000000003,9.706764705882351,34,2011-09-23 11:25:00,2011-11-28 11:26:00,11,66,0.0298507462686567,2,1,0,0.4909276622980496
15716,4,738,1101.11,9.411196581196585,101,2010-12-05 12:26:00,2011-07-17 11:59:00,145,223,0.0178571428571428,4,1,1,0.1108742634651498
15717,1,70,150.3,21.47142857142857,7,2011-04-19 13:21:00,2011-04-19 13:21:00,233,0,1.0,1,0,1,0.5843594314186551
15719,13,2718,5030.07,5.402867883995703,299,2011-01-06 12:31:00,2011-11-07 12:29:00,32,304,0.0426229508196721,11,1,0,0.0033750727085398034
15720,1,281,598.73,4.677578125,128,2011-11-15 14:48:00,2011-11-15 14:48:00,23,0,1.0,1,0,0,0.33035206580596266
15721,1,388,471.4,5.611904761904762,80,2011-11-28 12:14:00,2011-11-28 12:14:00,11,0,1.0,1,0,0,0.42352304322904816
15722,5,1023,2211.21,33.00313432835821,45,2011-02-22 12:24:00,2011-11-04 11:43:00,35,254,0.0196078431372549,4,1,0,0.125384944160192
15723,1,73,190.7,5.018421052631578,37,2010-12-10 11:12:00,2010-12-10 11:12:00,364,0,1.0,1,0,1,0.5212785939489285
15724,2,73,218.25,19.84090909090909,11,2011-02-28 10:40:00,2011-05-22 14:40:00,200,83,0.0238095238095238,2,1,1,0.5116645456459157
15725,1,221,415.25,12.9765625,32,2011-11-24 14:51:00,2011-11-24 14:51:00,14,0,1.0,1,0,0,0.5272388293445833
15727,7,3063,5159.06,17.139734219269105,213,2010-12-15 15:47:00,2011-11-23 12:36:00,16,342,0.0204081632653061,7,1,0,0.009766098031101485
15729,1,28,85.0,17.0,5,2011-05-11 12:36:00,2011-05-11 12:36:00,212,0,1.0,1,0,1,0.5895678130460416
15730,3,689,1120.88,16.01257142857143,68,2011-05-17 12:43:00,2011-10-05 12:31:00,65,140,0.0212765957446808,3,1,0,0.25692903112644766
15732,2,215,294.12,21.00857142857143,13,2010-12-02 15:00:00,2011-05-11 14:24:00,211,159,0.0125,2,1,1,0.3696426781767945
15733,1,62,162.3,16.23,10,2011-03-02 09:05:00,2011-03-02 09:05:00,282,0,1.0,1,0,1,0.5780668334794835
15734,2,346,1339.45,51.517307692307696,25,2011-05-23 14:59:00,2011-08-17 10:50:00,114,85,0.0232558139534883,2,1,1,0.464841986064678
15737,8,597,1188.12,16.734084507042255,60,2011-04-11 10:01:00,2011-11-25 11:21:00,14,228,0.0349344978165938,5,1,0,0.1143842111242566
15738,16,2982,4812.42,27.81745664739885,46,2010-12-02 12:50:00,2011-11-21 08:26:00,18,353,0.0451977401129943,12,1,0,0.015238253950433663
15739,1,472,449.12,56.14,8,2011-10-04 13:42:00,2011-10-04 13:42:00,65,0,1.0,1,0,0,0.5737834738157674
15740,1,152,154.88,17.20888888888889,9,2011-10-21 14:29:00,2011-10-21 14:29:00,48,0,1.0,1,0,0,0.5785651850314744
15743,4,214,775.96,9.022790697674418,59,2011-06-08 10:14:00,2011-11-23 17:19:00,15,168,0.0236686390532544,3,1,0,0.2334334183983382
15744,1,120,34.8,11.6,3,2011-09-23 09:52:00,2011-09-23 09:52:00,77,0,1.0,1,0,0,0.5921538739741449
15745,4,421,1094.59,17.654677419354837,57,2011-04-17 13:04:00,2011-11-20 13:45:00,18,217,0.018348623853211,3,1,0,0.1747254171306222
15746,1,178,196.88,7.031428571428571,28,2011-07-28 15:21:00,2011-07-28 15:21:00,133,0,1.0,1,0,1,0.5380966748901209
15747,3,466,946.64,10.518222222222224,52,2011-06-20 11:30:00,2011-11-27 12:26:00,12,160,0.0186335403726708,3,1,0,0.25907216729752836
15748,1,50,144.36,7.218000000000001,19,2011-10-30 12:51:00,2011-10-30 12:51:00,39,0,1.0,1,0,0,0.5595987571530242
15749,3,18028,44534.3,4453.43,5,2011-01-11 12:55:00,2011-04-18 13:20:00,234,97,0.0306122448979591,2,1,1,0.09634418558106862
15750,8,1783,2463.05,8.464089347079039,214,2010-12-08 10:36:00,2011-12-07 12:34:00,2,364,0.021917808219178,6,1,0,0.010476560516839603
15752,7,1960,2626.6,6.485432098765432,236,2010-12-02 09:43:00,2011-10-31 11:37:00,39,333,0.0209580838323353,7,1,0,0.010222962231735298
15753,1,144,79.2,79.2,1,2011-02-08 12:41:00,2011-02-08 12:41:00,304,0,1.0,1,0,1,0.5982257135651161
15754,3,199,458.57,16.3775,24,2011-04-07 12:24:00,2011-10-19 14:40:00,50,195,0.0153061224489795,3,1,0,0.2629264698642998
15755,6,1427,2364.25,16.7677304964539,127,2011-02-18 11:53:00,2011-11-29 14:57:00,9,284,0.0210526315789473,5,1,0,0.046375984579563025
15756,4,241,528.01,2.764450261780105,160,2011-04-04 14:00:00,2011-10-09 13:30:00,60,187,0.0212765957446808,4,1,0,0.09467468128809231
15757,2,491,714.42,15.876,43,2011-05-06 11:40:00,2011-10-05 12:14:00,65,152,0.0130718954248366,2,1,0,0.31624775167512426
15758,1,47,205.25,22.805555555555557,9,2011-11-15 10:48:00,2011-11-15 10:48:00,24,0,1.0,1,0,0,0.5802799869761011
15759,3,60,253.04,36.14857142857143,5,2010-12-16 15:29:00,2011-05-05 15:13:00,217,139,0.0214285714285714,3,1,1,0.3904853191301603
15762,2,251,583.75,15.777027027027026,37,2011-09-23 15:17:00,2011-10-05 16:15:00,64,12,0.1538461538461538,2,1,0,0.5837631416610921
15763,2,271,1086.92,17.818360655737706,58,2011-09-23 12:10:00,2011-11-08 09:44:00,31,45,0.0434782608695652,2,1,0,0.47113414048423824
15764,6,2050,3279.97,18.222055555555553,150,2011-03-08 09:23:00,2011-09-12 17:58:00,87,188,0.0317460317460317,4,1,0,0.07524093928470446
15766,1,170,315.06,28.64181818181818,11,2011-10-06 17:03:00,2011-10-06 17:03:00,63,0,1.0,1,0,0,0.5732114287249012
15768,3,244,621.8299999999999,23.03074074074074,23,2011-04-28 09:20:00,2011-08-16 10:48:00,115,110,0.027027027027027,3,1,1,0.3976751381923522
15769,26,29672,56252.72,432.7132307692308,26,2010-12-03 15:16:00,2011-12-02 13:52:00,6,363,0.0714285714285714,13,1,0,0.0002132895686670424
15773,1,311,635.6800000000001,63.568000000000005,10,2011-12-04 12:48:00,2011-12-04 12:48:00,5,0,1.0,1,0,0,0.5713029608716985
15774,1,87,270.8,10.832,25,2011-10-02 12:04:00,2011-10-02 12:04:00,68,0,1.0,1,0,0,0.5455196468086685
15775,1,68,104.9,14.985714285714286,7,2011-04-08 12:56:00,2011-04-08 12:56:00,244,0,1.0,1,0,1,0.584521449099264
15776,1,138,241.62,13.423333333333334,18,2011-07-29 13:46:00,2011-07-29 13:46:00,132,0,1.0,1,0,1,0.559423813386005
15777,4,378,1047.11,49.862380952380946,18,2010-12-13 16:38:00,2011-04-12 16:43:00,240,120,0.0330578512396694,3,1,1,0.3744777626939073
15780,3,220,475.28,16.38896551724138,26,2010-12-17 11:43:00,2011-06-09 12:01:00,183,174,0.0171428571428571,3,1,1,0.28948824819018026
15781,3,180,345.46,17.273,20,2011-02-07 09:15:00,2011-11-14 14:57:00,24,280,0.0106761565836298,3,1,0,0.16717544696215125
15782,3,864,2614.74,60.80790697674419,34,2011-09-11 14:29:00,2011-11-30 10:49:00,9,79,0.0375,3,1,0,0.4026837579945441
15783,1,212,246.3,17.592857142857145,14,2011-11-29 09:50:00,2011-11-29 09:50:00,10,0,1.0,1,0,0,0.5664257373145611
15785,5,1612,2328.9700000000003,28.059879518072293,58,2011-02-17 14:17:00,2011-11-07 11:33:00,32,262,0.0190114068441064,4,1,0,0.10354856234502201
15786,3,3340,4919.0,18.49248120300752,257,2011-08-17 13:33:00,2011-10-24 14:13:00,45,68,0.0434782608695652,2,1,0,0.08592993409481245
15787,3,534,933.26,4.6663,156,2011-10-09 13:11:00,2011-11-13 14:55:00,25,35,0.0833333333333333,2,1,0,0.2849569745934226
15789,1,438,351.3,14.052,25,2010-12-16 14:35:00,2010-12-16 14:35:00,357,0,1.0,1,0,1,0.5383818818653032
15790,1,113,218.75,6.4338235294117645,34,2011-11-29 14:53:00,2011-11-29 14:53:00,9,0,1.0,1,0,0,0.5265942116140441
15791,2,731,1612.69,21.502533333333336,66,2011-05-19 15:15:00,2011-10-27 10:14:00,43,160,0.0124223602484472,2,1,0,0.2551843268849178
15793,3,553,965.61,80.4675,6,2011-03-16 10:45:00,2011-11-25 09:31:00,14,253,0.0118110236220472,3,1,0,0.2086267568342377
15795,1,581,610.01,14.524047619047618,42,2011-07-13 10:43:00,2011-07-13 10:43:00,149,0,1.0,1,0,1,0.49788022127108283
15796,8,860,2708.61,20.519772727272727,70,2011-02-10 15:40:00,2011-12-08 19:55:00,0,301,0.0264900662251655,7,1,0,0.05126627037754254
15797,4,873,2207.4,275.925,8,2011-01-24 15:47:00,2011-08-18 17:04:00,112,206,0.0193236714975845,4,1,1,0.23421367974776552
15799,3,955,884.14,9.021836734693878,94,2011-01-09 15:13:00,2011-09-25 12:46:00,75,258,0.0115830115830115,3,1,0,0.10477855509584173
15800,2,332,696.89,5.956324786324786,116,2011-04-07 12:39:00,2011-08-24 14:23:00,106,139,0.0142857142857142,2,1,1,0.2180943300313292
15801,3,570,1063.95,16.62421875,61,2011-08-22 09:53:00,2011-10-24 13:52:00,45,63,0.046875,2,1,0,0.41591341992638164
15802,1,1,451.42,451.42,1,2011-07-20 11:38:00,2011-07-20 11:38:00,142,0,1.0,1,0,1,0.613190033519621
15803,1,290,415.8200000000001,51.977500000000006,8,2011-10-19 14:56:00,2011-10-19 14:56:00,50,0,1.0,1,0,0,0.5772433022941613
15804,13,2565,4206.39,16.05492366412214,170,2011-05-25 10:12:00,2011-12-09 12:31:00,0,198,0.0653266331658291,8,1,0,0.028769981546632226
15805,17,3367,5488.18,18.355117056856187,220,2010-12-10 09:33:00,2011-11-16 16:32:00,22,341,0.0497076023391812,8,1,0,0.005117161053292046
15806,3,602,784.58,25.309032258064516,24,2011-03-08 09:24:00,2011-10-24 14:35:00,45,230,0.0129870129870129,3,1,0,0.21008783619869348
15807,3,430,903.9,18.83125,48,2011-09-23 14:43:00,2011-10-20 14:10:00,49,26,0.1111111111111111,2,1,0,0.516205609250121
15808,4,1305,3651.27,18.72446153846154,142,2010-12-05 13:05:00,2011-02-06 14:33:00,305,63,0.0625,3,1,1,0.2135308322242667
15809,5,301,515.77,14.736285714285714,31,2011-02-10 11:16:00,2011-11-03 16:40:00,35,266,0.0187265917602996,5,1,0,0.1310766913205973
15810,4,861,1391.98,15.640224719101123,66,2011-02-16 09:11:00,2011-09-22 09:38:00,78,218,0.0182648401826484,4,1,0,0.14533000294199666
15811,6,1071,2218.62,16.681353383458646,117,2010-12-09 15:29:00,2011-11-17 15:31:00,21,343,0.0174418604651162,5,1,0,0.03441827342230714
15812,5,922,1801.14,43.930243902439024,36,2011-01-26 12:12:00,2011-08-24 14:19:00,106,210,0.0236966824644549,5,1,1,0.1656451758497908
15813,2,603,1303.91,32.59775,40,2011-04-14 09:09:00,2011-05-16 08:13:00,207,31,0.0625,2,1,1,0.5272840836578758
15814,4,1271,1945.33,27.018472222222226,63,2011-10-20 09:04:00,2011-11-23 08:17:00,16,33,0.1176470588235294,2,1,0,0.4359732983849427
15815,5,1856,2100.6,42.86938775510204,33,2011-03-25 08:43:00,2011-10-07 12:42:00,63,196,0.0253807106598984,5,1,0,0.1719719903540768
15819,4,1357,1905.45,15.491463414634149,96,2011-03-08 09:45:00,2011-10-21 14:50:00,48,227,0.0175438596491228,4,1,0,0.1049148126615436
15820,1,128,206.98,12.175294117647056,17,2011-01-24 12:00:00,2011-01-24 12:00:00,319,0,1.0,1,0,1,0.5619267994807646
15821,2,202,570.96,9.209032258064516,57,2011-10-09 13:28:00,2011-10-26 15:48:00,43,17,0.1111111111111111,1,0,0,0.3914963253100884
15822,2,375,885.47,26.83242424242424,28,2010-12-15 13:38:00,2011-12-06 14:50:00,2,356,0.0056022408963585,2,1,0,0.10769896131277418
15823,1,1,15.0,15.0,1,2010-12-02 15:08:00,2010-12-02 15:08:00,371,0,1.0,1,0,1,0.5986566180586962
15825,1,220,532.94,26.647,20,2011-06-20 13:27:00,2011-06-20 13:27:00,171,0,1.0,1,0,1,0.5517190504766717
15826,3,963,1654.31,24.32808823529412,64,2011-05-13 10:44:00,2011-10-14 16:05:00,55,154,0.0193548387096774,2,1,0,0.25424376635119794
15827,14,882,1836.09,15.966,72,2010-12-02 13:06:00,2011-09-27 15:35:00,72,299,0.0466666666666666,10,1,0,0.030730487434499812
15829,2,996,636.14,12.473333333333333,44,2011-07-22 10:23:00,2011-09-01 16:45:00,98,41,0.0476190476190476,2,1,1,0.4980441825300555
15830,1,415,576.0,14.76923076923077,39,2011-11-02 10:40:00,2011-11-02 10:40:00,37,0,1.0,1,0,0,0.5075933373052136
15831,3,1092,794.64,12.04,63,2011-01-19 14:52:00,2011-10-12 13:14:00,57,265,0.0112781954887218,3,1,0,0.1253204806675494
15832,1,465,836.79,15.49611111111111,54,2011-03-30 15:29:00,2011-03-30 15:29:00,253,0,1.0,1,0,1,0.47296482904572756
15834,4,961,2225.15,8.271933085501859,242,2011-03-07 17:52:00,2011-09-30 14:41:00,69,206,0.0193236714975845,3,1,0,0.04294654456227821
15835,4,439,954.09,19.0818,47,2011-01-13 10:35:00,2011-10-26 15:47:00,43,286,0.0139372822299651,4,1,0,0.11345794045027688
15836,1,26,137.37,13.737,10,2011-10-20 17:13:00,2011-10-20 17:13:00,49,0,1.0,1,0,0,0.5788416501139036
15837,1,189,391.98,16.3325,24,2011-10-06 09:01:00,2011-10-06 09:01:00,64,0,1.0,1,0,0,0.5448353303791079
15838,19,18368,33643.08,201.45556886227547,54,2010-12-07 11:26:00,2011-11-28 14:00:00,10,356,0.0532212885154061,10,1,0,0.0016702000845585144
15839,3,675,1048.49,16.911129032258064,56,2011-07-14 16:35:00,2011-11-06 13:54:00,32,114,0.0260869565217391,3,1,0,0.3166355274059419
15840,2,396,355.56,13.168888888888889,26,2011-06-20 11:42:00,2011-10-12 09:08:00,58,113,0.0175438596491228,2,1,0,0.41899906195535513
15841,4,942,1224.06,26.04382978723404,36,2011-01-05 11:25:00,2011-09-28 12:15:00,72,266,0.0149812734082397,3,1,0,0.14511735885153473
15843,1,27,118.95000000000002,14.868750000000002,8,2011-02-09 10:19:00,2011-02-09 10:19:00,303,0,1.0,1,0,1,0.5831081283916966
15844,1,134,130.73999999999998,11.885454545454545,11,2011-10-24 15:19:00,2011-10-24 15:19:00,45,0,1.0,1,0,0,0.5747981403343979
15845,8,1926,3711.77,26.896884057971015,97,2011-01-06 17:19:00,2011-11-22 09:42:00,17,319,0.025,7,1,0,0.032618286692317165
15847,2,449,389.27,17.694090909090907,22,2011-02-24 16:46:00,2011-11-01 14:41:00,37,249,0.008,2,1,0,0.21740264185730715
15850,2,298,234.88,2.525591397849462,87,2011-06-24 14:16:00,2011-11-20 14:14:00,18,148,0.0134228187919463,2,1,0,0.25341003017251296
15852,2,48,160.71,7.305000000000001,22,2011-05-26 13:26:00,2011-06-06 11:22:00,186,10,0.1818181818181818,2,1,1,0.6254078691498983
15853,1,135,110.8,3.693333333333334,29,2011-10-19 10:38:00,2011-10-19 10:38:00,51,0,1.0,1,0,0,0.5374563549179928
15854,12,926,2969.12,21.51536231884058,105,2010-12-13 11:47:00,2011-12-05 13:39:00,3,357,0.0335195530726257,9,1,0,0.01791696469018876
15855,5,470,712.24,8.903,59,2011-03-21 12:32:00,2011-07-26 10:20:00,136,126,0.0393700787401574,5,1,1,0.24367611247875218
15856,27,10866,16143.64,25.706433121019103,295,2010-12-09 13:34:00,2011-12-05 17:09:00,3,361,0.074585635359116,11,1,0,0.0004332208405246149
15857,1,308,297.0,21.214285714285715,14,2011-11-21 12:18:00,2011-11-21 12:18:00,18,0,1.0,1,0,0,0.5643543765499783
15858,5,1163,1427.57,7.59345744680851,145,2010-12-07 14:31:00,2011-11-24 12:48:00,15,351,0.0142045454545454,5,1,0,0.027693196601609207
15860,8,437,965.16,6.943597122302158,105,2010-12-06 11:38:00,2011-10-30 11:25:00,40,327,0.024390243902439,6,1,0,0.038666892385085035
15861,8,2528,3146.92,5.82762962962963,339,2011-03-17 20:12:00,2011-11-27 15:59:00,11,254,0.0313725490196078,4,1,0,0.009059559537943995
15862,4,585,832.88,5.665850340136054,142,2010-12-01 11:21:00,2011-12-01 13:28:00,7,365,0.0109289617486338,4,1,0,0.03137179050154088
15863,2,19,68.84,3.824444444444445,18,2011-05-31 11:36:00,2011-11-14 12:49:00,25,167,0.0119047619047619,2,1,0,0.35126844572050536
15864,6,1192,1936.32,96.816,16,2011-01-27 16:43:00,2011-11-17 13:32:00,21,293,0.0204081632653061,5,1,0,0.10786752090812957
15865,3,368,895.13,22.37825,37,2011-05-10 11:44:00,2011-10-30 12:43:00,40,173,0.0172413793103448,3,1,0,0.2673614951220132
15866,1,124,211.89,4.927674418604651,43,2011-08-30 14:09:00,2011-08-30 14:09:00,100,0,1.0,1,0,1,0.5075884872946907
15867,15,2052,3810.14,8.300958605664487,302,2010-12-05 14:17:00,2011-12-04 13:32:00,4,363,0.0412087912087912,12,1,0,0.001961858063140694
15869,2,175,149.64,9.976,13,2011-03-07 17:19:00,2011-03-07 17:23:00,276,0,2.0,1,0,1,0.6032696879647971
15870,1,333,351.44,4.749189189189189,68,2011-11-07 10:58:00,2011-11-07 10:58:00,32,0,1.0,1,0,0,0.450267271590909
15872,2,187,316.25,2.928240740740741,101,2011-11-25 11:54:00,2011-11-25 11:55:00,14,0,2.0,1,0,0,0.419411554974356
15874,7,2534,4405.88,36.71566666666667,110,2011-02-28 13:28:00,2011-10-07 12:31:00,63,220,0.0316742081447963,6,1,0,0.06226722983254009
15877,2,368,490.33,3.891507936507936,122,2011-11-22 11:18:00,2011-12-08 11:53:00,1,16,0.1176470588235294,2,1,0,0.39751934676758555
15880,1,202,329.03000000000003,3.4273958333333336,95,2010-12-05 13:00:00,2010-12-05 13:00:00,368,0,1.0,1,0,1,0.39771413562859403
15881,5,260,501.39,17.289310344827587,26,2010-12-10 13:32:00,2011-01-31 16:59:00,311,52,0.0943396226415094,2,1,1,0.4974358273592895
15882,4,276,516.36,22.450434782608696,23,2010-12-06 13:01:00,2011-05-25 11:35:00,198,169,0.0235294117647058,2,1,1,0.3109782866761334
15883,2,223,396.48,8.091428571428573,42,2011-11-06 14:50:00,2011-12-07 17:05:00,1,31,0.0625,2,1,0,0.5374068939007889
15885,3,111,379.35,21.075000000000003,18,2011-02-03 15:28:00,2011-09-08 10:43:00,92,216,0.0138248847926267,2,1,1,0.26314747566828106
15886,1,147,181.09,15.090833333333334,12,2011-10-10 14:25:00,2011-10-10 14:25:00,59,0,1.0,1,0,0,0.5722013970810244
15888,1,76,168.31,14.025833333333331,11,2011-09-20 12:30:00,2011-09-20 12:30:00,80,0,1.0,1,0,0,0.5756200072627897
15889,2,206,420.07,4.942,79,2010-12-05 15:12:00,2011-07-06 11:10:00,156,212,0.0093896713615023,2,1,1,0.1861035201489212
15891,1,418,511.68,8.528,60,2011-04-27 12:35:00,2011-04-27 12:35:00,226,0,1.0,1,0,1,0.46399946367657996
15894,2,164,258.25,6.97972972972973,35,2010-12-05 14:06:00,2011-03-31 13:50:00,252,115,0.0172413793103448,2,1,1,0.4020938505942982
15895,1,94,179.17,16.288181818181815,11,2011-07-13 10:27:00,2011-07-13 10:27:00,149,0,1.0,1,0,1,0.5752898680178803
15897,2,223,208.59,9.481363636363636,17,2011-05-29 13:32:00,2011-05-29 13:50:00,193,0,2.0,1,0,1,0.5938253644973561
15898,5,567,1383.83,16.474166666666665,70,2010-12-06 11:01:00,2011-12-08 15:23:00,0,367,0.0135869565217391,4,1,0,0.05184089953024766
15899,1,39,56.25,14.0625,4,2010-12-06 10:36:00,2010-12-06 10:36:00,368,0,1.0,1,0,1,0.5915193458816277
15900,1,216,337.28,7.176170212765957,44,2011-11-16 12:19:00,2011-11-16 12:19:00,23,0,1.0,1,0,0,0.502723242415689
15901,3,379,351.73,3.168738738738739,102,2011-07-08 12:18:00,2011-11-23 12:43:00,16,138,0.0215827338129496,3,1,0,0.21708035692423744
15903,7,2410,5126.76,69.28054054054054,46,2011-02-17 14:04:00,2011-11-30 08:08:00,9,285,0.0244755244755244,4,1,0,0.07773815084346582
15904,1,84,164.68,5.489333333333334,30,2011-12-01 14:50:00,2011-12-01 14:50:00,7,0,1.0,1,0,0,0.5359188517837702
15906,7,544,1567.69,10.451266666666667,113,2011-03-29 13:28:00,2011-11-20 12:24:00,19,235,0.0296610169491525,5,1,0,0.07552912568687457
15907,3,478,882.72,3.905840707964602,175,2011-05-13 13:01:00,2011-12-06 12:21:00,3,206,0.0144927536231884,3,1,0,0.08226110477291895
15909,1,98,191.94,27.42,7,2011-06-19 10:38:00,2011-06-19 10:38:00,173,0,1.0,1,0,1,0.5837330454158569
15910,8,1013,1228.88,4.6198496240601505,215,2011-01-27 11:55:00,2011-12-09 10:51:00,0,315,0.0253164556962025,8,1,0,0.013588828859489078
15912,2,185,264.62,13.927368421052632,19,2011-04-20 17:10:00,2011-06-14 14:29:00,177,54,0.0363636363636363,2,1,1,0.5449220251450108
15916,8,752,1502.86,9.95271523178808,124,2010-12-08 13:07:00,2011-11-23 13:46:00,15,350,0.0227920227920227,6,1,0,0.0270857017366577
15917,1,42,123.1,10.258333333333333,12,2011-04-06 10:40:00,2011-04-06 10:40:00,247,0,1.0,1,0,1,0.5744419461077795
15918,2,153,334.23,8.35575,33,2011-03-13 15:55:00,2011-06-02 11:42:00,190,80,0.0246913580246913,2,1,1,0.46809053023078345
15919,2,385,525.69,4.308934426229508,103,2010-12-06 11:26:00,2011-11-20 11:28:00,19,349,0.0057142857142857,2,1,0,0.06399334188836113
15920,4,99,167.5,2.7916666666666665,53,2011-07-08 15:16:00,2011-07-08 15:31:00,153,0,4.0,1,0,1,0.5903239541147948
15921,1,162,323.03000000000003,13.459583333333336,24,2011-06-20 11:03:00,2011-06-20 11:03:00,172,0,1.0,1,0,1,0.5458375454694221
15922,1,138,369.5,33.59090909090909,11,2010-12-01 13:51:00,2010-12-01 13:51:00,372,0,1.0,1,0,1,0.5735264018292148
15923,1,122,127.08,6.051428571428572,21,2010-12-02 12:16:00,2010-12-02 12:16:00,372,0,1.0,1,0,1,0.5542405765606893
15925,1,93,207.15,17.2625,12,2011-05-29 15:35:00,2011-05-29 15:35:00,193,0,1.0,1,0,1,0.5730552094453697
15930,1,139,426.63,20.31571428571429,21,2011-10-03 14:52:00,2011-10-03 14:52:00,66,0,1.0,1,0,0,0.5518407612100016
15932,8,2325,2495.87,21.703217391304342,93,2011-02-23 14:50:00,2011-12-05 17:13:00,3,285,0.0279720279720279,8,1,0,0.03957043672131038
15933,3,885,1107.46,14.965675675675676,63,2011-09-14 12:05:00,2011-11-18 13:14:00,20,65,0.0454545454545454,2,1,0,0.402141163230225
15935,2,115,416.86,34.73833333333334,12,2011-04-12 09:35:00,2011-04-14 13:27:00,238,2,0.6666666666666666,1,0,1,0.540847673125696
15937,1,73,145.35,20.764285714285712,7,2011-10-06 15:48:00,2011-10-06 15:48:00,63,0,1.0,1,0,0,0.5843183524463883
15938,5,240,404.58,22.476666666666667,13,2011-01-20 10:11:00,2011-08-19 12:56:00,111,211,0.0235849056603773,5,1,1,0.20863511665709072
15939,15,4728,6115.01,80.46065789473684,28,2011-01-12 12:43:00,2011-09-11 11:30:00,89,241,0.0619834710743801,9,1,0,0.04516053224786601
15940,1,4,35.8,35.8,1,2011-02-01 16:18:00,2011-02-01 16:18:00,310,0,1.0,1,0,1,0.5992993178556059
15942,1,232,337.44,24.102857142857143,14,2011-07-29 09:01:00,2011-07-29 09:01:00,133,0,1.0,1,0,1,0.5655201903438849
15944,1,50,325.1,54.18333333333334,6,2011-03-08 10:33:00,2011-03-08 10:33:00,276,0,1.0,1,0,1,0.5866019598679005
15945,1,52,181.0,90.5,2,2010-12-09 13:14:00,2010-12-09 13:14:00,364,0,1.0,1,0,1,0.597461291109269
15947,1,898,1708.24,58.9048275862069,29,2011-09-18 10:46:00,2011-09-18 10:46:00,82,0,1.0,1,0,0,0.5110308006571116
15948,2,567,955.24,15.920666666666667,51,2011-10-27 08:35:00,2011-12-01 15:32:00,7,35,0.0555555555555555,2,1,0,0.49989709529792775
15949,2,284,364.72,19.19578947368421,12,2011-09-29 17:34:00,2011-11-23 09:09:00,16,54,0.0363636363636363,2,1,0,0.5568913767345902
15950,4,719,1744.71,17.986701030927836,86,2010-12-15 11:56:00,2011-11-08 11:09:00,31,327,0.0121951219512195,4,1,0,0.06132019964217166
15951,2,313,708.22,17.273658536585366,36,2011-02-27 11:57:00,2011-12-01 08:34:00,8,276,0.0072202166064981,2,1,0,0.16876252768353295
15952,4,391,781.91,9.30845238095238,65,2011-04-28 12:55:00,2011-11-06 11:18:00,33,191,0.0208333333333333,4,1,0,0.18070679082365645
15953,8,891,1657.28,17.085360824742267,63,2010-12-05 15:15:00,2011-11-24 15:32:00,14,354,0.0225352112676056,6,1,0,0.042500873236108884
15955,14,2135,4416.26,24.13256830601093,137,2010-12-02 11:22:00,2011-11-15 14:15:00,23,348,0.0401146131805157,7,1,0,0.013932807489118874
15957,1,211,428.89,10.211666666666666,40,2011-11-08 12:14:00,2011-11-08 12:14:00,31,0,1.0,1,0,0,0.5104771284579337
15958,1,33,104.35,14.907142857142857,7,2011-09-26 13:41:00,2011-09-26 13:41:00,73,0,1.0,1,0,0,0.5851616641374566
15963,2,298,470.76,16.812857142857144,26,2011-10-25 13:05:00,2011-11-20 11:33:00,19,25,0.0769230769230769,2,1,0,0.5800309898773738
15965,4,434,808.87,7.287117117117117,88,2010-12-07 13:18:00,2011-11-22 16:44:00,16,350,0.0113960113960113,2,1,0,0.06460680740255972
15967,2,205,397.68,4.971,73,2011-01-25 11:57:00,2011-11-16 15:41:00,22,295,0.0067567567567567,2,1,0,0.11672827793946045
15969,3,124,666.1,33.305,20,2011-06-07 12:19:00,2011-12-07 11:06:00,2,182,0.0163934426229508,3,1,0,0.28857362743964393
15970,1,116,314.1,28.55454545454546,11,2011-02-09 12:08:00,2011-02-09 12:08:00,303,0,1.0,1,0,1,0.5742088256449308
15971,12,1717,4199.85,119.9957142857143,10,2011-02-01 16:47:00,2011-11-22 12:50:00,17,293,0.0408163265306122,8,1,0,0.0606057360091247
15973,1,106,307.82000000000005,76.95500000000001,4,2010-12-08 11:42:00,2010-12-08 11:42:00,366,0,1.0,1,0,1,0.59075676045969
15974,7,2262,3442.15,19.557670454545455,141,2011-02-24 10:10:00,2011-10-31 13:13:00,38,249,0.028,7,1,0,0.038381803043657126
15975,1,243,371.01,15.45875,24,2011-09-16 13:33:00,2011-09-16 13:33:00,83,0,1.0,1,0,0,0.5439805409361785
15976,2,275,427.64,4.454583333333333,83,2011-05-03 17:12:00,2011-06-27 13:00:00,164,54,0.0363636363636363,2,1,1,0.40865338537270685
15977,2,1016,1054.73,16.226615384615386,48,2011-10-31 16:24:00,2011-11-22 13:29:00,16,21,0.0909090909090909,2,1,0,0.523720284313424
15978,1,888,1098.78,22.42408163265306,49,2011-09-23 15:21:00,2011-09-23 15:21:00,76,0,1.0,1,0,0,0.47338368567116607
15980,3,1560,2398.86,55.78744186046512,40,2011-03-30 15:05:00,2011-09-12 09:41:00,88,165,0.0180722891566265,2,1,0,0.2647370299059585
15981,8,1866,3408.48,35.13896907216495,53,2011-02-01 13:50:00,2011-11-15 08:00:00,24,286,0.0278745644599303,8,1,0,0.05424736168430311
15983,4,886,1465.12,13.081428571428573,82,2010-12-01 12:15:00,2011-11-17 17:34:00,21,351,0.0113636363636363,2,1,0,0.06376849779358609
15984,10,1815,2780.63,10.777635658914727,217,2010-12-06 13:21:00,2011-12-07 12:16:00,2,365,0.0273224043715847,8,1,0,0.00758916385434218
15985,2,1086,1142.42,30.876216216216218,29,2011-04-17 11:04:00,2011-08-08 16:31:00,122,113,0.0175438596491228,2,1,1,0.39425523986009176
15986,1,268,168.12,12.008571428571427,14,2011-11-09 15:17:00,2011-11-09 15:17:00,29,0,1.0,1,0,0,0.5658519393684579
15987,7,1533,1432.77,11.193515625,110,2010-12-06 08:34:00,2011-11-27 15:38:00,11,356,0.0196078431372549,5,1,0,0.03156065931333537
15988,1,180,156.78,6.03,26,2011-11-20 13:23:00,2011-11-20 13:23:00,18,0,1.0,1,0,0,0.5425343482131783
15990,2,443,792.11,15.232884615384616,52,2011-02-25 15:35:00,2011-10-26 15:58:00,43,243,0.0081967213114754,2,1,0,0.1819532898023311
15992,1,17,41.989999999999995,13.996666666666664,3,2011-12-06 11:00:00,2011-12-06 11:00:00,3,0,1.0,1,0,0,0.5940604926794821
15993,7,2037,2777.67,5.115414364640884,335,2011-10-26 16:21:00,2011-12-01 10:45:00,8,35,0.1944444444444444,3,1,0,0.054145055160879654
15994,1,173,414.27,12.9459375,31,2011-10-16 12:28:00,2011-10-16 12:28:00,54,0,1.0,1,0,0,0.5302295096323368
15996,6,380,1032.58,8.130551181102362,103,2010-12-08 15:59:00,2011-09-12 15:14:00,87,277,0.0215827338129496,6,1,0,0.060725851862252954
15998,5,2032,3080.22,6.111547619047618,370,2010-12-12 13:32:00,2011-11-03 12:45:00,36,325,0.0153374233128834,5,1,0,0.004593013259791893
16000,3,5110,12393.7,1377.0777777777778,9,2011-12-07 12:14:00,2011-12-07 12:17:00,2,0,3.0,1,0,0,0.5033842629276783
16003,5,1185,2735.37,26.556990291262135,82,2010-12-15 12:09:00,2011-11-10 09:57:00,29,329,0.0151515151515151,4,1,0,0.055919804325078704
16005,4,280,578.71,2.8791542288557217,173,2011-03-14 11:46:00,2011-11-27 13:47:00,11,258,0.0154440154440154,3,1,0,0.05774216719174943
16006,1,84,101.4,12.675,8,2011-05-12 13:12:00,2011-05-12 13:12:00,210,0,1.0,1,0,1,0.5821283649498522
16007,4,1388,1693.81,4.445695538057743,221,2011-05-08 13:32:00,2011-10-23 11:05:00,47,167,0.0238095238095238,3,1,0,0.06541285918698624
16008,3,323,478.78,14.508484848484848,29,2011-05-19 10:54:00,2011-11-16 10:32:00,23,180,0.0165745856353591,3,1,0,0.2739724927232531
16009,4,366,972.11,11.855,68,2011-07-03 11:26:00,2011-11-17 16:51:00,21,137,0.0289855072463768,3,1,0,0.25774197978500923
16010,3,202,392.4,4.9670886075949365,62,2010-12-12 12:18:00,2011-04-08 10:14:00,245,116,0.0256410256410256,2,1,1,0.3353348498832911
16011,16,2035,3352.96,15.966476190476191,99,2010-12-08 16:34:00,2011-12-01 16:31:00,7,357,0.0446927374301676,11,1,0,0.011820239815104583
16012,3,799,1415.29,15.05627659574468,87,2011-07-07 18:02:00,2011-11-04 13:25:00,34,119,0.025,3,1,0,0.25201476353660063
16013,47,15536,37130.6,267.126618705036,30,2010-12-03 13:09:00,2011-12-06 10:36:00,3,367,0.1277173913043478,13,1,0,0.0004192371594122526
16014,3,258,646.83,4.687173913043479,123,2011-02-21 17:42:00,2011-11-02 12:04:00,37,253,0.0118110236220472,3,1,0,0.0918391738607784
16015,3,907,704.55,3.892541436464088,146,2011-10-21 12:56:00,2011-12-06 10:58:00,3,45,0.0652173913043478,3,1,0,0.26422706917507643
16016,8,602,1465.51,6.542455357142857,156,2010-12-08 12:36:00,2011-12-06 14:35:00,2,363,0.0219780219780219,6,1,0,0.019248972260290223
16017,1,102,211.88,6.62125,26,2011-10-23 12:56:00,2011-10-23 12:56:00,46,0,1.0,1,0,0,0.5435154713746243
16018,2,190,408.9,14.60357142857143,26,2011-06-12 13:52:00,2011-10-31 14:13:00,38,141,0.0140845070422535,2,1,0,0.3738436358940973
16019,9,1733,3786.24,23.664,133,2010-12-10 12:29:00,2011-10-24 11:51:00,46,317,0.0283018867924528,7,1,0,0.02383716638901356
16020,3,487,851.01,18.500217391304343,42,2011-10-05 13:54:00,2011-11-23 11:18:00,16,48,0.0612244897959183,2,1,0,0.48615275502273425
16022,1,255,602.63,8.48774647887324,68,2011-03-24 13:16:00,2011-03-24 13:16:00,259,0,1.0,1,0,1,0.44961024735068644
16023,3,358,719.81,7.126831683168317,90,2011-03-18 13:32:00,2011-10-24 16:34:00,45,220,0.0135746606334841,3,1,0,0.1434797680165586
16024,1,397,251.03,3.9846031746031745,61,2011-11-27 13:26:00,2011-11-27 13:26:00,11,0,1.0,1,0,0,0.4644806849446218
16025,1,338,439.66,15.702142857142857,28,2011-11-10 11:45:00,2011-11-10 11:45:00,29,0,1.0,1,0,0,0.5332796350128688
16026,1,243,236.09,7.3778125,30,2011-10-27 13:53:00,2011-10-27 13:53:00,42,0,1.0,1,0,0,0.5323789496893782
16027,6,1147,934.62,58.41375,11,2011-02-10 12:19:00,2011-09-09 10:47:00,91,210,0.0284360189573459,5,1,1,0.1919585861564377
16029,63,40108,80850.84,335.4806639004149,44,2010-12-01 09:57:00,2011-11-01 10:27:00,38,335,0.1875,12,1,0,7.842894048699608e-06
16030,1,283,331.24,11.422068965517242,28,2011-02-03 11:28:00,2011-02-03 11:28:00,309,0,1.0,1,0,1,0.5351061839481298
16031,2,421,547.9,5.590816326530612,91,2011-04-06 14:23:00,2011-09-08 13:07:00,91,154,0.0129032258064516,2,1,1,0.235503744048526
16033,20,3529,8778.82,7.782641843971631,538,2010-12-05 10:36:00,2011-12-04 12:44:00,5,364,0.0547945205479452,13,1,0,0.00014558387392716029
16034,3,242,437.7,19.895454545454545,18,2011-01-11 11:54:00,2011-05-27 16:17:00,195,136,0.0218978102189781,2,1,1,0.386238630873775
16036,2,716,758.92,13.798545454545454,55,2011-03-21 13:01:00,2011-09-13 14:53:00,86,176,0.0112994350282485,2,1,0,0.25657718794055795
16037,3,428,855.02,21.923589743589744,37,2010-12-16 10:18:00,2011-03-15 09:13:00,269,88,0.0337078651685393,3,1,1,0.4025552630202991
16038,3,244,471.78,18.145384615384614,24,2011-05-22 11:29:00,2011-12-02 12:40:00,7,194,0.0153846153846153,3,1,0,0.2636395251520007
16040,3,684,1313.55,20.20846153846154,57,2011-03-16 09:58:00,2011-10-05 13:47:00,64,203,0.0147058823529411,3,1,0,0.1928374217089593
16041,3,1584,3166.4,527.7333333333333,6,2011-07-21 16:27:00,2011-11-09 12:25:00,30,110,0.027027027027027,2,1,0,0.4291351195210978
16042,5,743,1177.47,16.821,68,2011-01-11 13:25:00,2011-11-17 17:50:00,21,310,0.0160771704180064,4,1,0,0.07702143748357082
16043,4,503,773.99,19.84589743589743,30,2011-01-26 11:14:00,2011-11-02 12:50:00,37,280,0.0142348754448398,4,1,0,0.1337208504518522
16045,4,897,1340.7,16.15301204819277,71,2011-02-22 14:55:00,2011-08-12 12:41:00,119,170,0.023391812865497,4,1,1,0.18739964326633635
16048,2,144,256.44,32.055,8,2010-12-01 15:27:00,2010-12-01 15:28:00,372,0,2.0,1,0,1,0.6137835988664161
16049,3,763,1074.81,3.5946822742474915,248,2011-09-25 14:33:00,2011-10-30 13:19:00,39,34,0.0857142857142857,2,1,0,0.1538859075683957
16050,1,278,137.9,13.79,10,2011-06-19 11:44:00,2011-06-19 11:44:00,173,0,1.0,1,0,1,0.574215226361183
16052,1,282,362.06,10.648823529411764,34,2011-10-16 15:13:00,2011-10-16 15:13:00,53,0,1.0,1,0,0,0.5223059269793641
16053,2,1793,1511.95,17.999404761904763,81,2011-08-09 14:57:00,2011-11-07 11:21:00,32,89,0.0222222222222222,2,1,0,0.3188030285842072
16054,1,380,783.9,11.198571428571428,70,2011-07-17 13:08:00,2011-07-17 13:08:00,144,0,1.0,1,0,1,0.44163894654097685
16055,1,22,134.8,16.85,8,2011-05-03 09:26:00,2011-05-03 09:26:00,220,0,1.0,1,0,1,0.5831435113849818
16056,1,345,650.75,9.859848484848484,66,2011-10-25 15:19:00,2011-10-25 15:19:00,44,0,1.0,1,0,0,0.45170180035249213
16057,7,863,2263.12,18.703471074380165,109,2011-02-28 10:35:00,2011-11-23 15:23:00,15,268,0.0260223048327137,4,1,0,0.06503808066291197
16059,6,641,1453.16,8.163820224719101,126,2010-12-07 10:36:00,2011-10-05 09:56:00,65,301,0.0198675496688741,6,1,0,0.04150412291665597
16062,4,800,1153.62,18.0253125,50,2010-12-10 12:00:00,2011-11-30 12:15:00,9,355,0.0112359550561797,4,1,0,0.06824686741795494
16063,1,262,335.32,14.57913043478261,23,2011-03-24 14:55:00,2011-03-24 14:56:00,259,0,1.0,1,0,1,0.5459854851430711
16065,1,228,367.14,5.02931506849315,71,2010-12-09 13:03:00,2010-12-09 13:03:00,364,0,1.0,1,0,1,0.4458836263133294
16066,5,935,1521.04,15.05980198019802,77,2011-08-07 14:33:00,2011-11-23 11:54:00,16,107,0.0462962962962962,3,1,0,0.2643659716922301
16070,2,457,852.15,25.82272727272727,32,2011-11-07 16:36:00,2011-11-17 15:50:00,21,9,0.2,1,0,0,0.454092568755081
16071,1,180,326.24,15.535238095238096,21,2011-10-26 11:14:00,2011-10-26 11:14:00,44,0,1.0,1,0,0,0.5517774526533938
16072,1,140,584.3199999999999,25.405217391304344,23,2011-02-24 14:32:00,2011-02-24 14:32:00,287,0,1.0,1,0,1,0.5464761662447363
16073,1,48,122.4,122.4,1,2011-02-15 15:41:00,2011-02-15 15:41:00,296,0,1.0,1,0,1,0.6014039214469704
16076,10,1435,2234.73,17.323488372093024,71,2011-05-15 12:31:00,2011-12-06 14:59:00,2,205,0.0485436893203883,7,1,0,0.08692374835782297
16078,1,16,79.2,79.2,1,2011-03-01 09:47:00,2011-03-01 09:47:00,283,0,1.0,1,0,1,0.6005357405854356
16079,3,864,1352.0,64.38095238095238,18,2011-10-30 13:06:00,2011-11-23 12:48:00,16,23,0.125,2,1,0,0.574208171275214
16080,2,128,217.16,21.716,10,2011-03-10 14:44:00,2011-09-19 10:42:00,81,192,0.0103626943005181,2,1,0,0.32351235649292287
16081,5,1473,2799.42,12.553452914798209,175,2010-12-08 11:16:00,2011-10-14 13:06:00,55,310,0.0160771704180064,5,1,0,0.026967468791551593
16083,2,908,1317.62,42.50387096774193,31,2010-12-14 11:51:00,2011-08-31 10:47:00,100,259,0.0076923076923076,2,1,1,0.18356259202209024
16084,1,216,436.18,11.47842105263158,38,2011-02-13 16:05:00,2011-02-13 16:05:00,298,0,1.0,1,0,1,0.5145519846860838
16085,5,636,981.51,5.877305389221557,123,2011-01-23 12:07:00,2011-11-16 13:24:00,22,297,0.0167785234899328,5,1,0,0.050749213470015535
16086,5,511,1121.39,28.753589743589743,24,2010-12-07 13:45:00,2011-10-11 13:09:00,58,307,0.0162337662337662,5,1,0,0.1029711428977687
16091,2,154,315.06,17.503333333333334,16,2011-05-25 09:18:00,2011-07-08 08:45:00,154,43,0.0454545454545454,2,1,1,0.5713700436912738
16092,3,628,817.86,16.036470588235293,37,2011-03-30 15:38:00,2011-08-17 10:46:00,114,139,0.0214285714285714,3,1,1,0.3143642344371592
16093,1,20,17.0,17.0,1,2011-08-25 11:09:00,2011-08-25 11:09:00,106,0,1.0,1,0,1,0.5983805100559729
16094,4,647,1078.23,17.114761904761906,48,2011-05-04 13:57:00,2011-11-28 12:45:00,11,207,0.0192307692307692,2,1,0,0.20932846316356235
16096,1,155,320.62,26.718333333333337,12,2011-03-20 13:38:00,2011-03-20 13:38:00,263,0,1.0,1,0,1,0.5713073766304688
16097,1,87,185.05,18.505,10,2011-04-13 13:47:00,2011-04-13 13:47:00,239,0,1.0,1,0,1,0.5775034309719402
16098,7,613,2005.63,29.934776119402983,34,2010-12-01 09:45:00,2011-09-13 09:59:00,87,286,0.024390243902439,7,1,0,0.08200304380861076
16099,3,434,731.9,18.766666666666666,29,2011-04-28 08:34:00,2011-10-20 13:13:00,49,175,0.0170454545454545,3,1,0,0.2778330722418153
16101,1,757,1290.7,16.982894736842105,76,2011-09-30 10:18:00,2011-09-30 10:18:00,70,0,1.0,1,0,0,0.4181122801290979
16102,3,942,1842.14,32.31824561403509,41,2011-08-03 12:50:00,2011-10-28 13:19:00,41,86,0.0344827586206896,3,1,0,0.38070193806688557
16103,6,558,1429.64,29.784166666666668,30,2011-04-20 12:28:00,2011-12-02 14:16:00,6,226,0.026431718061674,5,1,0,0.1556543817008512
16104,1,122,298.21,10.650357142857144,28,2011-10-09 10:23:00,2011-10-09 10:23:00,61,0,1.0,1,0,0,0.5383811455872168
16105,1,330,336.96,25.92,13,2011-04-05 10:13:00,2011-04-05 10:13:00,248,0,1.0,1,0,1,0.5658485058730925
16106,1,74,108.38,18.063333333333333,6,2011-10-05 10:37:00,2011-10-05 10:37:00,65,0,1.0,1,0,0,0.5865425292476688
16107,7,1176,3204.1600000000003,103.36,16,2011-06-09 18:42:00,2011-11-22 09:40:00,17,165,0.0421686746987951,6,1,0,0.20273232200751168
16108,1,615,842.5,17.552083333333332,48,2011-09-16 11:48:00,2011-09-16 11:48:00,84,0,1.0,1,0,0,0.48271187349442995
16109,2,612,611.88,33.99333333333333,18,2011-02-04 12:37:00,2011-05-05 09:17:00,218,89,0.0222222222222222,2,1,1,0.47305932959934
16110,3,720,1320.95,3.8624269005847953,283,2011-02-01 14:01:00,2011-10-25 14:35:00,44,266,0.0112359550561797,3,1,0,0.022246264715324697
16112,4,574,195.74,12.23375,15,2011-01-05 11:47:00,2011-07-19 14:28:00,142,195,0.0204081632653061,2,1,1,0.2830685992774544
16113,1,176,161.38,5.379333333333333,30,2011-06-09 16:16:00,2011-06-09 16:16:00,182,0,1.0,1,0,1,0.534223901019311
16114,1,43,135.75000000000003,16.968750000000004,8,2011-06-22 10:13:00,2011-06-22 10:13:00,170,0,1.0,1,0,1,0.582756438508774
16115,8,994,1660.88,5.952974910394265,169,2011-02-20 12:14:00,2011-11-30 11:32:00,9,282,0.0282685512367491,8,1,0,0.024709868325771576
16116,1,248,612.78,18.02294117647059,34,2011-05-12 12:01:00,2011-05-12 12:01:00,211,0,1.0,1,0,1,0.5209822602200516
16117,1,130,232.21,7.740333333333334,30,2011-06-03 11:42:00,2011-06-03 11:42:00,189,0,1.0,1,0,1,0.5345437932950812
16119,2,240,423.36,26.46,14,2011-09-28 10:15:00,2011-12-01 15:11:00,7,64,0.0307692307692307,2,1,0,0.5352109722432026
16120,4,878,1309.14,43.638000000000005,26,2011-10-11 14:10:00,2011-10-11 14:22:00,58,0,4.0,1,0,0,0.6220093480405917
16121,2,576,854.66,4.189509803921569,170,2011-05-08 11:52:00,2011-10-13 12:59:00,56,158,0.0125786163522012,2,1,0,0.13121013948916577
16122,4,1128,684.4200000000001,18.01105263157895,26,2010-12-08 11:41:00,2011-09-27 15:34:00,72,293,0.0136054421768707,4,1,0,0.12207423715439576
16123,1,170,307.78,19.23625,16,2011-10-19 09:18:00,2011-10-19 09:18:00,51,0,1.0,1,0,0,0.562608242527243
16124,1,48,249.0,22.636363636363637,11,2011-01-26 14:45:00,2011-01-26 14:45:00,316,0,1.0,1,0,1,0.5757843026841429
16125,1,124,289.35,22.25769230769231,13,2010-12-07 15:48:00,2010-12-07 15:48:00,366,0,1.0,1,0,1,0.5699163236613126
16126,4,2125,6287.77,53.741623931623934,57,2011-02-16 11:18:00,2011-11-10 16:03:00,28,267,0.0149253731343283,4,1,0,0.08966719195174544
16127,1,323,656.25,16.40625,40,2011-10-31 13:58:00,2011-10-31 13:58:00,38,0,1.0,1,0,0,0.5065702882336278
16128,5,988,1880.22,21.126067415730336,76,2011-03-02 12:21:00,2011-11-22 11:14:00,17,264,0.0188679245283018,4,1,0,0.09437486552149647
16131,6,1802,3506.54,44.95564102564102,55,2011-04-14 08:32:00,2011-10-19 11:53:00,51,188,0.0317460317460317,4,1,0,0.15457643345974192
16133,33,8887,14589.04,43.16284023668639,219,2011-01-25 15:55:00,2011-12-06 11:24:00,3,314,0.1047619047619047,11,1,0,0.0010672030864591617
16134,2,371,618.09,17.659714285714287,34,2010-12-15 14:00:00,2011-11-18 10:05:00,21,337,0.0059171597633136,2,1,0,0.1172169259562328
16135,1,209,517.55,24.645238095238092,21,2011-03-22 12:30:00,2011-03-22 12:30:00,262,0,1.0,1,0,1,0.549906005906759
16136,3,440,709.38,19.172432432432434,35,2011-03-07 09:52:00,2011-10-11 09:10:00,59,217,0.0137614678899082,3,1,0,0.21271741146609463
16139,3,330,635.41,20.497096774193547,25,2011-05-17 10:23:00,2011-11-21 08:37:00,18,187,0.0159574468085106,3,1,0,0.2695482210812586
16140,2,730,725.18,20.71942857142857,32,2010-12-03 14:40:00,2011-10-05 12:15:00,65,305,0.0065359477124183,2,1,0,0.14164636789581553
16141,1,238,620.4,20.68,30,2011-09-12 13:11:00,2011-09-12 13:11:00,87,0,1.0,1,0,0,0.529559726066331
16142,1,422,535.34,14.46864864864865,37,2011-04-04 10:16:00,2011-04-04 10:16:00,249,0,1.0,1,0,1,0.5120003638250984
16143,6,919,2424.94,20.725982905982907,75,2010-12-05 15:18:00,2011-12-06 14:13:00,2,365,0.0163934426229508,5,1,0,0.04160005177849468
16144,1,16,175.2,175.2,1,2011-04-07 10:09:00,2011-04-07 10:09:00,246,0,1.0,1,0,1,0.6037434866922353
16145,11,3123,3799.49,16.96200892857143,134,2010-12-15 09:09:00,2011-12-01 10:33:00,8,351,0.03125,10,1,0,0.011606827126137297
16146,3,427,734.13,25.314827586206896,26,2011-04-21 15:25:00,2011-07-05 14:20:00,156,74,0.04,3,1,1,0.4512676013649976
16147,1,246,375.0,17.045454545454547,22,2011-07-29 09:57:00,2011-07-29 09:57:00,133,0,1.0,1,0,1,0.5481044719667034
16148,1,72,76.32000000000001,76.32000000000001,1,2011-02-16 14:01:00,2011-02-16 14:01:00,295,0,1.0,1,0,1,0.599429199118492
16149,2,308,280.52,15.584444444444443,18,2011-07-20 14:54:00,2011-12-05 11:29:00,4,137,0.0144927536231884,2,1,0,0.395579669248952
16150,5,1047,2053.02,17.547179487179488,91,2010-12-02 18:27:00,2011-10-28 12:39:00,42,329,0.0151515151515151,5,1,0,0.0492531872210345
16152,1,642,1829.04,63.07034482758621,29,2011-03-16 09:47:00,2011-03-16 09:47:00,268,0,1.0,1,0,1,0.5149184494013411
16153,5,1073,1824.23,20.496966292134832,78,2010-12-20 09:22:00,2011-10-21 10:50:00,49,305,0.0163398692810457,5,1,0,0.06469237987685289
16156,9,1273,3092.04,24.1565625,108,2011-02-02 12:02:00,2011-12-01 12:42:00,8,302,0.0297029702970297,8,1,0,0.03145668597532776
16157,3,347,656.69,36.482777777777784,12,2011-09-28 11:48:00,2011-11-24 11:41:00,15,56,0.0526315789473684,2,1,0,0.5391678933724828
16159,1,236,348.2,24.87142857142857,14,2011-03-03 12:27:00,2011-03-03 12:27:00,281,0,1.0,1,0,1,0.5653829870854711
16160,2,1162,1025.44,51.272000000000006,20,2011-09-15 10:53:00,2011-10-05 14:19:00,64,20,0.0952380952380952,2,1,0,0.5825967946819902
16161,19,2583,5533.67,11.748768577494692,286,2010-12-06 10:03:00,2011-12-08 12:10:00,1,367,0.0516304347826086,11,1,0,0.0017858828062602852
16162,1,4,37.4,18.7,2,2011-04-01 15:03:00,2011-04-01 15:03:00,251,0,1.0,1,0,1,0.5965508266565636
16163,2,192,856.6,142.76666666666668,5,2010-12-09 16:28:00,2011-04-21 15:15:00,231,132,0.0150375939849624,2,1,1,0.4331666758694367
16164,3,433,822.48,24.19058823529412,27,2011-10-28 09:12:00,2011-11-22 15:04:00,16,25,0.1153846153846153,2,1,0,0.5627181506081314
16168,27,1892,3787.6,38.648979591836735,57,2010-12-05 11:38:00,2011-11-29 12:45:00,10,359,0.075,11,1,0,0.009848604072955212
16169,4,1325,1822.97,21.44670588235294,71,2011-09-25 11:33:00,2011-12-01 15:28:00,7,67,0.0588235294117647,4,1,0,0.31732386669774
16170,6,1770,1885.05,15.0804,106,2011-04-05 13:42:00,2011-10-20 08:21:00,50,197,0.0303030303030303,5,1,0,0.09735404919117037
16171,1,24,73.2,24.4,3,2011-10-11 14:51:00,2011-10-11 14:51:00,58,0,1.0,1,0,0,0.594100266437748
16172,5,787,1140.21,16.524782608695652,52,2011-04-12 12:02:00,2011-09-05 13:22:00,94,146,0.0340136054421768,4,1,1,0.23774507867416417
16173,6,575,1418.32,16.884761904761906,70,2011-09-02 15:23:00,2011-11-24 10:53:00,15,82,0.072289156626506,3,1,0,0.31081649449259524
16174,3,651,1009.55,43.89347826086957,19,2011-07-11 09:23:00,2011-08-05 13:26:00,125,25,0.1153846153846153,2,1,1,0.5742877070384697
16175,4,533,1037.59,17.889482758620687,45,2011-04-13 14:38:00,2011-09-06 14:32:00,93,145,0.0273972602739726,4,1,1,0.26314917338233745
16177,1,95,331.95,22.13,15,2011-10-20 12:57:00,2011-10-20 12:57:00,49,0,1.0,1,0,0,0.5659588442152544
16178,1,94,197.9,24.7375,8,2011-07-24 16:05:00,2011-07-24 16:05:00,137,0,1.0,1,0,1,0.581604468432216
16179,1,99,215.83,19.62090909090909,11,2011-10-10 09:41:00,2011-10-10 09:41:00,60,0,1.0,1,0,0,0.5750141735329221
16180,8,5867,10254.18,63.29740740740741,90,2011-04-01 10:23:00,2011-08-31 16:28:00,99,152,0.0522875816993464,5,1,1,0.07834048581992134
16181,1,152,305.54,27.776363636363637,11,2011-09-27 13:38:00,2011-09-27 13:38:00,72,0,1.0,1,0,0,0.5735901484429162
16182,4,3791,6617.65,236.34464285714284,17,2011-02-18 10:11:00,2011-09-28 13:23:00,71,222,0.0179372197309417,4,1,0,0.14641326994027098
16183,1,113,338.71000000000004,22.58066666666667,15,2011-10-03 14:59:00,2011-10-03 14:59:00,66,0,1.0,1,0,0,0.5655853124684074
16184,6,561,1158.79,25.750888888888888,26,2011-05-12 13:33:00,2011-10-06 17:43:00,63,147,0.0405405405405405,5,1,0,0.2542841888480313
16185,2,260,529.41,17.07774193548387,31,2011-04-21 11:59:00,2011-11-23 09:41:00,16,215,0.0092592592592592,2,1,0,0.2494358027251825
16186,12,3020,4006.94,18.38045871559633,87,2010-12-02 14:40:00,2011-11-17 12:43:00,22,349,0.0342857142857142,8,1,0,0.019861051763007526
16187,15,5048,6911.4400000000005,23.428610169491527,160,2011-02-28 13:34:00,2011-11-08 09:50:00,31,252,0.0592885375494071,8,1,0,0.014686102069807888
16188,4,782,981.86,14.65462686567164,65,2011-04-11 09:44:00,2011-10-26 12:19:00,44,198,0.0201005025125628,3,1,0,0.1815997962745605
16189,2,134,215.48,19.58909090909091,9,2011-09-15 15:21:00,2011-11-24 11:47:00,15,69,0.0285714285714285,2,1,0,0.5401050015282175
16190,1,88,215.08,35.84666666666667,6,2011-10-30 15:59:00,2011-10-30 15:59:00,39,0,1.0,1,0,0,0.5861011816631763
16191,13,3351,5180.52,38.66059701492538,65,2010-12-14 12:38:00,2011-12-07 11:26:00,2,357,0.0363128491620111,7,1,0,0.022056858122633638
16193,1,219,314.45,16.55,19,2011-04-17 11:45:00,2011-04-17 11:45:00,236,0,1.0,1,0,1,0.5553378463191114
16198,1,129,400.681,26.71206666666667,15,2011-09-25 14:58:00,2011-09-25 14:58:00,74,0,1.0,1,0,0,0.5649122367849675
16200,2,516,1068.87,6.21436046511628,149,2011-06-28 15:47:00,2011-12-05 14:40:00,3,159,0.0125,2,1,0,0.1512492569722987
16201,4,1286,1863.47,16.78801801801802,74,2011-08-22 10:47:00,2011-12-06 16:02:00,2,106,0.0373831775700934,4,1,0,0.2542751604452972
16202,1,191,365.27,20.292777777777776,18,2010-12-14 10:43:00,2010-12-14 10:43:00,360,0,1.0,1,0,1,0.5576260942064845
16203,4,262,592.9,16.939999999999998,27,2010-12-02 15:39:00,2011-10-12 12:31:00,58,313,0.0127388535031847,4,1,0,0.11329489490237095
16204,1,218,384.18,7.6836,45,2011-11-16 13:40:00,2011-11-16 13:40:00,22,0,1.0,1,0,0,0.5001886430142368
16205,4,516,757.63,7.810618556701031,73,2011-06-13 11:33:00,2011-11-09 09:32:00,30,148,0.0268456375838926,3,1,0,0.2344278815454156
16206,4,272,537.0600000000001,8.524761904761906,52,2011-01-16 11:07:00,2011-10-16 10:41:00,54,272,0.0146520146520146,4,1,0,0.12231919027987453
16207,1,140,394.38,20.756842105263157,19,2011-11-14 13:51:00,2011-11-14 13:51:00,24,0,1.0,1,0,0,0.5562657278469371
16208,2,333,664.26,10.064545454545454,61,2011-02-23 13:37:00,2011-10-26 11:36:00,44,244,0.0081632653061224,2,1,0,0.17169768326074364
16209,5,1179,2262.62,49.18739130434783,37,2011-04-07 12:23:00,2011-09-12 11:58:00,88,157,0.0316455696202531,4,1,0,0.23430994093284965
16210,18,7559,21086.3,171.43333333333334,74,2010-12-01 12:27:00,2011-12-08 12:36:00,1,372,0.0482573726541554,9,1,0,0.005113060959270284
16211,1,154,547.02,23.783478260869565,23,2011-09-12 12:11:00,2011-09-12 12:11:00,88,0,1.0,1,0,0,0.5464823094549458
16212,2,244,690.34,16.837560975609758,40,2011-03-01 12:51:00,2011-11-20 13:00:00,18,264,0.0075471698113207,2,1,0,0.17719373688918913
16213,1,48,159.0,26.5,6,2011-09-22 10:03:00,2011-09-22 10:03:00,78,0,1.0,1,0,0,0.5869280738693379
16214,3,420,1062.75,24.15340909090909,36,2011-03-15 13:23:00,2011-06-22 11:30:00,170,98,0.0303030303030303,3,1,1,0.385600497966698
16215,1,104,242.35,17.310714285714287,14,2011-09-20 10:18:00,2011-09-20 10:18:00,80,0,1.0,1,0,0,0.5684413063181372
16216,1,254,914.93,24.72783783783784,37,2011-03-17 15:34:00,2011-03-17 15:34:00,266,0,1.0,1,0,1,0.512142074914815
16217,2,91,304.25,20.283333333333335,13,2011-03-02 15:28:00,2011-04-18 13:31:00,234,46,0.0425531914893617,2,1,1,0.5734570081919881
16218,7,2088,3084.68,36.72238095238095,56,2010-12-01 11:29:00,2011-11-10 09:59:00,29,343,0.0203488372093023,6,1,0,0.04444115169256807
16221,3,714,860.86,9.061684210526316,90,2010-12-07 13:13:00,2011-11-03 11:43:00,36,330,0.0090634441087613,3,1,0,0.06832260087145563
16222,1,325,773.5500000000001,6.340573770491804,120,2011-01-25 13:38:00,2011-01-25 13:38:00,317,0,1.0,1,0,1,0.3431974451871454
16224,4,1116,1295.3,13.492708333333333,90,2011-04-04 12:00:00,2011-10-13 17:51:00,56,192,0.0207253886010362,3,1,0,0.15342253004782772
16225,5,493,1096.32,8.181492537313432,109,2011-03-07 12:17:00,2011-10-26 08:30:00,44,232,0.0214592274678111,4,1,0,0.09600226694180829
16226,3,192,255.12,31.89,6,2011-04-18 12:58:00,2011-05-20 14:41:00,202,32,0.0909090909090909,2,1,1,0.6018023245920291
16227,1,90,314.22,52.370000000000005,6,2011-04-28 13:33:00,2011-04-28 13:33:00,224,0,1.0,1,0,1,0.5858917265682678
16229,2,318,1010.6,21.50212765957447,46,2011-05-11 10:18:00,2011-09-13 17:16:00,86,125,0.0158730158730158,2,1,0,0.3548790097193221
16230,2,365,542.03,15.486571428571429,32,2011-05-03 15:12:00,2011-06-03 10:06:00,189,30,0.064516129032258,2,1,1,0.5563731259042073
16232,4,550,990.88,26.78054054054054,24,2011-05-08 14:05:00,2011-10-27 12:16:00,43,171,0.0232558139534883,3,1,0,0.279293318844981
16233,3,174,536.6800000000001,24.394545454545455,22,2010-12-08 12:51:00,2011-09-29 17:27:00,70,295,0.0101351351351351,3,1,0,0.14980713568091109
16235,5,330,867.31,18.854565217391304,42,2011-01-11 15:42:00,2011-10-30 10:56:00,40,291,0.0171232876712328,5,1,0,0.1017023838275494
16236,1,184,432.2,21.61,20,2011-09-22 14:10:00,2011-09-22 14:10:00,77,0,1.0,1,0,0,0.5530786505120798
16239,2,228,414.2,21.8,18,2011-06-03 09:30:00,2011-10-14 08:29:00,56,132,0.0150375939849624,2,1,0,0.4047969027500699
16240,2,1641,3718.8,27.546666666666667,126,2011-09-23 13:44:00,2011-11-15 14:30:00,23,53,0.037037037037037,2,1,0,0.2807631598771096
16241,13,1443,2590.31,3.9546717557251903,347,2010-12-05 11:04:00,2011-11-30 11:08:00,9,360,0.0360110803324099,10,1,0,0.001990004393140153
16242,7,1969,3579.86,12.259794520547944,184,2011-03-07 17:04:00,2011-12-01 15:12:00,7,268,0.0260223048327137,6,1,0,0.02633828004403548
16243,2,110,409.1,8.02156862745098,49,2011-10-16 12:09:00,2011-11-06 12:32:00,33,21,0.0909090909090909,2,1,0,0.5440899696350233
16244,2,855,1522.75,16.733516483516482,88,2010-12-02 11:41:00,2011-05-12 10:18:00,211,160,0.0124223602484472,2,1,1,0.220622629956173
16245,3,1014,1413.66,15.707333333333334,80,2011-03-28 09:30:00,2011-11-16 10:14:00,23,233,0.0128205128205128,3,1,0,0.1335286961211397
16247,1,182,114.56,7.16,16,2011-06-22 14:23:00,2011-06-22 14:23:00,169,0,1.0,1,0,1,0.563599751992331
16248,1,78,152.94,21.84857142857143,7,2011-10-09 11:32:00,2011-10-09 11:32:00,61,0,1.0,1,0,0,0.5842060879405202
16249,5,950,1800.07,26.08797101449275,67,2011-04-14 13:50:00,2011-10-18 10:07:00,52,186,0.0267379679144385,5,1,0,0.15347708433585924
16250,2,208,389.44,16.226666666666667,22,2010-12-01 09:59:00,2011-03-23 15:07:00,260,112,0.0176991150442477,2,1,1,0.4322316759003407
16253,2,3233,3683.86,29.95008130081301,114,2011-03-29 13:33:00,2011-10-04 09:09:00,66,188,0.0105820105820105,2,1,0,0.12595398147458858
16255,8,1767,2619.91,9.70337037037037,146,2010-12-09 14:25:00,2011-11-23 12:40:00,16,348,0.0229226361031518,7,1,0,0.01869927107154052
16256,1,581,752.4300000000001,57.87923076923077,13,2011-03-18 12:18:00,2011-03-18 12:18:00,266,0,1.0,1,0,1,0.5588553057158386
16257,1,2,46.95,23.475,2,2011-06-16 10:11:00,2011-06-16 10:11:00,176,0,1.0,1,0,1,0.5967053096272148
16258,5,2994,5203.51,38.54451851851852,111,2011-05-04 14:33:00,2011-10-25 13:30:00,44,173,0.028735632183908,5,1,0,0.09473043143229916
16260,1,311,1035.45,57.525000000000006,18,2011-10-20 09:40:00,2011-10-20 09:40:00,50,0,1.0,1,0,0,0.5509693796211007
16261,4,301,728.54,6.122184873949579,98,2011-04-07 19:05:00,2011-11-22 17:23:00,16,228,0.0174672489082969,4,1,0,0.11435355343638665
16265,9,2646,5447.0,21.112403100775193,164,2010-12-10 10:21:00,2011-11-30 16:41:00,8,355,0.0252808988764044,7,1,0,0.01241761404937927
16266,7,398,861.89,14.12934426229508,44,2011-05-17 14:50:00,2011-09-27 12:08:00,73,132,0.0526315789473684,5,1,0,0.24181958898636732
16268,2,533,667.65,14.836666666666666,45,2011-09-29 18:30:00,2011-09-29 18:30:00,70,0,2.0,1,0,0,0.5265934365107309
16270,1,688,1141.24,21.134074074074075,54,2010-12-21 14:26:00,2010-12-21 14:26:00,352,0,1.0,1,0,1,0.46626768956557124
16271,5,1024,1404.64,10.804923076923078,89,2010-12-16 16:36:00,2011-12-07 12:45:00,2,355,0.0140449438202247,5,1,0,0.042814631161391066
16272,1,224,411.7,16.468,25,2011-08-15 10:53:00,2011-08-15 10:54:00,116,0,1.0,1,0,1,0.5419344977814544
16274,1,153,351.75,5.411538461538462,64,2010-12-01 15:35:00,2010-12-01 15:35:00,372,0,1.0,1,0,1,0.4619488289963833
16275,1,336,559.87,16.965757575757575,33,2011-05-27 12:41:00,2011-05-27 12:41:00,196,0,1.0,1,0,1,0.5218549249783242
16276,1,420,810.6000000000001,135.10000000000002,6,2011-06-16 09:34:00,2011-06-16 09:34:00,176,0,1.0,1,0,1,0.5789916491150885
16278,1,114,566.38,24.625217391304343,23,2011-08-31 17:12:00,2011-08-31 17:12:00,99,0,1.0,1,0,1,0.5470887799338058
16279,3,1046,1502.78,14.177169811320754,102,2011-06-16 11:50:00,2011-11-18 15:00:00,20,155,0.0192307692307692,3,1,0,0.1830090580256679
16281,1,934,2062.06,121.29764705882351,17,2011-09-28 14:57:00,2011-09-28 14:57:00,71,0,1.0,1,0,0,0.5349069712634305
16282,1,114,168.3,15.3,11,2011-01-04 11:42:00,2011-01-04 11:42:00,339,0,1.0,1,0,1,0.5749770845127943
16283,5,1236,1570.81,9.462710843373491,117,2011-05-15 13:37:00,2011-12-04 12:08:00,5,202,0.0246305418719211,5,1,0,0.09468841563789374
16284,2,535,812.68,7.89009708737864,87,2011-10-20 13:54:00,2011-11-08 16:12:00,30,19,0.1,2,1,0,0.4572020765898475
16287,1,298,142.5,17.8125,8,2011-06-23 09:08:00,2011-06-23 09:08:00,169,0,1.0,1,0,1,0.5780652170573695
16292,1,191,302.25,17.779411764705884,17,2011-08-10 12:24:00,2011-08-10 12:24:00,121,0,1.0,1,0,1,0.5601466210461168
16293,10,982,2248.99,19.059237288135595,102,2010-12-07 15:02:00,2011-11-18 09:58:00,21,345,0.0289017341040462,6,1,0,0.029351878274077266
16295,4,841,1328.55,16.817088607594936,70,2011-10-06 10:45:00,2011-11-30 08:17:00,9,54,0.0727272727272727,2,1,0,0.3958218845007336
16297,1,206,301.9,15.095,20,2011-03-16 08:29:00,2011-03-16 08:29:00,268,0,1.0,1,0,1,0.5535628875003727
16298,3,198,598.2,22.15555555555556,22,2011-06-06 10:06:00,2011-11-17 11:59:00,22,164,0.0181818181818181,3,1,0,0.31133390129765454
16302,1,158,233.22,21.201818181818183,11,2011-08-05 09:44:00,2011-08-05 09:44:00,126,0,1.0,1,0,1,0.5738429036236622
16303,3,2659,5360.63,33.09030864197531,119,2011-01-10 14:16:00,2011-11-14 10:49:00,25,307,0.0097402597402597,3,1,0,0.047627122852708315
16305,1,256,361.22,16.419090909090908,22,2011-07-24 12:18:00,2011-07-24 12:18:00,138,0,1.0,1,0,1,0.5480156779085161
16306,6,487,632.27,15.42121951219512,36,2010-12-07 15:18:00,2011-05-10 12:12:00,213,153,0.0389610389610389,4,1,1,0.2520451503121707
16308,4,8000,2560.0,640.0,1,2011-03-23 14:46:00,2011-11-02 11:24:00,37,223,0.0178571428571428,4,1,0,0.15014084625321272
16309,2,467,706.57,16.823095238095238,39,2011-04-13 11:46:00,2011-08-25 15:35:00,105,134,0.0148148148148148,2,1,1,0.35316418110463965
16311,2,394,616.26,16.655675675675674,35,2011-10-21 13:13:00,2011-11-22 08:54:00,17,31,0.0625,2,1,0,0.5471312279167887
16313,2,165,274.15000000000003,17.134375000000002,16,2011-10-21 09:04:00,2011-12-06 13:02:00,2,46,0.0425531914893617,2,1,0,0.5660762802764436
16315,1,75,226.37,16.169285714285714,14,2011-01-13 11:57:00,2011-01-13 11:57:00,330,0,1.0,1,0,1,0.5690697845903294
16316,8,1484,2938.91,19.46298013245033,120,2010-12-16 14:26:00,2011-10-06 13:48:00,63,293,0.0272108843537414,6,1,0,0.03763182466483656
16317,3,890,1341.65,19.444202898550724,64,2011-02-15 14:30:00,2011-08-12 12:46:00,119,177,0.0168539325842696,3,1,1,0.21100455081492492
16318,1,199,328.15,17.271052631578947,19,2011-11-04 13:05:00,2011-11-04 13:05:00,34,0,1.0,1,0,0,0.5556167827620425
16319,1,72,404.4,134.8,3,2011-05-06 11:27:00,2011-05-06 11:27:00,217,0,1.0,1,0,1,0.5949983892055435
16320,2,732,1038.46,18.543928571428573,56,2011-05-10 15:31:00,2011-06-20 15:25:00,171,40,0.048780487804878,2,1,1,0.47638006881291145
16321,5,135,373.65,31.137500000000003,7,2011-01-20 12:11:00,2011-09-28 14:55:00,71,251,0.0198412698412698,3,1,0,0.2015046093177832
16322,2,231,326.75,8.83108108108108,28,2011-11-03 14:33:00,2011-12-08 15:41:00,0,35,0.0555555555555555,2,1,0,0.5594503448650916
16323,1,50,207.50000000000003,207.50000000000003,1,2011-05-27 14:48:00,2011-05-27 14:48:00,195,0,1.0,1,0,1,0.6042098442891816
16324,3,270,408.59,3.680990990990991,100,2011-06-15 14:26:00,2011-08-03 12:58:00,127,48,0.0612244897959183,2,1,1,0.3750344279866742
16325,3,194,594.24,33.013333333333335,14,2011-04-08 09:20:00,2011-10-24 08:48:00,46,198,0.0150753768844221,3,1,0,0.27477908334926593
16326,14,682,3039.2200000000003,10.130733333333334,158,2011-01-09 12:01:00,2011-12-04 10:11:00,5,328,0.0425531914893617,9,1,0,0.01314916890354964
16327,6,2560,3820.27,12.051324921135649,142,2010-12-05 12:43:00,2011-11-25 13:23:00,13,355,0.0168539325842696,6,1,0,0.01996550957070846
16330,3,147,251.91,6.4592307692307696,39,2011-08-19 17:08:00,2011-11-22 12:24:00,17,94,0.031578947368421,2,1,0,0.42008920364787417
16332,7,797,1582.8,10.482119205298012,125,2011-02-07 14:16:00,2011-11-11 14:22:00,27,277,0.0251798561151079,6,1,0,0.04648989540580502
16333,22,32184,26626.8,591.7066666666667,9,2011-02-03 10:50:00,2011-12-02 12:19:00,7,302,0.0726072607260726,9,1,0,0.001678894939206654
16337,1,87,151.05,15.105,10,2011-11-03 10:03:00,2011-11-03 10:03:00,36,0,1.0,1,0,0,0.5776604275856442
16338,1,94,214.8,19.527272727272727,11,2011-07-05 13:56:00,2011-07-05 13:56:00,156,0,1.0,1,0,1,0.5751111695909523
16339,1,21,94.05,5.225,17,2011-02-28 13:41:00,2011-02-28 13:41:00,283,0,1.0,1,0,1,0.564618855300326
16340,1,486,534.31,3.789432624113475,124,2011-08-24 14:53:00,2011-08-24 14:53:00,106,0,1.0,1,0,1,0.3348463960594622
16341,4,1398,1971.87,25.6087012987013,60,2011-05-22 13:20:00,2011-11-15 09:12:00,24,176,0.0225988700564971,3,1,0,0.20019785685997782
16342,4,157,322.41,21.494000000000003,10,2011-06-13 10:10:00,2011-09-25 14:36:00,74,104,0.0380952380952381,4,1,0,0.4051423498669563
16343,2,175,328.58,7.641395348837209,29,2011-11-23 17:43:00,2011-11-23 17:45:00,15,0,2.0,1,0,0,0.5691367445929477
16344,1,18,101.1,50.55,1,2011-07-04 15:50:00,2011-07-04 15:50:00,157,0,1.0,1,0,1,0.599097266914759
16345,1,288,565.46,15.282702702702704,35,2011-10-26 16:03:00,2011-10-26 16:03:00,43,0,1.0,1,0,0,0.5184550517923122
16347,2,341,847.45,9.97,61,2011-11-03 13:01:00,2011-11-28 13:14:00,10,25,0.0769230769230769,1,0,0,0.3637821179786067
16348,7,805,1415.65,6.376801801801802,157,2011-04-13 15:49:00,2011-11-07 15:44:00,31,207,0.0336538461538461,5,1,0,0.06387908076800886
16349,1,9,53.5,5.944444444444445,9,2011-02-22 12:40:00,2011-02-22 12:40:00,290,0,1.0,1,0,1,0.5816022106797869
16350,4,545,1116.47,19.58719298245614,40,2011-01-10 09:44:00,2011-11-18 15:53:00,20,312,0.0127795527156549,4,1,0,0.0998438360413352
16351,1,90,153.9,19.2375,8,2011-01-11 10:26:00,2011-01-11 10:26:00,332,0,1.0,1,0,1,0.581833133825552
16352,2,300,494.44,17.658571428571427,28,2011-11-02 08:44:00,2011-11-22 10:32:00,17,20,0.0952380952380952,1,0,0,0.44370369615903094
16353,23,2006,6675.71,71.0181914893617,51,2010-12-05 12:09:00,2011-12-06 12:23:00,3,366,0.0626702997275204,11,1,0,0.010662701200166736
16354,2,150,395.8,10.148717948717948,38,2011-09-27 16:28:00,2011-10-07 14:28:00,62,9,0.2,2,1,0,0.592325003235002
16356,3,93,211.77,6.831290322580646,20,2011-03-07 12:31:00,2011-05-26 11:51:00,197,79,0.0375,3,1,1,0.46481439155667426
16357,3,246,658.88,19.378823529411765,31,2011-05-10 10:35:00,2011-11-06 16:04:00,32,180,0.0165745856353591,3,1,0,0.27067056765305886
16358,4,1302,2027.5,18.60091743119266,82,2011-06-08 15:05:00,2011-12-08 15:09:00,0,183,0.0217391304347826,4,1,0,0.15339704924336187
16359,9,1183,1750.92,26.52909090909091,39,2011-01-12 10:49:00,2011-12-02 17:04:00,6,324,0.0276923076923076,9,1,0,0.04541712539251239
16360,6,2110,3450.41,5.425172955974842,365,2011-09-12 13:50:00,2011-12-05 12:16:00,4,83,0.0714285714285714,4,1,0,0.02778166287287125
16361,4,418,891.21,8.569326923076924,87,2011-09-29 13:13:00,2011-11-30 12:32:00,9,61,0.064516129032258,3,1,0,0.3400140820983295
16362,5,340,709.99,9.220649350649351,58,2011-09-09 14:47:00,2011-11-07 13:01:00,31,58,0.0847457627118644,3,1,0,0.39401675279430237
16363,1,52,109.36,21.872000000000003,5,2011-10-17 14:14:00,2011-10-17 14:14:00,52,0,1.0,1,0,0,0.5891234512190295
16364,2,279,705.79,13.572884615384616,48,2011-07-25 14:35:00,2011-11-28 11:27:00,11,125,0.0158730158730158,2,1,0,0.35395012495086053
16365,9,504,1540.42,30.2043137254902,45,2010-12-07 17:19:00,2011-11-22 11:24:00,17,349,0.0257142857142857,5,1,0,0.054820825472888995
16366,1,256,327.3,18.183333333333337,18,2011-11-21 08:19:00,2011-11-21 08:19:00,18,0,1.0,1,0,0,0.556671327540327
16367,2,643,800.67,6.304488188976378,123,2010-12-12 12:01:00,2011-11-02 13:13:00,36,325,0.0061349693251533,2,1,0,0.06262163663395057
16368,2,251,479.91,6.955217391304348,58,2011-11-11 15:08:00,2011-12-07 13:12:00,1,25,0.0769230769230769,2,1,0,0.5141717843788473
16369,3,1030,1545.41,13.20863247863248,91,2011-05-27 09:39:00,2011-11-21 16:25:00,17,178,0.0167597765363128,3,1,0,0.17207175026819638
16370,4,640,1301.91,5.890995475113122,143,2011-04-28 16:40:00,2011-09-18 15:55:00,81,142,0.0279720279720279,4,1,0,0.13617447877017405
16372,2,158,355.73,3.866630434782609,86,2011-11-06 12:50:00,2011-11-06 13:08:00,32,0,2.0,1,0,0,0.4504579730688802
16374,2,237,466.73,4.281926605504587,101,2011-03-22 13:46:00,2011-10-04 15:21:00,65,196,0.0101522842639593,2,1,0,0.1753586728108162
16376,2,691,974.96,7.991475409836066,104,2011-11-22 16:47:00,2011-12-01 11:38:00,8,8,0.2222222222222222,2,1,0,0.4429233244650491
16377,1,1500,676.2,135.24,5,2011-03-17 15:41:00,2011-03-17 15:41:00,266,0,1.0,1,0,1,0.5623643564428689
16378,3,267,362.95,15.780434782608696,22,2011-02-02 12:42:00,2011-04-06 15:07:00,246,63,0.046875,2,1,1,0.5087164819426616
16379,4,1410,2157.4,19.975925925925928,87,2011-09-22 09:33:00,2011-12-05 15:38:00,3,74,0.0533333333333333,3,1,0,0.2936114516901363
16380,1,1428,1743.15,56.23064516129032,28,2011-10-09 15:40:00,2011-10-09 15:40:00,60,0,1.0,1,0,0,0.5027288272444063
16383,2,467,643.76,6.568979591836735,80,2011-03-16 13:00:00,2011-09-26 12:45:00,74,193,0.0103092783505154,2,1,0,0.20195213760991598
16384,2,260,584.5,17.71212121212121,33,2011-03-21 10:13:00,2011-09-11 11:19:00,89,174,0.0114285714285714,2,1,0,0.30490836890318773
16385,3,258,554.86,9.73438596491228,52,2010-12-08 12:56:00,2011-10-10 13:12:00,59,306,0.009771986970684,3,1,0,0.11144773178036003
16386,2,205,302.57,3.735432098765432,76,2011-03-31 12:19:00,2011-11-11 12:28:00,28,225,0.0088495575221238,2,1,0,0.17650935421354294
16387,1,44,94.36,23.59,4,2011-01-21 11:34:00,2011-01-21 11:34:00,322,0,1.0,1,0,1,0.5914973747687812
16389,4,1242,1382.07,40.64911764705882,33,2011-03-01 15:47:00,2011-10-17 14:41:00,52,229,0.017391304347826,4,1,0,0.16810994855753772
16392,1,201,217.89,5.067209302325581,41,2011-03-15 12:11:00,2011-03-15 12:11:00,269,0,1.0,1,0,1,0.5102743994486342
16393,13,1573,3040.96,9.299571865443426,120,2010-12-05 13:10:00,2011-12-07 12:51:00,1,366,0.0354223433242506,10,1,0,0.012277992767522505
16394,5,2604,1555.34,18.73903614457831,61,2011-02-23 10:58:00,2011-10-14 09:48:00,56,232,0.0214592274678111,5,1,0,0.10842413888388028
16395,5,1472,1482.06,7.194466019417476,150,2011-01-13 12:10:00,2011-10-10 12:50:00,60,270,0.018450184501845,4,1,0,0.04983249419787639
16398,2,758,1705.8,20.80243902439024,75,2011-03-31 09:38:00,2011-07-08 15:16:00,153,99,0.02,2,1,1,0.32949832532879697
16399,2,263,408.02,5.666944444444444,68,2011-04-18 13:46:00,2011-11-20 16:12:00,18,216,0.0092165898617511,2,1,0,0.19526897731615153
16400,1,172,303.93,10.480344827586206,28,2011-09-06 12:27:00,2011-09-06 12:27:00,94,0,1.0,1,0,1,0.5373876979602253
16401,12,3882,4098.32,22.033978494623653,66,2011-01-16 10:56:00,2011-12-08 18:15:00,0,326,0.036697247706422,10,1,0,0.02168547618842823
16402,2,146,293.45,5.148245614035088,55,2010-12-05 13:42:00,2011-03-20 12:25:00,264,104,0.019047619047619,2,1,1,0.3811688389386365
16403,1,114,177.5,17.75,10,2011-01-31 13:39:00,2011-01-31 13:39:00,311,0,1.0,1,0,1,0.5770431029425925
16404,1,157,443.05,19.26304347826087,23,2011-09-30 14:55:00,2011-09-30 14:55:00,69,0,1.0,1,0,0,0.5471703565294026
16405,2,187,167.25,33.45,3,2011-02-02 17:08:00,2011-02-10 15:24:00,301,7,0.25,1,0,1,0.5321596645110701
16406,1,116,154.35,2.661206896551724,54,2011-11-21 11:57:00,2011-11-21 11:57:00,18,0,1.0,1,0,0,0.4851672806533438
16407,10,1093,2079.68,12.379047619047618,99,2011-01-31 14:02:00,2011-11-27 11:05:00,12,299,0.0333333333333333,8,1,0,0.034591178054192165
16409,5,1304,2022.98,8.757489177489177,145,2011-01-26 14:51:00,2011-11-03 16:45:00,35,281,0.0177304964539007,5,1,0,0.04373377887606442
16411,2,131,211.7,4.8113636363636365,41,2010-12-05 13:26:00,2011-11-20 13:23:00,18,349,0.0057142857142857,2,1,0,0.10587352214114513
16412,1,63,135.99,4.533,25,2011-10-17 12:35:00,2011-10-17 12:35:00,53,0,1.0,1,0,0,0.5469124517804594
16413,1,148,262.2,8.458064516129031,30,2011-10-14 12:08:00,2011-10-14 12:08:00,56,0,1.0,1,0,0,0.5339660341467962
16414,2,27,126.25,18.035714285714285,5,2011-03-04 13:27:00,2011-11-18 09:42:00,21,258,0.0077220077220077,2,1,0,0.23825408434889297
16415,1,178,200.27,4.2610638297872345,45,2011-10-26 13:35:00,2011-10-26 13:35:00,43,0,1.0,1,0,0,0.502468987240443
16416,3,672,1051.4,14.808450704225354,59,2011-10-14 13:35:00,2011-11-13 12:50:00,26,29,0.1,2,1,0,0.4812182550351133
16418,3,280,631.12,6.643368421052632,76,2011-04-27 16:54:00,2011-10-26 12:39:00,44,181,0.0164835164835164,3,1,0,0.2012280034437995
16419,6,428,958.71,19.1742,36,2011-02-01 12:25:00,2011-08-19 12:33:00,112,199,0.03,4,1,1,0.1933911185218517
16422,51,33704,34684.4,93.99566395663958,68,2010-12-05 15:35:00,2011-11-22 14:00:00,16,351,0.1448863636363636,12,1,0,8.428171716305766e-05
16423,1,230,346.12,19.22888888888889,18,2011-11-15 09:21:00,2011-11-15 09:21:00,24,0,1.0,1,0,0,0.557029313575313
16424,1,88,133.56,26.712,5,2011-06-01 13:40:00,2011-06-01 13:40:00,190,0,1.0,1,0,1,0.588460597223997
16425,1,199,302.7,14.414285714285716,21,2011-02-10 14:30:00,2011-02-10 14:30:00,301,0,1.0,1,0,1,0.551588131946663
16426,10,1215,1863.76,5.279773371104816,211,2011-03-08 15:45:00,2011-12-07 14:01:00,1,273,0.0364963503649635,5,1,0,0.021819568405416007
16427,2,156,241.06,26.784444444444446,8,2011-02-28 15:18:00,2011-03-21 17:10:00,262,21,0.0909090909090909,2,1,1,0.6284897731379856
16429,1,9,284.55,142.275,2,2011-08-25 13:54:00,2011-08-25 13:54:00,105,0,1.0,1,0,1,0.5995187485410455
16430,1,103,300.85,50.14166666666667,6,2011-10-13 14:47:00,2011-10-13 14:47:00,56,0,1.0,1,0,0,0.5856779868432465
16431,3,442,623.28,8.201052631578946,51,2011-02-15 14:02:00,2011-05-10 14:09:00,212,84,0.0352941176470588,2,1,1,0.40483298494885706
16432,1,276,287.4,35.925,8,2011-10-06 13:59:00,2011-10-06 13:59:00,63,0,1.0,1,0,0,0.5779551349993646
16433,1,106,184.26,10.838823529411764,17,2011-11-11 14:09:00,2011-11-11 14:09:00,27,0,1.0,1,0,0,0.5624801309600381
16434,7,760,1511.8,14.128971962616822,88,2011-02-13 12:17:00,2011-11-10 14:28:00,28,270,0.025830258302583,6,1,0,0.06569445822525784
16438,5,463,798.35,6.04810606060606,74,2011-09-18 13:31:00,2011-12-04 10:51:00,5,76,0.0649350649350649,4,1,0,0.3093217209160504
16440,5,2018,3640.67,12.91017730496454,186,2011-05-09 12:25:00,2011-12-02 12:02:00,7,206,0.0241545893719806,4,1,0,0.05190000895166897
16441,2,173,381.2,15.883333333333333,22,2011-02-21 17:35:00,2011-10-03 17:48:00,66,224,0.0088888888888888,2,1,0,0.25358056606536566
16442,3,443,609.3,3.563157894736842,161,2010-12-14 10:46:00,2011-12-08 11:43:00,1,359,0.0083333333333333,3,1,0,0.03269146242440085
16444,4,407,654.67,7.793690476190475,68,2011-03-20 12:14:00,2011-10-24 13:50:00,45,218,0.0182648401826484,4,1,0,0.15074554760067793
16445,1,111,230.51,3.658888888888889,62,2011-11-06 12:32:00,2011-11-06 12:32:00,33,0,1.0,1,0,0,0.46792059660717417
16446,2,80997,168472.5,56157.5,3,2011-05-18 09:52:00,2011-12-09 09:15:00,0,204,0.0097560975609756,2,1,0,0.042721519147121745
16447,1,221,255.91,7.526764705882353,34,2011-07-27 12:45:00,2011-07-27 12:45:00,135,0,1.0,1,0,1,0.5242797262379674
16448,1,76,182.99,9.631052631578948,19,2011-05-25 16:28:00,2011-05-25 16:28:00,197,0,1.0,1,0,1,0.5588739748328281
16449,2,367,707.69,17.69225,40,2011-03-04 12:15:00,2011-05-26 10:25:00,197,82,0.0240963855421686,2,1,1,0.44300258122299047
16450,1,200,311.92,28.35636363636364,11,2011-07-13 11:47:00,2011-07-13 11:47:00,149,0,1.0,1,0,1,0.5726755128592579
16451,1,120,266.97,19.069285714285716,14,2011-09-13 09:17:00,2011-09-13 09:17:00,87,0,1.0,1,0,0,0.5680015771804594
16454,2,3,6.9,3.45,2,2011-10-06 16:57:00,2011-10-26 11:40:00,44,19,0.1,1,0,0,0.5092644624497911
16455,7,988,1841.18,18.59777777777778,69,2010-12-03 16:44:00,2011-10-07 12:17:00,63,307,0.0227272727272727,5,1,0,0.06301061500576621
16456,5,1147,2158.18,19.61981818181818,80,2010-12-01 14:11:00,2011-09-01 13:50:00,98,273,0.0182481751824817,5,1,1,0.07765537409668309
16457,1,140,208.36,23.151111111111113,9,2011-05-05 13:19:00,2011-05-05 13:19:00,217,0,1.0,1,0,1,0.57856380083671
16458,18,2154,3482.74,17.241287128712873,52,2010-12-14 11:51:00,2011-12-07 09:34:00,2,357,0.0502793296089385,12,1,0,0.01429616105644116
16460,3,876,811.23,6.145681818181818,128,2011-09-19 10:15:00,2011-11-11 13:46:00,27,53,0.0555555555555555,2,1,0,0.30114898053730327
16461,1,48,142.92,4.46625,31,2011-06-15 12:07:00,2011-06-15 12:07:00,177,0,1.0,1,0,1,0.5346641342426253
16462,3,16,136.0,45.333333333333336,1,2011-03-01 08:58:00,2011-09-27 10:24:00,73,210,0.0142180094786729,3,1,0,0.285727214389614
16463,4,1163,1422.4,17.346341463414635,74,2011-05-19 14:45:00,2011-11-18 14:01:00,20,182,0.0218579234972677,3,1,0,0.18104100055671707
16464,3,952,1298.66,5.646347826086957,152,2011-07-20 13:53:00,2011-11-20 12:11:00,19,122,0.024390243902439,3,1,0,0.1594619394211318
16466,7,785,1595.96,10.931232876712327,103,2011-02-20 11:39:00,2011-11-06 11:35:00,33,258,0.027027027027027,6,1,0,0.06303429858312365
16468,1,31,74.9,37.45,2,2011-09-26 14:13:00,2011-09-26 14:13:00,73,0,1.0,1,0,0,0.5965270164188143
16469,4,260,625.42,3.6574269005847952,148,2011-04-07 13:11:00,2011-11-16 12:25:00,23,222,0.0179372197309417,3,1,0,0.08923261691981997
16470,4,522,752.77,4.590060975609756,120,2010-12-16 11:53:00,2011-10-19 12:11:00,51,307,0.0129870129870129,4,1,0,0.05627272723223551
16471,1,141,223.95,17.22692307692308,13,2011-03-10 09:41:00,2011-03-10 09:41:00,274,0,1.0,1,0,1,0.5699716442583456
16473,3,196,316.11,17.561666666666667,18,2011-01-07 10:55:00,2011-06-28 09:10:00,164,171,0.0174418604651162,3,1,1,0.3097195953807847
16474,7,909,1810.65,5.372848664688427,237,2011-07-17 14:51:00,2011-12-02 13:02:00,6,137,0.0507246376811594,5,1,0,0.05375348457907673
16475,4,319,544.3,19.439285714285713,23,2011-03-11 09:39:00,2011-09-12 14:37:00,87,185,0.021505376344086,4,1,0,0.24955786949509942
16477,7,1415,2494.46,17.085342465753424,111,2010-12-03 12:48:00,2011-10-07 09:44:00,63,307,0.0227272727272727,6,1,0,0.03919185336643281
16478,3,224,331.0,19.470588235294116,15,2011-10-05 12:02:00,2011-11-14 15:51:00,24,40,0.073170731707317,2,1,0,0.5669243137647719
16479,2,102,300.83,8.595142857142857,35,2011-11-29 13:04:00,2011-11-29 13:40:00,9,0,2.0,1,0,0,0.5584346082560581
16480,1,455,769.29,14.514905660377355,51,2011-09-25 11:40:00,2011-09-25 11:40:00,75,0,1.0,1,0,0,0.4799835552999954
16482,1,346,220.62,12.256666666666668,18,2011-11-24 12:33:00,2011-11-24 12:33:00,15,0,1.0,1,0,0,0.5557060013208346
16483,1,44,139.35,7.334210526315789,19,2011-05-31 13:08:00,2011-05-31 13:08:00,191,0,1.0,1,0,1,0.5597600253458884
16484,2,200,404.3,16.172,25,2011-06-02 10:39:00,2011-06-19 12:06:00,173,17,0.1111111111111111,1,0,1,0.4586193566758143
16485,1,235,363.65,8.658333333333333,41,2011-09-23 15:50:00,2011-09-23 15:50:00,76,0,1.0,1,0,0,0.5084631961061671
16488,3,728,498.8,17.2,28,2011-07-14 11:46:00,2011-11-06 13:42:00,32,115,0.0258620689655172,3,1,0,0.37140721801703985
16491,1,478,731.5,18.756410256410255,39,2011-10-24 10:18:00,2011-10-24 10:18:00,46,0,1.0,1,0,0,0.5051654882137081
16493,4,1164,1351.63,24.13625,40,2011-01-14 08:16:00,2011-09-21 11:10:00,79,250,0.0159362549800796,4,1,0,0.14120081479170968
16494,1,675,826.53,16.5306,47,2011-02-16 12:49:00,2011-02-16 12:49:00,296,0,1.0,1,0,1,0.4837753022195108
16495,3,328,648.26,7.366590909090909,78,2011-03-08 16:38:00,2011-12-06 13:20:00,2,272,0.0109890109890109,2,1,0,0.12296436288164173
16496,3,1111,1599.52,16.837052631578945,92,2011-01-27 09:42:00,2011-12-01 10:31:00,8,308,0.0097087378640776,3,1,0,0.07405043559465373
16497,6,1396,2965.69,21.80654411764706,128,2011-01-10 13:20:00,2011-10-21 10:55:00,49,283,0.0211267605633802,4,1,0,0.04969097792773076
16498,2,45,100.97,6.731333333333334,15,2011-06-30 19:52:00,2011-07-01 15:07:00,160,0,2.0,2,1,1,0.7279591201007993
16499,2,127,365.45,19.23421052631579,18,2010-12-10 10:27:00,2010-12-14 13:31:00,359,4,0.4,1,0,1,0.5119246109567248
16500,6,123,400.86,36.441818181818185,8,2011-01-13 10:28:00,2011-12-05 12:04:00,4,326,0.018348623853211,3,1,0,0.12199724156339632
16503,4,569,1431.93,17.046785714285715,71,2010-12-14 13:50:00,2011-08-25 11:46:00,106,253,0.0157480314960629,4,1,1,0.11447834067297237
16504,1,510,465.88,5.613012048192771,76,2011-11-14 15:18:00,2011-11-14 15:18:00,24,0,1.0,1,0,0,0.4295132937604599
16505,1,576,777.6,194.4,4,2011-11-08 12:14:00,2011-11-08 12:14:00,31,0,1.0,1,0,0,0.5830440068072484
16506,2,42,90.3,30.100000000000005,3,2011-10-30 15:50:00,2011-11-20 12:17:00,19,20,0.0952380952380952,2,1,0,0.6434214023057767
16509,1,64,363.7,27.976923076923075,13,2011-02-16 09:25:00,2011-02-16 09:25:00,296,0,1.0,1,0,1,0.5706025859117655
16510,1,92,248.1,19.084615384615383,13,2010-12-02 13:39:00,2010-12-02 13:39:00,371,0,1.0,1,0,1,0.5707380580920457
16511,3,405,918.33,5.7756603773584905,135,2011-03-18 11:24:00,2011-11-18 10:41:00,21,244,0.0122448979591836,3,1,0,0.08726366294695954
16513,4,407,874.59,24.988285714285716,33,2011-10-27 14:56:00,2011-12-05 10:18:00,4,38,0.1025641025641025,3,1,0,0.49145206237790645
16515,5,826,1624.14,14.631891891891891,89,2011-02-01 13:09:00,2011-10-18 13:10:00,51,259,0.0192307692307692,5,1,0,0.08271856680404219
16516,1,58,101.7,16.95,6,2011-11-09 14:59:00,2011-11-09 14:59:00,29,0,1.0,1,0,0,0.5868457720197804
16517,1,96,162.7,9.570588235294116,17,2011-03-07 13:50:00,2011-03-07 13:50:00,276,0,1.0,1,0,1,0.5628039343341489
16518,2,327,484.32,12.108,36,2011-02-28 16:36:00,2011-10-09 15:04:00,60,222,0.0089686098654708,2,1,0,0.23178339911015244
16519,2,54,215.08,16.544615384615383,13,2010-12-09 14:08:00,2011-11-14 15:41:00,24,340,0.0058651026392961,2,1,0,0.13863114713557853
16520,3,558,1046.57,6.708782051282051,129,2010-12-09 13:08:00,2011-06-06 13:24:00,185,179,0.0166666666666666,3,1,1,0.1366326619492446
16523,21,4265,9418.47,32.477482758620695,151,2011-01-28 12:06:00,2011-12-08 09:06:00,1,313,0.0668789808917197,11,1,0,0.005682414856177368
16525,26,7397,13027.45,71.18825136612023,75,2010-12-08 11:31:00,2011-12-07 15:07:00,1,364,0.0712328767123287,12,1,0,0.0037286166804100405
16526,1,106,290.36,19.357333333333333,15,2011-06-21 12:02:00,2011-06-21 12:02:00,171,0,1.0,1,0,1,0.5660090519296322
16527,1,106,228.06,16.29,14,2011-09-19 16:21:00,2011-09-19 16:21:00,80,0,1.0,1,0,0,0.5684884049911892
16528,1,171,244.41,14.377058823529412,17,2011-12-06 12:45:00,2011-12-06 12:45:00,3,0,1.0,1,0,0,0.5608898217996331
16529,1,198,455.25,15.175,30,2011-06-02 17:23:00,2011-06-02 17:23:00,189,0,1.0,1,0,1,0.5315696111026457
16531,7,915,1244.59,16.163506493506492,68,2010-12-14 13:19:00,2011-11-17 16:29:00,21,338,0.0206489675516224,6,1,0,0.048309140527681364
16532,3,2016,6748.8,1687.2,2,2011-01-05 12:37:00,2011-11-22 11:08:00,17,320,0.0093457943925233,3,1,0,0.13918982456423962
16533,3,611,1082.81,6.1523295454545455,112,2011-10-02 15:07:00,2011-11-20 13:08:00,18,48,0.0612244897959183,2,1,0,0.34054369379726457
16535,1,356,593.75,19.153225806451612,31,2011-12-04 15:18:00,2011-12-04 15:18:00,4,0,1.0,1,0,0,0.5254401681877313
16536,1,250,548.12,10.15037037037037,49,2011-08-21 15:54:00,2011-08-21 15:54:00,109,0,1.0,1,0,1,0.489835874889121
16539,4,477,1388.81,30.86244444444444,36,2010-12-01 15:40:00,2011-12-07 08:41:00,2,370,0.0107816711590296,3,1,0,0.07622430665212808
16542,1,46,119.62,23.924,5,2011-10-17 10:47:00,2011-10-17 10:47:00,53,0,1.0,1,0,0,0.5892293098123877
16545,1,78,339.3,113.1,3,2011-06-28 10:37:00,2011-06-28 10:37:00,164,0,1.0,1,0,1,0.5945422948212706
16546,2,549,787.15,31.486,25,2010-12-02 12:07:00,2011-02-22 11:20:00,290,81,0.024390243902439,2,1,1,0.4724274450461052
16549,10,2294,4034.9,4.362054054054054,445,2011-01-09 14:03:00,2011-11-29 15:06:00,9,324,0.0307692307692307,5,1,0,0.001851777848528535
16550,5,1540,2298.97,9.159243027888444,162,2010-12-06 13:53:00,2011-08-23 11:12:00,108,259,0.0192307692307692,4,1,1,0.04727085268083
16551,3,970,922.12,28.81625,26,2011-01-07 10:24:00,2011-09-05 09:38:00,95,240,0.0124481327800829,3,1,1,0.19070431514624148
16552,2,219,379.73,22.337058823529414,17,2010-12-01 12:36:00,2011-04-11 10:04:00,242,130,0.015267175572519,2,1,1,0.41080223938778093
16553,12,4600,5719.82,68.09309523809523,62,2010-12-14 13:58:00,2011-06-29 15:42:00,162,197,0.0606060606060606,6,1,1,0.07070061736296744
16554,3,402,837.1,16.098076923076924,51,2011-01-12 12:41:00,2011-10-28 14:51:00,41,289,0.0103448275862068,3,1,0,0.12293527233867631
16555,2,175,285.89,16.81705882352941,15,2011-08-22 12:32:00,2011-11-04 14:31:00,34,74,0.0266666666666666,2,1,0,0.5169953613432746
16556,7,1890,3313.79,16.008647342995168,144,2010-12-14 13:32:00,2011-10-04 11:36:00,66,293,0.0238095238095238,7,1,0,0.0284057398460786
16557,2,111,281.85,25.622727272727275,11,2011-07-25 13:28:00,2011-11-15 14:04:00,23,113,0.0175438596491228,2,1,0,0.4563332385675388
16558,20,5377,8338.49,18.127152173913043,264,2010-12-08 12:01:00,2011-12-09 10:20:00,0,365,0.0546448087431694,13,1,0,0.0012655387108059983
16560,2,500,841.41,15.02517857142857,52,2010-12-16 14:36:00,2011-11-13 10:35:00,26,331,0.0060240963855421,2,1,0,0.10483515514048183
16561,2,244,511.12,16.48774193548387,29,2011-10-11 09:53:00,2011-12-04 11:50:00,5,54,0.0363636363636363,2,1,0,0.5208734471802796
16563,1,486,1077.74,56.72315789473684,19,2011-10-17 11:51:00,2011-10-17 11:51:00,53,0,1.0,1,0,0,0.5452224100719701
16565,1,46,173.7,57.9,3,2010-12-10 15:21:00,2010-12-10 15:21:00,363,0,1.0,1,0,1,0.594238135732003
16566,5,362,614.66,34.147777777777776,14,2011-02-20 10:29:00,2011-11-24 16:34:00,14,277,0.0179856115107913,5,1,0,0.13781463072127975
16567,2,996,865.6,24.731428571428573,34,2011-01-07 09:31:00,2011-05-29 13:57:00,193,142,0.0139860139860139,2,1,1,0.33953046478700544
16569,1,93,124.2,24.84,5,2011-12-06 15:32:00,2011-12-06 15:32:00,2,0,1.0,1,0,0,0.5883725925781398
16570,10,2112,3738.4,29.66984126984127,68,2011-02-01 10:37:00,2011-11-24 17:02:00,14,296,0.0336700336700336,7,1,0,0.043535534092366386
16571,3,1239,1421.69,16.34126436781609,73,2011-03-03 09:41:00,2011-11-13 11:46:00,26,255,0.01171875,3,1,0,0.12051207204442342
16572,3,532,1009.6,17.712280701754388,40,2011-03-09 12:04:00,2011-08-04 16:34:00,126,148,0.0201342281879194,3,1,1,0.29534640491603803
16573,2,360,663.61,15.800238095238097,40,2011-02-22 15:14:00,2011-09-16 09:13:00,84,205,0.0097087378640776,2,1,0,0.2465102710871207
16574,1,416,451.44,16.122857142857143,28,2011-09-29 13:39:00,2011-09-29 13:39:00,70,0,1.0,1,0,0,0.5317315741509845
16581,1,134,105.84,11.76,9,2011-06-10 10:05:00,2011-06-10 10:05:00,182,0,1.0,1,0,1,0.5790978710340056
16582,1,164,313.62,52.27,6,2011-08-18 17:02:00,2011-08-18 17:02:00,112,0,1.0,1,0,1,0.5845427464974102
16583,1,111,233.45,16.675,14,2010-12-01 12:03:00,2010-12-01 12:03:00,373,0,1.0,1,0,1,0.5683645432310244
16584,2,646,936.08,33.431428571428576,25,2011-03-30 13:14:00,2011-09-20 13:45:00,79,174,0.0114285714285714,2,1,0,0.3108382999445652
16586,1,95,463.95,57.99375,8,2011-04-05 09:32:00,2011-04-05 09:32:00,248,0,1.0,1,0,1,0.5806454628009003
16587,1,71,225.15,17.31923076923077,13,2011-04-21 15:51:00,2011-04-21 15:51:00,231,0,1.0,1,0,1,0.5712539119342221
16589,3,368,459.24,13.916363636363636,31,2011-07-01 13:31:00,2011-09-29 14:50:00,70,90,0.0329670329670329,3,1,0,0.41540764308245004
16591,1,41,213.5,21.35,10,2011-10-02 10:43:00,2011-10-02 10:43:00,68,0,1.0,1,0,0,0.578215440063806
16592,16,2927,4113.68,19.044814814814817,142,2011-02-25 10:19:00,2011-12-05 13:49:00,3,283,0.056338028169014,8,1,0,0.01684535916811726
16593,3,116,330.03,12.223333333333333,24,2011-01-16 12:11:00,2011-10-20 12:41:00,50,277,0.0107913669064748,3,1,0,0.1661606954062805
16594,1,64,181.09,3.416792452830189,53,2011-09-25 14:08:00,2011-09-25 14:08:00,74,0,1.0,1,0,0,0.4880224435420265
16595,1,335,360.16,4.237176470588236,83,2011-10-09 13:15:00,2011-10-09 13:15:00,60,0,1.0,1,0,0,0.4193076648811355
16596,2,97,250.15,20.845833333333335,12,2010-12-08 16:18:00,2011-11-24 10:02:00,15,350,0.0056980056980056,2,1,0,0.1307573696496741
16597,1,184,90.04,12.862857142857145,7,2011-12-05 15:44:00,2011-12-05 15:44:00,3,0,1.0,1,0,0,0.5824437487761241
16598,1,73,145.04999999999998,14.505,10,2011-02-27 11:42:00,2011-02-27 11:42:00,285,0,1.0,1,0,1,0.5779448116040334
16600,6,1145,813.52,13.121290322580643,50,2011-01-05 12:13:00,2011-12-05 16:00:00,3,334,0.017910447761194,5,1,0,0.06515756703311923
16601,1,133,242.7,8.09,29,2011-10-30 11:09:00,2011-10-30 11:09:00,40,0,1.0,1,0,0,0.5364882630855803
16602,1,336,528.08,18.209655172413793,29,2011-11-03 15:54:00,2011-11-03 15:54:00,35,0,1.0,1,0,0,0.5305402401634485
16603,2,480,482.47,14.19029411764706,34,2011-09-09 13:02:00,2011-09-26 10:06:00,74,16,0.1176470588235294,1,0,0,0.4361019609810127
16607,14,2859,3347.71,19.46343023255814,140,2010-12-16 08:41:00,2011-11-22 10:24:00,17,341,0.0409356725146198,10,1,0,0.01069366780944355
16609,7,2420,5493.46,19.903840579710145,155,2011-04-01 10:11:00,2011-11-24 13:32:00,14,237,0.0294117647058823,5,1,0,0.04096494649302536
16610,1,66,75.66,12.61,6,2011-05-04 13:13:00,2011-05-04 13:13:00,218,0,1.0,1,0,1,0.5867453971741274
16611,1,47,129.49,12.949000000000002,9,2011-06-06 15:46:00,2011-06-06 15:46:00,185,0,1.0,1,0,1,0.580531421432048
16612,4,506,1187.66,17.994848484848486,48,2011-02-01 10:38:00,2011-11-07 07:38:00,32,278,0.014336917562724,4,1,0,0.11709579626317453
16613,1,293,618.59,20.619666666666667,30,2011-09-30 15:52:00,2011-09-30 15:52:00,69,0,1.0,1,0,0,0.5285436235637136
16614,1,223,506.19,19.468846153846155,26,2011-06-10 11:36:00,2011-06-10 11:36:00,182,0,1.0,1,0,1,0.5391498189840788
16616,2,370,500.42,15.164242424242424,31,2011-07-05 13:38:00,2011-11-24 16:31:00,14,142,0.0139860139860139,2,1,0,0.3585666849503573
16617,1,91,151.85,30.369999999999997,5,2011-04-18 10:35:00,2011-04-18 10:35:00,235,0,1.0,1,0,1,0.588400120757535
16618,5,1363,2647.59,27.579062500000003,79,2011-01-21 11:55:00,2011-11-08 13:52:00,30,291,0.0171232876712328,4,1,0,0.07332832053359085
16619,1,133,226.21,16.157857142857143,14,2011-03-21 08:18:00,2011-03-21 08:18:00,263,0,1.0,1,0,1,0.5680014142001806
16620,2,88,178.96,19.884444444444444,9,2011-03-24 10:37:00,2011-12-06 12:19:00,3,257,0.0077519379844961,2,1,0,0.2324199379337594
16621,4,302,813.48,28.05103448275862,22,2011-03-07 11:32:00,2011-10-19 11:38:00,51,226,0.0176211453744493,4,1,0,0.19842200883387096
16623,1,39,129.45,25.889999999999997,5,2011-04-08 10:09:00,2011-04-08 10:09:00,245,0,1.0,1,0,1,0.5893534875710335
16624,2,488,810.5699999999999,16.886875,44,2011-05-26 14:20:00,2011-09-20 12:39:00,80,116,0.017094017094017,2,1,0,0.3723725090391457
16625,1,164,333.08,14.481739130434782,23,2011-03-10 12:50:00,2011-03-10 12:50:00,274,0,1.0,1,0,1,0.547826668066673
16626,17,2690,4413.1,24.65418994413408,86,2011-03-18 12:27:00,2011-12-09 11:56:00,0,265,0.0639097744360902,8,1,0,0.029115267556006613
16627,1,162,322.8,16.14,20,2011-09-21 14:38:00,2011-09-21 14:38:00,78,0,1.0,1,0,0,0.5542368297728956
16628,5,1205,2188.05,18.701282051282053,79,2011-04-19 08:55:00,2011-11-10 12:45:00,29,205,0.0242718446601941,5,1,0,0.12130381756670768
16629,2,489,408.63,6.8105,58,2011-09-04 16:12:00,2011-09-27 10:34:00,73,22,0.0869565217391304,1,0,0,0.376124781333168
16633,6,1138,2883.1,18.967763157894737,115,2011-04-19 14:36:00,2011-11-22 13:41:00,16,216,0.0276497695852534,6,1,0,0.07443225230832688
16634,2,82,217.9,24.211111111111112,9,2010-12-02 17:41:00,2011-05-01 12:09:00,222,149,0.0133333333333333,2,1,1,0.3977993234118118
16637,4,927,1154.47,16.73144927536232,66,2011-04-28 10:20:00,2011-11-07 13:17:00,31,193,0.0206185567010309,4,1,0,0.16980822779333593
16638,10,1255,1680.72,17.88,92,2010-12-06 10:19:00,2011-11-17 11:09:00,22,346,0.0288184438040345,7,1,0,0.028900396813214876
16639,3,510,1257.51,25.1502,48,2011-04-18 09:31:00,2011-11-08 13:20:00,30,204,0.0146341463414634,3,1,0,0.2062577599293867
16641,1,256,231.1,19.258333333333336,12,2011-08-26 12:49:00,2011-08-26 12:49:00,105,0,1.0,1,0,1,0.5699269515539348
16642,2,479,688.33,20.245,32,2011-05-16 12:35:00,2011-12-05 11:31:00,4,202,0.0098522167487684,2,1,0,0.26157685064152925
16643,1,269,487.51,18.055925925925926,27,2011-04-08 08:24:00,2011-04-08 08:24:00,245,0,1.0,1,0,1,0.5363190306904355
16644,2,826,833.78,13.448064516129032,62,2011-05-11 12:53:00,2011-06-15 12:39:00,177,34,0.0571428571428571,2,1,1,0.47492752750510264
16647,2,146,214.06,15.29,12,2011-05-19 09:31:00,2011-06-23 11:47:00,169,35,0.0555555555555555,2,1,1,0.5949347791586236
16648,1,281,290.65999999999997,15.297894736842103,19,2011-10-28 08:58:00,2011-10-28 08:58:00,42,0,1.0,1,0,0,0.5543471126830216
16650,1,372,518.42,21.60083333333333,24,2011-09-29 09:51:00,2011-09-29 09:51:00,71,0,1.0,1,0,0,0.5405058764778171
16652,7,3283,6773.97,57.406525423728816,74,2011-03-11 13:13:00,2011-10-12 09:38:00,58,214,0.0325581395348837,5,1,0,0.08209676910568783
16653,2,733,1212.66,17.574782608695653,67,2011-09-29 13:38:00,2011-11-23 14:51:00,15,55,0.0357142857142857,2,1,0,0.4246221955198499
16654,4,282,601.27,20.733448275862067,29,2010-12-06 15:09:00,2011-07-21 15:23:00,140,227,0.0175438596491228,4,1,1,0.1893867114980479
16655,6,2363,3789.52,14.688062015503876,208,2011-01-12 10:16:00,2011-11-22 11:25:00,17,314,0.019047619047619,5,1,0,0.01728289820040961
16656,15,8894,8625.8,118.16164383561645,14,2010-12-10 11:23:00,2011-11-17 14:43:00,21,342,0.0437317784256559,11,1,0,0.014072784781167164
16657,4,1130,874.43,4.554322916666666,158,2011-03-30 12:02:00,2011-11-30 11:48:00,9,244,0.0163265306122449,3,1,0,0.06660550532407694
16658,1,40,123.24,15.405,8,2010-12-06 13:47:00,2010-12-06 13:47:00,367,0,1.0,1,0,1,0.5828554440736599
16659,1,72,39.12,19.56,2,2011-06-03 15:03:00,2011-06-03 15:03:00,188,0,1.0,1,0,1,0.5953415136609834
16660,4,571,1267.65,79.22812499999999,16,2011-01-24 12:44:00,2011-11-23 14:53:00,15,303,0.0131578947368421,3,1,0,0.13731440420264246
16665,1,59,135.39999999999998,15.044444444444444,9,2010-12-12 14:03:00,2010-12-12 14:03:00,361,0,1.0,1,0,1,0.580349028411627
16666,1,233,118.98,3.718125,32,2011-11-20 14:01:00,2011-11-20 14:01:00,18,0,1.0,1,0,0,0.5293047500302315
16667,2,236,567.1800000000001,10.907307692307691,52,2011-02-28 12:57:00,2011-10-02 15:26:00,67,216,0.0092165898617511,2,1,0,0.21667293996703751
16668,6,318,306.71999999999997,15.336,9,2011-02-28 12:46:00,2011-11-24 17:43:00,14,269,0.0222222222222222,6,1,0,0.13444660335388262
16669,3,881,1348.88,8.646666666666667,141,2011-09-22 14:13:00,2011-11-16 12:26:00,23,54,0.0545454545454545,2,1,0,0.2733787653718533
16670,11,2556,4095.9,16.25357142857143,179,2010-12-16 10:30:00,2011-11-23 09:34:00,16,341,0.0321637426900584,8,1,0,0.010643762490458765
16671,3,875,1692.27,282.045,3,2011-06-28 11:20:00,2011-11-11 13:40:00,27,136,0.0218978102189781,2,1,0,0.4049348345859142
16672,20,2832,8134.94,71.35912280701754,22,2011-03-18 10:15:00,2011-12-07 16:29:00,1,264,0.0754716981132075,9,1,0,0.03434076479505259
16674,2,181,304.24,3.2713978494623657,89,2011-09-02 13:59:00,2011-10-16 11:31:00,54,43,0.0454545454545454,2,1,0,0.418898052287006
16676,4,636,1592.12,17.888988764044946,75,2011-01-06 13:00:00,2011-11-06 12:01:00,33,303,0.0131578947368421,4,1,0,0.07934924697556237
16678,12,2397,3109.99,19.07969325153374,92,2011-03-02 09:24:00,2011-12-07 12:17:00,2,280,0.0427046263345195,8,1,0,0.033516011996005284
16679,1,29,129.75,43.25,3,2010-12-08 13:51:00,2010-12-08 13:51:00,365,0,1.0,1,0,1,0.5943115686106406
16680,1,94,183.7,18.369999999999997,10,2011-10-27 17:35:00,2011-10-27 17:35:00,42,0,1.0,1,0,0,0.5773812944725787
16681,6,1407,1770.34,40.235,18,2011-03-31 13:46:00,2011-09-28 11:11:00,72,180,0.0331491712707182,5,1,0,0.20885820560102783
16682,5,1040,1028.0,34.266666666666666,15,2011-06-05 11:02:00,2011-12-05 12:13:00,4,183,0.0271739130434782,5,1,0,0.22652576099415833
16684,28,50255,66653.56,240.6265703971119,119,2010-12-16 17:34:00,2011-12-05 14:06:00,3,353,0.0790960451977401,9,1,0,1.952866588036055e-05
16685,2,396,324.24,5.2296774193548385,60,2011-10-09 13:44:00,2011-10-09 13:58:00,60,0,2.0,1,0,0,0.5005392706209594
16686,7,1977,2959.88,5.440955882352942,406,2010-12-19 14:41:00,2011-10-23 13:49:00,46,307,0.0227272727272727,7,1,0,0.0029573219491530345
16688,4,804,1260.86,20.336451612903225,52,2011-10-10 12:23:00,2011-12-08 15:24:00,0,59,0.0666666666666666,3,1,0,0.40225267485295324
16689,2,330,422.6,32.5076923076923,12,2011-09-18 13:29:00,2011-09-25 11:39:00,75,6,0.2857142857142857,1,0,0,0.5117890077267352
16690,2,138,225.58,18.798333333333332,10,2011-05-22 10:53:00,2011-09-28 15:02:00,71,129,0.0153846153846153,2,1,0,0.42953057929474087
16692,2,152,1276.0,425.3333333333333,2,2011-02-23 15:41:00,2011-03-28 14:46:00,255,32,0.0606060606060606,2,1,1,0.6279806070782724
16693,2,203,477.86,8.099322033898305,58,2011-03-13 11:06:00,2011-10-02 11:10:00,68,203,0.0098039215686274,2,1,0,0.22509909816610277
16696,4,146,657.9000000000001,65.79,7,2011-04-05 15:20:00,2011-07-27 14:23:00,134,112,0.0353982300884955,3,1,1,0.4186218803392814
16697,1,27,112.75,5.369047619047619,20,2011-04-12 17:12:00,2011-04-12 17:12:00,240,0,1.0,1,0,1,0.5581672347996743
16698,2,840,1998.0,399.6,4,2011-03-31 13:33:00,2011-04-27 10:52:00,226,26,0.074074074074074,2,1,1,0.615389478237809
16700,13,4024,5076.55,16.482305194805196,159,2010-12-08 16:34:00,2011-12-01 11:00:00,8,357,0.0363128491620111,12,1,0,0.006115309973076123
16701,13,6393,5398.3,37.488194444444446,99,2010-12-13 11:51:00,2011-12-01 11:10:00,8,352,0.036827195467422,10,1,0,0.01041466496527759
16705,20,5476,14034.99,51.98144444444444,133,2010-12-16 10:51:00,2011-12-09 12:08:00,0,358,0.0557103064066852,9,1,0,0.004658198936431195
16706,3,249,531.35,4.319918699186992,108,2011-08-17 15:53:00,2011-11-02 13:50:00,36,76,0.0389610389610389,3,1,0,0.29339190074540183
16708,1,285,656.63,24.31962962962963,27,2011-10-25 12:20:00,2011-10-25 12:20:00,45,0,1.0,1,0,0,0.5347576111445301
16709,5,851,3029.87,38.35278481012658,64,2011-03-03 10:55:00,2011-09-16 10:56:00,84,197,0.0252525252525252,4,1,0,0.15380757707320414
16710,10,1823,2467.99,6.263934010152283,268,2010-12-06 13:13:00,2011-11-20 14:50:00,18,349,0.0285714285714285,6,1,0,0.006763138703626772
16711,5,833,1651.03,75.04681818181818,18,2010-12-17 12:43:00,2011-12-06 16:32:00,2,354,0.0140845070422535,5,1,0,0.07660755777545054
16712,11,1730,3611.31,8.245,259,2011-03-08 15:07:00,2011-11-30 13:48:00,8,266,0.0411985018726591,6,1,0,0.012185715621348427
16713,15,4271,6910.78,11.16442649434572,338,2010-12-08 13:01:00,2011-11-21 12:36:00,18,347,0.043103448275862,10,1,0,0.0014834082335523312
16714,3,589,1129.06,12.977701149425286,77,2011-01-26 13:40:00,2011-05-05 11:09:00,218,98,0.0303030303030303,2,1,1,0.32443493884932356
16715,1,642,301.71999999999997,15.88,19,2011-09-22 18:15:00,2011-09-22 18:15:00,77,0,1.0,1,0,0,0.5475600839131539
16716,2,120,901.2,450.6,1,2011-02-01 15:35:00,2011-03-18 10:03:00,266,44,0.0444444444444444,2,1,1,0.6136968175697293
16717,6,1860,3843.08,19.40949494949495,176,2010-12-08 16:48:00,2011-11-16 12:16:00,23,342,0.0174927113702623,4,1,0,0.020914771328504677
16718,1,407,606.0500000000001,13.773863636363638,41,2010-12-05 13:03:00,2010-12-05 13:03:00,368,0,1.0,1,0,1,0.5032437802298603
16719,7,1175,1770.22,9.031734693877551,107,2010-12-06 12:06:00,2011-11-25 09:27:00,14,353,0.019774011299435,7,1,0,0.027987056772014695
16720,1,180,152.95,6.117999999999999,25,2011-11-13 16:22:00,2011-11-13 16:22:00,25,0,1.0,1,0,0,0.544648107037859
16721,1,172,292.47,7.904594594594595,37,2011-03-22 16:08:00,2011-03-22 16:08:00,261,0,1.0,1,0,1,0.518620362939599
16722,13,5001,4730.81,21.025822222222224,96,2010-12-06 12:59:00,2011-11-22 13:28:00,16,351,0.0369318181818181,10,1,0,0.012180780300722345
16723,2,398,576.4,13.723809523809525,37,2011-08-24 11:31:00,2011-09-09 13:01:00,90,16,0.1176470588235294,2,1,1,0.5723623154275967
16725,7,288,758.27,5.229448275862069,110,2010-12-03 16:02:00,2011-02-10 16:52:00,301,69,0.1,3,1,1,0.26190289310702586
16726,5,945,1358.74,7.633370786516854,121,2010-12-13 13:28:00,2011-11-13 14:53:00,25,335,0.0148809523809523,4,1,0,0.041852293019520204
16727,1,167,256.32,5.825454545454545,41,2010-12-10 13:48:00,2010-12-10 13:48:00,363,0,1.0,1,0,1,0.5105955381259121
16728,4,671,1048.28,3.985855513307985,218,2011-03-20 13:28:00,2011-10-24 14:36:00,45,218,0.0182648401826484,4,1,0,0.04660516547749579
16729,21,5722,7205.33,10.983734756097562,234,2011-04-12 14:22:00,2011-11-01 14:29:00,37,203,0.1029411764705882,8,1,0,0.008051823898568289
16730,3,994,743.11,9.062317073170732,75,2011-01-24 14:01:00,2011-10-18 14:11:00,51,267,0.0111940298507462,3,1,0,0.11414552611077902
16732,1,317,603.75,21.5625,28,2011-11-08 09:54:00,2011-11-08 09:54:00,31,0,1.0,1,0,0,0.5324373323394185
16734,3,345,646.76,12.437692307692307,44,2011-08-17 15:00:00,2011-10-18 13:44:00,51,61,0.0483870967741935,2,1,0,0.46225863039770804
16735,5,1532,2247.41,19.374224137931034,88,2011-01-09 12:53:00,2011-09-22 11:49:00,78,255,0.01953125,3,1,0,0.09458795815190449
16737,1,288,417.6,417.6,1,2011-10-17 13:03:00,2011-10-17 13:03:00,52,0,1.0,1,0,0,0.6069367380841585
16738,1,3,3.75,3.75,1,2011-02-15 09:46:00,2011-02-15 09:46:00,297,0,1.0,1,0,1,0.598243425540399
16739,1,172,323.0,24.846153846153847,13,2011-06-16 09:17:00,2011-06-16 09:17:00,176,0,1.0,1,0,1,0.5688421381820095
16742,1,1,464.9,464.9,1,2011-10-24 12:02:00,2011-10-24 12:02:00,46,0,1.0,1,0,0,0.6136358876272605
16743,7,2035,2213.13,11.648052631578947,89,2010-12-16 12:15:00,2011-11-10 13:13:00,28,329,0.0212121212121212,6,1,0,0.03873224696668077
16744,7,798,1291.91,5.4741949152542375,198,2011-06-19 15:13:00,2011-11-28 13:06:00,10,161,0.0432098765432098,5,1,0,0.06361752158141575
16745,17,6719,7180.7,20.227323943661972,148,2011-02-01 11:31:00,2011-09-14 11:58:00,86,225,0.0752212389380531,8,1,0,0.015680853161183762
16746,18,4660,6680.11,15.045292792792791,234,2010-12-16 11:43:00,2011-12-05 12:33:00,4,354,0.0507042253521126,11,1,0,0.0026066645783616384
16747,2,583,836.06,19.90619047619047,34,2011-10-03 10:18:00,2011-11-02 11:37:00,37,30,0.064516129032258,2,1,0,0.5457170019146818
16748,5,880,1515.9,21.969565217391303,42,2011-01-09 13:50:00,2011-11-22 10:17:00,17,316,0.0157728706624605,4,1,0,0.08857609103503464
16750,5,214,623.93,6.567684210526315,74,2011-04-21 16:53:00,2011-10-26 12:48:00,44,187,0.026595744680851,5,1,0,0.15728913471328376
16751,1,1031,1764.72,70.5888,24,2011-11-09 10:48:00,2011-11-09 10:48:00,30,0,1.0,1,0,0,0.5189783578894627
16752,1,54,207.5,23.055555555555557,9,2010-12-02 12:18:00,2010-12-02 12:18:00,372,0,1.0,1,0,1,0.5801425457900024
16753,1,189,223.92,6.5858823529411765,34,2011-10-12 13:14:00,2011-10-12 13:14:00,57,0,1.0,1,0,0,0.5251296260385216
16754,1,4280,2002.4,1001.2,2,2010-12-02 17:38:00,2010-12-02 17:38:00,371,0,1.0,1,0,1,0.5426185538310596
16755,3,1058,1475.43,8.942,133,2011-01-28 10:47:00,2011-08-17 13:21:00,113,201,0.0148514851485148,3,1,1,0.11017828556005453
16756,1,106,239.4,18.415384615384617,13,2011-05-09 09:33:00,2011-05-09 09:33:00,214,0,1.0,1,0,1,0.5705292557119966
16757,1,81,106.83,15.261428571428572,7,2011-01-25 11:59:00,2011-01-25 11:59:00,318,0,1.0,1,0,1,0.5842788107844784
16758,1,203,369.34,16.78818181818182,22,2011-10-05 14:47:00,2011-10-05 14:47:00,64,0,1.0,1,0,0,0.5489447913738685
16759,3,609,789.79,18.804523809523808,40,2011-11-09 09:06:00,2011-12-02 12:42:00,7,23,0.125,2,1,0,0.5366101487466618
16761,1,341,316.62,24.355384615384615,13,2011-09-04 11:15:00,2011-09-04 11:15:00,96,0,1.0,1,0,1,0.5657602687340149
16762,3,480,1207.24,19.162539682539684,51,2011-07-18 12:52:00,2011-11-20 11:43:00,19,124,0.024,3,1,0,0.3120096771224739
16763,1,319,611.85,26.60217391304348,23,2011-05-25 11:52:00,2011-05-25 11:52:00,198,0,1.0,1,0,1,0.542942631713737
16764,13,1253,2790.9500000000003,3.987071428571429,209,2011-07-19 17:17:00,2011-12-06 11:41:00,3,139,0.0928571428571428,6,1,0,0.043871739288878796
16765,1,4,34.0,34.0,1,2011-02-18 15:41:00,2011-02-18 15:41:00,293,0,1.0,1,0,1,0.5992390272183646
16766,2,536,1145.6,33.69411764705882,17,2011-03-11 13:34:00,2011-03-11 15:22:00,272,0,2.0,1,0,1,0.5808622121854086
16767,11,4423,5575.56,25.22877828054299,148,2011-01-27 13:38:00,2011-11-09 09:42:00,30,285,0.0384615384615384,8,1,0,0.016950634538884308
16768,3,196,478.09,8.85351851851852,47,2011-03-13 10:25:00,2011-10-23 10:38:00,47,224,0.0133333333333333,3,1,0,0.19238136099872638
16769,1,80,361.54,9.51421052631579,33,2011-03-24 13:41:00,2011-03-24 13:41:00,259,0,1.0,1,0,1,0.5281323928610395
16770,5,456,757.1,5.407857142857143,116,2010-12-02 15:49:00,2011-10-13 12:21:00,57,314,0.0158730158730158,4,1,0,0.05320165396792549
16771,5,1487,2242.61,8.829173228346457,200,2011-01-05 13:57:00,2011-11-06 13:28:00,32,304,0.0163934426229508,5,1,0,0.02336400987854537
16773,1,171,171.59,6.599615384615385,23,2011-10-13 14:37:00,2011-10-13 14:37:00,56,0,1.0,1,0,0,0.5488136697520517
16774,4,322,661.52,13.781666666666666,36,2011-06-14 12:45:00,2011-10-03 12:41:00,67,110,0.036036036036036,4,1,0,0.3381885172111157
16775,11,439,1691.51,10.773949044585986,84,2010-12-07 15:15:00,2011-11-29 15:22:00,9,357,0.0307262569832402,10,1,0,0.02205264597532388
16776,1,254,371.54,5.232957746478873,61,2011-10-10 13:04:00,2011-10-10 13:04:00,59,0,1.0,1,0,0,0.46611415077195173
16777,2,62,222.62,4.6379166666666665,45,2011-03-27 14:34:00,2011-09-20 13:41:00,79,176,0.0112994350282485,2,1,0,0.28637379585323125
16778,2,194,245.94,15.37125,16,2011-03-10 15:21:00,2011-09-26 13:48:00,73,199,0.01,2,1,0,0.3003641195178732
16779,22,5301,10611.72,32.05957703927493,161,2010-12-08 09:56:00,2011-12-07 14:54:00,1,364,0.0602739726027397,12,1,0,0.00278905239720282
16780,2,270,422.24,7.156610169491525,51,2011-03-25 17:34:00,2011-08-31 16:09:00,99,158,0.0125786163522012,2,1,1,0.29825531045772596
16781,1,113,311.25,18.308823529411764,17,2010-12-02 14:26:00,2010-12-02 14:26:00,371,0,1.0,1,0,1,0.5615324785750417
16782,13,705,2267.9500000000003,12.393169398907103,103,2010-12-09 11:28:00,2011-11-29 13:20:00,9,355,0.0365168539325842,8,1,0,0.02009489682165948
16784,1,24,107.6,35.86666666666667,3,2011-11-20 12:20:00,2011-11-20 12:20:00,19,0,1.0,1,0,0,0.5942839262512057
16788,2,304,594.39,4.016148648648649,138,2011-03-30 13:05:00,2011-08-08 14:53:00,122,131,0.0151515151515151,2,1,1,0.19822341301598223
16789,1,32,80.8,16.16,5,2011-12-01 15:12:00,2011-12-01 15:12:00,7,0,1.0,1,0,0,0.589496412389494
16790,6,898,1545.62,16.61956989247312,88,2011-11-02 11:23:00,2011-12-06 11:53:00,3,34,0.1714285714285714,2,1,0,0.37317150119618414
16791,7,757,1705.78,5.432420382165605,218,2011-01-11 15:42:00,2011-11-10 19:12:00,28,303,0.0230263157894736,6,1,0,0.01817844746877947
16792,2,44,110.38,9.198333333333334,11,2011-03-02 14:39:00,2011-03-02 14:41:00,281,0,2.0,1,0,1,0.6099207844978193
16793,1,146,243.84,15.24,16,2011-10-13 15:08:00,2011-10-13 15:08:00,56,0,1.0,1,0,0,0.5634535704607776
16794,10,923,1196.5,4.303956834532374,142,2011-06-12 14:15:00,2011-12-08 17:54:00,0,179,0.0555555555555555,7,1,0,0.0640047544633321
16795,1,239,414.88,6.286060606060606,64,2010-12-09 14:08:00,2010-12-09 14:08:00,364,0,1.0,1,0,1,0.4598081335741857
16796,1,186,305.62,16.97888888888889,18,2011-09-11 14:01:00,2011-09-11 14:01:00,88,0,1.0,1,0,0,0.5581123223051646
16800,1,524,1162.65,7.452884615384616,148,2011-11-28 14:06:00,2011-11-28 14:06:00,10,0,1.0,1,0,0,0.2865387629409735
16801,4,493,1594.23,21.2564,72,2011-03-11 13:56:00,2011-06-29 15:33:00,162,110,0.036036036036036,3,1,1,0.2837999108661467
16803,1,245,332.3,13.845833333333331,24,2011-10-05 14:28:00,2011-10-05 14:28:00,64,0,1.0,1,0,0,0.5442235688489117
16804,3,246,536.99,8.949833333333334,59,2011-03-14 15:48:00,2011-11-16 16:43:00,22,247,0.0120967741935483,2,1,0,0.1659452850658416
16805,2,539,460.59,4.699897959183673,94,2010-12-14 13:35:00,2011-06-19 11:23:00,173,186,0.0106951871657754,2,1,1,0.19158988525322473
16806,4,356,762.16,8.195268817204301,68,2011-04-14 19:59:00,2011-08-28 15:27:00,102,135,0.0294117647058823,4,1,1,0.24455562934118086
16807,3,778,1121.59,16.740149253731342,57,2011-03-14 09:46:00,2011-07-20 12:00:00,142,128,0.0232558139534883,3,1,1,0.2911880953490946
16808,2,196,288.42,12.54,21,2011-03-10 19:05:00,2011-09-01 19:34:00,98,175,0.0113636363636363,2,1,1,0.32823649117857245
16809,5,652,914.69,6.138859060402685,79,2011-03-22 15:20:00,2011-11-16 15:45:00,22,239,0.0208333333333333,5,1,0,0.10524767057981868
16810,1,114,309.54,20.636000000000003,15,2011-05-31 15:32:00,2011-05-31 15:32:00,191,0,1.0,1,0,1,0.5657445289293066
16811,2,477,547.07,19.53821428571429,26,2011-11-22 17:19:00,2011-12-05 11:39:00,4,12,0.1538461538461538,2,1,0,0.6023498005692558
16812,1,81,479.35,31.956666666666667,15,2010-12-14 12:35:00,2010-12-14 12:35:00,360,0,1.0,1,0,1,0.5653194999194906
16813,10,1501,1652.18,3.878356807511737,248,2011-05-19 13:28:00,2011-12-01 14:03:00,7,196,0.0507614213197969,7,1,0,0.022910323659348843
16814,21,2697,6416.7,20.115047021943575,122,2010-12-05 11:45:00,2011-11-25 13:27:00,13,355,0.0589887640449438,12,1,0,0.006097804329795831
16816,4,274,417.06,14.895,28,2010-12-16 17:01:00,2011-08-28 14:16:00,102,254,0.0156862745098039,4,1,1,0.16321681008475558
16817,9,822,1604.75,18.65988372093023,73,2010-12-06 14:19:00,2011-12-07 11:03:00,2,365,0.0245901639344262,7,1,0,0.03197628706334053
16818,11,2164,3349.57,17.81686170212766,172,2011-05-18 11:42:00,2011-11-29 10:41:00,10,194,0.0564102564102564,6,1,0,0.04044283335626984
16820,1,307,497.61,19.138846153846153,26,2011-09-05 12:06:00,2011-09-05 12:06:00,95,0,1.0,1,0,1,0.5376442684679923
16823,1,136,358.38,9.431052631578948,34,2011-04-26 15:00:00,2011-04-26 15:00:00,226,0,1.0,1,0,1,0.5250230967845909
16824,2,236,460.64,17.716923076923077,23,2011-06-28 13:36:00,2011-11-24 12:38:00,15,148,0.0134228187919463,2,1,0,0.36677042701169166
16825,2,566,775.1800000000001,27.685,27,2011-06-07 09:44:00,2011-11-01 11:51:00,38,147,0.0135135135135135,2,1,0,0.3527759808918894
16826,1,158,341.7,15.53181818181818,22,2011-10-19 14:05:00,2011-10-19 14:05:00,50,0,1.0,1,0,0,0.5499772269665641
16828,2,59,128.5,16.0625,8,2011-08-19 13:24:00,2011-09-07 15:10:00,92,19,0.1,2,1,1,0.6344560765750048
16829,1,99,197.22,17.92909090909091,11,2011-07-06 10:48:00,2011-07-06 10:48:00,156,0,1.0,1,0,1,0.5751075180009833
16830,1,264,325.91,14.170000000000002,23,2011-11-01 11:35:00,2011-11-01 11:35:00,38,0,1.0,1,0,0,0.5460155751730751
16832,3,33,199.15,16.595833333333335,11,2011-05-06 14:12:00,2011-06-08 15:36:00,183,33,0.088235294117647,2,1,1,0.5926057215044744
16833,4,440,1106.53,23.5431914893617,46,2011-01-09 13:02:00,2011-12-08 14:39:00,0,333,0.0119760479041916,3,1,0,0.09116843853839868
16834,1,358,413.46,17.2275,24,2011-04-26 09:37:00,2011-04-26 09:37:00,227,0,1.0,1,0,1,0.541528019240368
16835,2,61,180.85,18.085,10,2010-12-01 17:15:00,2011-08-03 13:50:00,127,244,0.0081632653061224,2,1,1,0.24832871506284937
16836,2,165,251.87,22.89727272727273,11,2011-08-15 12:38:00,2011-10-31 10:05:00,39,76,0.0259740259740259,2,1,0,0.522477479056385
16837,11,1563,3170.98,19.218060606060607,123,2011-04-08 08:48:00,2011-11-08 14:27:00,30,214,0.0511627906976744,5,1,0,0.05965586467675559
16838,2,185,588.85,23.554,24,2011-02-24 15:01:00,2011-05-26 13:13:00,196,90,0.0219780219780219,2,1,1,0.4664957723747991
16839,34,8975,16594.35,62.38477443609022,114,2010-12-05 11:15:00,2011-12-01 09:03:00,8,360,0.0941828254847645,12,1,0,0.0014804343991829945
16841,6,2250,1869.82,16.119137931034484,101,2011-02-25 12:40:00,2011-11-03 11:51:00,36,250,0.0239043824701195,5,1,0,0.06887632967780524
16842,3,693,1264.19,20.066507936507936,45,2011-02-10 14:51:00,2011-08-31 10:42:00,100,201,0.0148514851485148,3,1,1,0.21152694273323538
16843,16,10159,10196.57,26.97505291005291,226,2011-01-16 16:10:00,2011-10-28 09:06:00,42,284,0.0561403508771929,8,1,0,0.003907727724043392
16846,1,135,214.32,19.483636363636364,11,2011-10-20 13:55:00,2011-10-20 13:55:00,49,0,1.0,1,0,0,0.5743604228539456
16847,1,78,193.44,16.12,12,2011-10-27 13:29:00,2011-10-27 13:29:00,42,0,1.0,1,0,0,0.5734043205530962
16848,1,182,281.42,20.101428571428578,14,2011-10-18 08:42:00,2011-10-18 08:42:00,52,0,1.0,1,0,0,0.5667728300828514
16849,1,33,124.57,15.57125,8,2011-06-06 09:16:00,2011-06-06 09:16:00,186,0,1.0,1,0,1,0.5829786559466065
16850,1,249,332.41,17.495263157894737,19,2011-01-10 11:09:00,2011-01-10 11:09:00,333,0,1.0,1,0,1,0.5546600550274366
16851,3,271,342.45,17.1225,17,2011-10-19 09:48:00,2011-12-05 13:32:00,3,47,0.0625,2,1,0,0.5487762310892578
16852,2,56,144.91000000000005,16.101111111111113,9,2011-06-16 15:49:00,2011-11-29 13:22:00,9,165,0.0120481927710843,2,1,0,0.3711864432027011
16855,2,164,328.4,17.28421052631579,19,2011-10-27 16:31:00,2011-11-16 12:03:00,23,19,0.1,2,1,0,0.6093057379276482
16856,1,12,35.400000000000006,17.700000000000003,2,2011-11-25 08:59:00,2011-11-25 08:59:00,14,0,1.0,1,0,0,0.5963813267580933
16858,1,91,375.69000000000005,37.569,9,2010-12-06 09:52:00,2010-12-06 09:52:00,368,0,1.0,1,0,1,0.5785902310721942
16859,2,827,747.81,14.380961538461538,50,2011-03-23 13:39:00,2011-07-18 12:19:00,144,116,0.017094017094017,2,1,1,0.3552901119850681
16861,2,140,173.76,28.959999999999997,6,2011-07-04 15:38:00,2011-10-11 09:05:00,59,98,0.0202020202020202,2,1,0,0.4944466329925148
16863,2,409,502.8,19.338461538461537,25,2010-12-08 08:58:00,2011-11-08 15:26:00,30,335,0.0059523809523809,2,1,0,0.12700690326967348
16866,3,60,207.74,18.885454545454543,10,2011-07-01 12:34:00,2011-07-22 10:06:00,140,20,0.1428571428571428,1,0,1,0.4785648594003232
16869,4,583,817.12,6.434015748031496,113,2011-06-17 13:01:00,2011-11-17 12:02:00,22,152,0.0261437908496732,3,1,0,0.1744381429465746
16871,6,1253,2812.34,20.528029197080293,131,2011-03-14 10:31:00,2011-11-17 19:27:00,21,248,0.0240963855421686,4,1,0,0.06257014044050421
16872,3,600,680.02,97.14571428571428,5,2011-06-08 14:32:00,2011-09-23 16:05:00,76,107,0.0277777777777777,3,1,0,0.43569460010783995
16873,6,3840,7123.62,25.53268817204301,179,2010-12-10 15:45:00,2011-12-05 12:05:00,4,359,0.0166666666666666,6,1,0,0.011584353691741075
16875,5,1069,2095.53,18.71008928571429,93,2011-01-04 10:37:00,2011-10-03 13:39:00,66,272,0.0183150183150183,4,1,0,0.07757602091675173
16877,6,458,846.62,5.427051282051282,111,2011-05-15 16:13:00,2011-11-27 13:47:00,11,195,0.0306122448979591,4,1,0,0.11639076417092047
16878,1,12,13.3,4.433333333333334,3,2011-09-16 17:39:00,2011-09-16 17:39:00,83,0,1.0,1,0,0,0.5939979233616309
16880,7,746,1491.43,8.571436781609195,121,2011-06-03 16:45:00,2011-11-09 11:33:00,30,158,0.0440251572327044,5,1,0,0.11648847670306721
16881,1,600,432.0,432.0,1,2011-10-04 10:33:00,2011-10-04 10:33:00,66,0,1.0,1,0,0,0.6018101826322659
16882,3,424,705.12,18.08,39,2011-01-26 17:43:00,2011-10-04 10:42:00,66,250,0.0119521912350597,3,1,0,0.17088787058191868
16883,2,103,272.48,7.364324324324325,33,2010-12-03 10:33:00,2011-06-05 12:51:00,186,184,0.0108108108108108,2,1,1,0.29423108038111606
16884,2,320,429.84,16.532307692307693,26,2011-11-02 10:16:00,2011-11-02 11:52:00,37,0,2.0,1,0,0,0.5720919890409442
16885,3,178,450.41,4.691770833333334,82,2010-12-17 17:23:00,2011-11-24 13:40:00,14,341,0.0087719298245614,3,1,0,0.07104526724283662
16887,1,156,192.33,5.342499999999999,35,2011-11-04 14:07:00,2011-11-04 14:07:00,34,0,1.0,1,0,0,0.5238953014339193
16889,3,925,1578.67,11.693851851851852,112,2011-01-07 10:47:00,2011-05-29 11:05:00,194,142,0.0209790209790209,3,1,1,0.1854681487068661
16891,5,265,742.43,3.991559139784946,166,2010-12-03 11:35:00,2011-12-08 11:15:00,1,369,0.0135135135135135,5,1,0,0.022483055436022942
16892,5,236,518.19,5.3421649484536085,87,2011-06-09 11:35:00,2011-12-08 13:18:00,0,182,0.0273224043715847,3,1,0,0.17303765470386073
16893,1,62,145.93,3.242888888888889,44,2010-12-08 12:06:00,2010-12-08 12:06:00,366,0,1.0,1,0,1,0.5071905974414372
16895,1,91,202.27,3.26241935483871,57,2011-10-06 12:15:00,2011-10-06 12:15:00,64,0,1.0,1,0,0,0.4789606473788054
16897,2,73,289.78,7.831891891891891,37,2011-01-30 11:52:00,2011-02-13 15:02:00,298,14,0.1333333333333333,2,1,1,0.5848478469138316
16898,3,412,501.03,3.191273885350318,150,2010-12-06 12:23:00,2011-11-13 15:44:00,25,342,0.0087463556851311,3,1,0,0.04044823649163407
16899,6,520,1271.06,10.333821138211382,80,2010-12-14 13:11:00,2011-12-02 12:03:00,7,352,0.0169971671388102,6,1,0,0.042811922317154916
16900,3,833,887.11,11.229240506329116,78,2011-10-07 13:17:00,2011-11-23 10:32:00,16,46,0.0638297872340425,2,1,0,0.4084903315511898
16902,1,629,1706.88,38.79272727272728,43,2011-08-15 14:17:00,2011-08-15 14:17:00,115,0,1.0,1,0,1,0.4859426441537648
16903,1,247,363.2,6.485714285714286,50,2011-11-10 15:32:00,2011-11-10 15:32:00,28,0,1.0,1,0,0,0.4893287147339926
16904,16,1984,3653.75,5.4943609022556394,387,2010-12-07 13:29:00,2011-12-05 13:10:00,3,362,0.0440771349862259,11,1,0,0.0010268915495087413
16905,7,1381,3037.6,15.2643216080402,117,2010-12-03 10:43:00,2011-12-04 14:01:00,4,366,0.0190735694822888,6,1,0,0.0242813859791304
16906,4,263,559.59,6.506860465116279,74,2011-04-05 12:30:00,2011-09-19 11:49:00,81,166,0.0239520958083832,4,1,0,0.1996247184509849
16907,5,286,928.76,6.634,89,2010-12-09 16:52:00,2011-11-10 18:04:00,28,336,0.0148367952522255,5,1,0,0.052263929552922084
16909,1,436,379.14,21.063333333333333,18,2011-09-28 16:45:00,2011-09-28 16:45:00,71,0,1.0,1,0,0,0.5529874308719364
16910,8,884,1508.96,2.7687339449541284,318,2011-09-09 14:14:00,2011-12-05 12:51:00,3,86,0.0919540229885057,4,1,0,0.04257747021901763
16912,11,1025,2555.58,25.5558,88,2011-01-20 15:42:00,2011-11-11 12:18:00,28,294,0.0372881355932203,6,1,0,0.04423190495394995
16913,1,82,113.44,14.18,8,2011-02-22 12:56:00,2011-02-22 12:56:00,289,0,1.0,1,0,1,0.5821223869866389
16914,1,112,183.76,6.125333333333333,25,2011-11-03 15:27:00,2011-11-03 15:27:00,35,0,1.0,1,0,0,0.5456366431811798
16915,6,132,621.6800000000001,10.906666666666668,46,2011-03-01 09:52:00,2011-11-30 16:39:00,8,274,0.0218181818181818,6,1,0,0.09920041961171112
16916,2,431,562.41,4.135367647058823,129,2010-12-02 13:14:00,2011-11-16 12:08:00,23,348,0.0057306590257879,2,1,0,0.052256011536114616
16917,1,232,391.52,43.50222222222222,9,2011-03-08 11:55:00,2011-03-08 11:55:00,276,0,1.0,1,0,1,0.5761180639987409
16918,6,721,1068.82,8.35015625,97,2011-01-26 17:37:00,2011-10-21 12:50:00,49,267,0.0223880597014925,4,1,0,0.0788305984236273
16919,11,1403,2592.25,7.951687116564417,141,2010-12-06 12:52:00,2011-07-06 13:35:00,155,212,0.0516431924882629,5,1,1,0.05403812889179561
16921,1,154,154.18,2.8032727272727276,50,2011-10-09 16:22:00,2011-10-09 16:22:00,60,0,1.0,1,0,0,0.49282164787374955
16923,19,3344,7069.08,11.292460063897764,313,2010-12-12 11:06:00,2011-11-27 13:00:00,11,350,0.0541310541310541,10,1,0,0.0015784696353903962
16924,3,467,829.89,10.245555555555557,69,2011-09-16 12:54:00,2011-11-18 12:53:00,20,62,0.0476190476190476,3,1,0,0.38310801273625905
16926,1,35,230.25,16.446428571428573,14,2010-12-03 13:42:00,2010-12-03 13:42:00,370,0,1.0,1,0,1,0.5697840827645385
16927,3,993,543.05,90.50833333333333,5,2010-12-13 11:57:00,2011-08-16 11:10:00,115,245,0.0121951219512195,3,1,1,0.2170511529590171
16928,17,2092,2814.7,13.797549019607844,69,2010-12-01 15:21:00,2011-09-20 15:10:00,79,292,0.0580204778156996,9,1,0,0.027877900281645312
16929,7,929,1295.39,16.823246753246753,51,2011-07-07 12:39:00,2011-12-06 08:37:00,3,151,0.0460526315789473,5,1,0,0.19863295673641312
16930,3,339,378.89,7.148867924528302,47,2011-10-02 14:25:00,2011-11-13 16:13:00,25,42,0.0697674418604651,2,1,0,0.49350703285353265
16931,21,3134,4554.87,5.140936794582393,448,2010-12-05 11:40:00,2011-12-04 13:15:00,4,364,0.0575342465753424,13,1,0,0.00035409085761286846
16932,1,82,150.23000000000002,3.129791666666667,44,2011-10-17 14:12:00,2011-10-17 14:12:00,52,0,1.0,1,0,0,0.506770648900294
16933,2,288,563.23,12.800681818181818,42,2011-04-14 13:33:00,2011-12-08 12:54:00,0,237,0.0084033613445378,2,1,0,0.204791001010615
16934,2,397,931.03,15.262786885245902,59,2011-10-16 12:25:00,2011-10-16 12:40:00,54,0,2.0,1,0,0,0.49751214445272074
16936,1,171,261.9,4.676785714285714,56,2011-11-14 11:04:00,2011-11-14 11:04:00,25,0,1.0,1,0,0,0.47906613241110313
16938,4,2533,2711.6800000000003,11.539063829787237,212,2011-02-04 09:34:00,2011-12-01 10:20:00,8,300,0.0132890365448504,3,1,0,0.024900490482361374
16940,3,2169,3049.88,9.99960655737705,226,2011-02-23 12:27:00,2011-10-18 13:15:00,51,237,0.0126050420168067,3,1,0,0.03669268585993539
16942,9,805,1904.99,6.877220216606498,159,2011-04-26 11:59:00,2011-11-27 12:40:00,12,215,0.0416666666666666,5,1,0,0.05360051329794492
16943,3,145,816.73,24.74939393939394,23,2011-01-25 14:00:00,2011-05-12 11:57:00,211,106,0.02803738317757,3,1,1,0.4048037072865329
16945,19,2725,4345.5,17.451807228915662,137,2010-12-16 17:49:00,2011-11-18 11:39:00,21,336,0.0563798219584569,10,1,0,0.008757372389124383
16947,1,312,406.48,19.356190476190477,21,2011-04-18 09:38:00,2011-04-18 09:38:00,235,0,1.0,1,0,1,0.5487634468404375
16948,3,1614,435.02,22.89578947368421,15,2011-01-18 10:58:00,2011-07-24 12:46:00,138,187,0.0159574468085106,3,1,1,0.2685419931076366
16949,6,791,1286.27,21.437833333333337,57,2011-01-27 12:11:00,2011-12-06 11:07:00,3,312,0.0191693290734824,6,1,0,0.06631243804740228
16950,3,644,1178.56,28.06095238095238,39,2010-12-07 15:20:00,2011-10-14 09:06:00,56,310,0.0096463022508038,3,1,0,0.11458388526957071
16951,3,1318,1277.75,14.857558139534884,73,2011-02-08 14:58:00,2011-07-28 12:05:00,134,169,0.0176470588235294,2,1,1,0.2184840918582212
16952,2,92,167.61,10.475625,16,2011-08-22 12:58:00,2011-08-22 13:03:00,108,0,2.0,1,0,1,0.5986117324121684
16953,1,10,20.8,20.8,1,2011-11-09 15:54:00,2011-11-09 15:54:00,29,0,1.0,1,0,0,0.5986884644289099
16954,9,1054,2085.08,38.61259259259259,40,2010-12-15 10:41:00,2011-12-09 09:46:00,0,358,0.0250696378830083,6,1,0,0.046410839020900506
16955,4,266,518.67,20.746799999999997,18,2010-12-01 13:31:00,2011-06-08 10:36:00,184,188,0.0211640211640211,3,1,1,0.2722379537499991
16956,1,114,308.74,19.29625,16,2011-11-22 08:56:00,2011-11-22 08:56:00,17,0,1.0,1,0,0,0.5636376510674761
16957,2,172,416.64,26.04,15,2011-03-03 09:25:00,2011-04-14 13:56:00,238,42,0.0465116279069767,2,1,1,0.5743591033147685
16959,1,49,117.35,16.764285714285716,7,2011-09-13 15:03:00,2011-09-13 15:03:00,86,0,1.0,1,0,0,0.5848337959721934
16960,3,304,507.05,5.02029702970297,92,2011-04-01 11:54:00,2011-11-01 11:35:00,38,213,0.014018691588785,3,1,0,0.14913954795610584
16961,1,125,234.17,16.72642857142857,14,2011-08-15 13:46:00,2011-08-15 13:46:00,115,0,1.0,1,0,1,0.5681021586743612
16963,1,35,110.55,15.792857142857144,7,2011-06-05 13:48:00,2011-06-05 13:48:00,186,0,1.0,1,0,1,0.5851080428649339
16965,1,291,201.19,7.738076923076923,26,2011-04-27 12:08:00,2011-04-27 12:08:00,226,0,1.0,1,0,1,0.5401348635611408
16966,7,1981,2154.97,76.96321428571427,8,2011-04-13 14:17:00,2011-12-01 13:40:00,7,231,0.0301724137931034,6,1,0,0.1409234909126779
16967,1,333,319.02,15.19142857142857,21,2011-06-03 14:24:00,2011-06-03 14:24:00,188,0,1.0,1,0,1,0.5489821510106657
16968,2,326,439.43,14.17516129032258,31,2011-08-24 10:51:00,2011-12-05 15:02:00,3,103,0.0192307692307692,2,1,0,0.4270575553153803
16969,3,816,650.41,15.48595238095238,42,2011-06-01 12:10:00,2011-10-31 13:12:00,38,152,0.0196078431372549,3,1,0,0.284171791191025
16971,1,72,357.21,8.712439024390243,40,2011-11-01 15:06:00,2011-11-01 15:06:00,37,0,1.0,1,0,0,0.5136755619352171
16976,1,88,251.52,125.76,2,2011-03-17 16:33:00,2011-03-17 16:33:00,266,0,1.0,1,0,1,0.5976835833962324
16978,1,166,344.33,8.828974358974358,39,2011-09-23 12:50:00,2011-09-23 12:50:00,77,0,1.0,1,0,0,0.5141228577232729
16979,6,865,1852.0,20.808988764044944,64,2011-02-15 09:20:00,2011-12-06 12:21:00,3,294,0.0203389830508474,5,1,0,0.07535831427167007
16980,2,739,1028.46,12.697037037037038,71,2011-02-21 12:58:00,2011-03-29 16:36:00,254,36,0.054054054054054,2,1,1,0.4523045231393922
16982,1,182,384.06,17.457272727272727,22,2011-10-10 12:28:00,2011-10-10 12:28:00,60,0,1.0,1,0,0,0.5492316021183343
16983,7,1335,1905.87,13.327762237762236,112,2010-12-05 12:34:00,2011-11-27 12:10:00,12,356,0.0196078431372549,6,1,0,0.028334319824237394
16984,2,2380,4459.52,11.1488,354,2011-08-01 17:37:00,2011-09-12 13:43:00,87,41,0.0476190476190476,2,1,0,0.054955984694793424
16985,10,1832,5464.12,45.53433333333333,62,2010-12-16 10:38:00,2011-11-22 13:33:00,16,341,0.0292397660818713,7,1,0,0.03216510924150414
16986,2,1040,1873.2,624.4,3,2011-11-09 15:52:00,2011-11-10 11:55:00,29,0,2.0,1,0,0,0.6184385624654745
16987,7,401,1616.8,12.63125,74,2011-05-18 15:55:00,2011-12-06 17:26:00,2,202,0.0344827586206896,4,1,0,0.13731787635648643
16988,1,43,126.12,18.017142857142854,7,2011-12-04 16:02:00,2011-12-04 16:02:00,4,0,1.0,1,0,0,0.5849190461425221
16989,6,1233,1133.25,94.4375,7,2011-07-12 09:11:00,2011-12-02 16:39:00,6,143,0.0416666666666666,5,1,0,0.2838625147559522
16990,1,100,179.0,179.0,1,2011-05-05 08:30:00,2011-05-05 08:30:00,218,0,1.0,1,0,1,0.602359094938897
16992,5,860,1614.31,17.358172043010754,84,2011-02-28 10:37:00,2011-11-29 11:50:00,10,274,0.0181818181818181,4,1,0,0.08456533631233905
16996,6,544,1456.96,39.3772972972973,13,2010-12-21 13:22:00,2011-11-09 16:43:00,29,323,0.0185185185185185,5,1,0,0.09549458651593414
16997,3,360,702.0,58.5,7,2011-01-18 11:51:00,2011-02-24 17:28:00,287,37,0.0789473684210526,2,1,1,0.5846875799035032
16998,4,76,295.0,73.75,1,2011-02-08 15:42:00,2011-07-13 09:44:00,149,154,0.0258064516129032,3,1,1,0.3628194265106263
16999,2,294,484.82,21.07913043478261,21,2011-09-26 15:43:00,2011-11-16 13:53:00,22,50,0.0392156862745098,2,1,0,0.5443481627028937
17001,11,2164,3989.57,23.60692307692308,75,2010-12-16 09:35:00,2011-12-09 09:38:00,0,358,0.0306406685236768,11,1,0,0.017503203779919395
17002,3,679,1493.73,30.484285714285715,41,2011-02-22 11:46:00,2011-09-15 12:40:00,85,205,0.0145631067961165,3,1,0,0.2113677703937394
17004,2,771,1312.14,30.51488372093023,38,2011-09-08 12:16:00,2011-10-24 14:25:00,45,46,0.0425531914893617,2,1,0,0.5001846141683459
17006,4,272,781.78,17.76772727272727,37,2011-09-25 12:15:00,2011-12-05 12:09:00,4,70,0.056338028169014,3,1,0,0.42680953406219674
17007,6,597,889.9300000000001,17.114038461538463,50,2010-12-17 13:57:00,2011-10-20 10:47:00,50,306,0.019543973941368,4,1,0,0.08869008101439473
17010,1,118,195.36,17.76,11,2011-11-21 14:49:00,2011-11-21 14:49:00,17,0,1.0,1,0,0,0.5747678682693544
17011,1,186,270.9,18.06,15,2011-11-09 13:30:00,2011-11-09 13:30:00,29,0,1.0,1,0,0,0.5646501175925461
17014,3,243,583.4300000000001,8.103194444444446,63,2011-10-04 11:36:00,2011-12-01 14:09:00,7,58,0.0508474576271186,3,1,0,0.4082345754753606
17015,3,1978,1838.61,8.591635514018693,182,2011-06-07 13:19:00,2011-11-11 10:45:00,28,156,0.019108280254777,3,1,0,0.09485200733294666
17017,20,6673,8694.26,34.50103174603175,88,2010-12-02 10:17:00,2011-12-07 09:32:00,2,369,0.054054054054054,10,1,0,0.0063174176615657315
17018,2,176,920.1,57.50625,15,2011-01-18 08:46:00,2011-10-30 11:42:00,40,285,0.0069930069930069,2,1,0,0.18631883166169447
17019,4,820,1258.08,5.517894736842105,166,2010-12-06 12:55:00,2011-11-28 13:06:00,10,357,0.0111731843575419,4,1,0,0.026437691815480717
17022,1,108,71.0,10.142857142857142,7,2011-11-08 17:09:00,2011-11-08 17:09:00,30,0,1.0,1,0,0,0.5838849212829924
17024,3,69,95.85,31.95,2,2011-07-05 09:31:00,2011-10-25 13:47:00,44,112,0.0265486725663716,3,1,0,0.4451976998923965
17025,3,235,357.77,39.75222222222222,8,2010-12-01 15:45:00,2011-10-10 09:06:00,60,312,0.0095846645367412,2,1,0,0.16182566821663802
17026,2,97,154.82999999999998,38.7075,4,2010-12-05 12:47:00,2011-06-07 14:28:00,184,184,0.0108108108108108,2,1,1,0.34930639012708303
17027,6,416,877.5600000000001,5.92945945945946,110,2011-01-26 14:19:00,2011-09-22 12:24:00,78,238,0.0251046025104602,5,1,0,0.08164030572876961
17029,2,400,716.0,358.0,1,2011-04-17 10:57:00,2011-08-21 11:06:00,110,126,0.0157480314960629,2,1,1,0.4589233076068029
17030,1,146,146.87,13.351818181818182,11,2011-10-07 08:49:00,2011-10-07 08:49:00,63,0,1.0,1,0,0,0.5744967671245309
17031,2,235,380.35,17.288636363636364,19,2011-07-08 09:38:00,2011-11-28 10:23:00,11,143,0.0138888888888888,2,1,0,0.3837775915591934
17033,3,750,1030.14,36.79071428571429,24,2010-12-15 13:21:00,2011-09-14 14:34:00,85,273,0.010948905109489,3,1,0,0.16069119634369963
17034,3,410,745.52,24.850666666666665,28,2011-02-25 10:10:00,2011-11-23 15:14:00,15,271,0.0110294117647058,3,1,0,0.16270215118553816
17035,2,229,433.53,15.483214285714286,27,2011-02-01 12:27:00,2011-04-08 11:23:00,245,65,0.0303030303030303,2,1,1,0.5058900651479922
17037,1,656,1267.32,16.8976,75,2011-09-13 12:49:00,2011-09-13 12:49:00,87,0,1.0,1,0,0,0.4222037743669953
17038,1,28,112.4,5.109090909090909,22,2011-11-09 13:50:00,2011-11-09 13:50:00,29,0,1.0,1,0,0,0.5540109864723993
17040,1,181,449.73,29.982000000000003,15,2011-07-25 10:19:00,2011-07-25 10:19:00,137,0,1.0,1,0,1,0.5636523487804077
17041,3,927,1071.49,15.528840579710144,59,2010-12-14 11:43:00,2011-11-13 11:21:00,26,333,0.0089820359281437,3,1,0,0.08335031061835536
17042,5,990,1036.58,10.686391752577318,74,2011-04-06 14:53:00,2011-12-07 12:26:00,2,244,0.0204081632653061,5,1,0,0.10306551317733567
17043,4,998,1735.18,17.01156862745098,100,2011-03-18 14:53:00,2011-11-07 15:33:00,31,234,0.0170212765957446,4,1,0,0.1002579252829778
17044,1,504,948.48,158.08,6,2011-11-14 14:28:00,2011-11-14 14:28:00,24,0,1.0,1,0,0,0.5772099793205906
17045,3,106,339.44,15.42909090909091,20,2011-04-06 12:08:00,2011-08-18 17:09:00,112,134,0.0222222222222222,3,1,1,0.3670773189571197
17046,1,510,642.02,29.182727272727274,22,2011-07-05 14:24:00,2011-07-05 14:24:00,156,0,1.0,1,0,1,0.5412947835759215
17047,3,533,1100.9,16.93692307692308,59,2011-05-18 16:50:00,2011-09-15 13:27:00,84,119,0.025,2,1,0,0.32531009627896645
17048,3,485,925.35,21.519767441860463,41,2011-01-12 16:51:00,2011-08-14 11:49:00,117,213,0.014018691588785,3,1,1,0.20738532576442822
17049,9,2673,5655.03,17.839211356466876,201,2011-03-09 08:33:00,2011-12-07 10:48:00,2,273,0.0328467153284671,8,1,0,0.014844062306335745
17050,6,1595,3185.64,10.342987012987011,169,2011-02-13 12:41:00,2011-09-04 13:48:00,95,203,0.0294117647058823,5,1,1,0.05558891726928761
17051,1,179,240.89,5.735476190476191,40,2011-05-29 14:13:00,2011-05-29 14:13:00,193,0,1.0,1,0,1,0.512597031280463
17052,1,251,399.09,4.808313253012048,72,2011-11-11 14:50:00,2011-11-11 14:50:00,27,0,1.0,1,0,0,0.44309371261517105
17053,1,122,498.48,38.34461538461539,13,2011-08-01 10:23:00,2011-08-01 10:23:00,130,0,1.0,1,0,1,0.5687744560601306
17054,5,804,1356.33,16.34132530120482,64,2011-04-08 13:14:00,2011-11-11 12:56:00,27,216,0.0230414746543778,4,1,0,0.1440864697597438
17058,3,592,1179.89,19.030483870967743,51,2011-04-14 09:18:00,2011-09-19 10:13:00,81,158,0.0188679245283018,3,1,0,0.26029231143634046
17059,5,1850,3080.39,5.9929766536964975,292,2010-12-05 12:35:00,2011-11-10 12:27:00,29,339,0.0147058823529411,5,1,0,0.00805266421353813
17060,1,216,234.24,46.848,5,2011-03-18 13:27:00,2011-03-18 13:27:00,265,0,1.0,1,0,1,0.5860964915835151
17061,11,1526,5232.2300000000005,52.850808080808086,57,2011-04-21 13:29:00,2011-09-27 11:24:00,73,158,0.0691823899371069,6,1,0,0.12377008316243666
17062,4,418,533.33,7.7294202898550735,52,2010-12-05 11:59:00,2011-01-30 11:01:00,313,55,0.0714285714285714,2,1,1,0.4450815787417312
17063,7,770,1461.14,18.732564102564105,66,2011-02-23 13:44:00,2011-11-18 16:19:00,20,268,0.0260223048327137,4,1,0,0.09367431725247112
17064,3,316,855.45,14.02377049180328,53,2011-01-16 16:10:00,2011-10-12 10:18:00,58,268,0.0111524163568773,3,1,0,0.13888794116007883
17068,21,2164,4552.14,15.378851351351353,116,2010-12-06 13:58:00,2011-11-27 13:14:00,11,355,0.0589887640449438,11,1,0,0.007815642231871324
17069,9,1506,2709.7000000000003,18.948951048951052,111,2010-12-01 16:49:00,2011-11-11 17:13:00,27,345,0.0260115606936416,5,1,0,0.029585498154273495
17070,1,131,304.24,4.9070967741935485,62,2011-08-17 17:01:00,2011-08-17 17:01:00,113,0,1.0,1,0,1,0.4669306815752229
17071,9,1197,2429.03,17.350214285714287,102,2011-02-03 08:18:00,2011-11-11 16:31:00,27,281,0.0319148936170212,8,1,0,0.039303838013775065
17073,4,759,1446.09,8.310862068965516,142,2011-08-22 14:37:00,2011-11-22 11:47:00,17,91,0.0434782608695652,4,1,0,0.18512582732426486
17075,4,292,834.12,10.832727272727272,62,2011-01-26 13:20:00,2011-11-22 11:58:00,17,299,0.0133333333333333,4,1,0,0.0943798524148524
17076,3,295,841.0799999999999,33.6432,17,2010-12-10 10:08:00,2011-11-03 17:53:00,35,328,0.0091185410334346,3,1,0,0.12442661482007913
17078,2,788,378.2,13.507142857142856,28,2011-11-03 18:49:00,2011-11-03 19:17:00,35,0,2.0,1,0,0,0.5596748808025083
17079,1,24,118.8,59.400000000000006,2,2011-09-22 15:34:00,2011-09-22 15:34:00,77,0,1.0,1,0,0,0.5971973472392634
17080,2,166,287.62,35.9525,8,2011-03-15 12:05:00,2011-11-17 12:59:00,21,247,0.0080645161290322,2,1,0,0.24580226737846383
17081,2,77,288.91,4.585873015873016,55,2011-10-24 13:08:00,2011-11-14 12:56:00,24,20,0.0952380952380952,2,1,0,0.5351717391632871
17082,2,1049,2003.85,24.738888888888887,75,2011-01-25 14:36:00,2011-11-06 15:17:00,32,285,0.0069930069930069,2,1,0,0.11037271619229264
17083,3,772,1405.78,27.034230769230767,24,2011-02-09 11:38:00,2011-08-22 15:43:00,108,194,0.0153846153846153,2,1,1,0.26757515812532967
17084,2,1702,2747.99,18.44288590604027,146,2011-11-04 14:49:00,2011-11-04 14:54:00,34,0,2.0,1,0,0,0.28873333317387645
17085,5,785,1562.4,8.4,115,2010-12-12 12:24:00,2011-08-08 14:15:00,122,239,0.0208333333333333,4,1,1,0.0845405212224944
17086,6,1859,2050.08,21.355,76,2011-10-07 11:22:00,2011-12-02 13:54:00,6,56,0.1052631578947368,3,1,0,0.316144116414949
17088,4,868,1991.01,17.313130434782607,96,2011-03-31 09:48:00,2011-11-11 14:23:00,27,225,0.0176991150442477,4,1,0,0.10954826872416946
17090,7,903,1974.65,32.37131147540984,45,2010-12-20 13:52:00,2011-12-05 13:44:00,3,349,0.02,6,1,0,0.05261841299428865
17091,9,1746,3827.76,19.629538461538463,119,2010-12-07 09:55:00,2011-12-07 10:43:00,2,365,0.0245901639344262,7,1,0,0.01897457465490833
17092,4,1130,1774.03,14.306693548387097,99,2011-03-07 14:51:00,2011-10-20 19:51:00,49,227,0.0175438596491228,4,1,0,0.10459214099805879
17094,1,152,302.0,21.571428571428573,14,2011-01-21 13:09:00,2011-01-21 13:09:00,321,0,1.0,1,0,1,0.567205360865489
17095,3,618,1324.16,17.894054054054056,69,2011-01-09 11:05:00,2011-11-17 12:21:00,22,312,0.0095846645367412,3,1,0,0.0898655003778195
17096,4,339,1022.13,21.294375,46,2011-03-23 12:05:00,2011-11-24 15:01:00,14,246,0.0161943319838056,4,1,0,0.14765787705185757
17097,8,459,954.42,4.523317535545024,153,2010-12-09 14:55:00,2011-12-07 17:05:00,1,363,0.0219780219780219,5,1,0,0.02221990395671708
17100,2,800,971.74,14.949846153846154,65,2011-11-21 16:36:00,2011-11-21 16:36:00,17,0,2.0,1,0,0,0.4770240314379785
17101,4,815,1621.73,38.61261904761905,28,2011-06-14 14:49:00,2011-11-29 13:57:00,9,167,0.0238095238095238,3,1,0,0.2702526921789276
17102,1,2,25.5,25.5,1,2011-03-23 10:08:00,2011-03-23 10:08:00,261,0,1.0,1,0,1,0.5989903872949713
17105,2,693,665.78,7.397555555555555,80,2011-02-06 14:46:00,2011-07-03 15:53:00,158,147,0.0135135135135135,2,1,1,0.25744452436465276
17107,6,4826,10797.48,25.955480769230768,269,2011-03-06 15:17:00,2011-11-06 14:14:00,32,244,0.0244897959183673,5,1,0,0.011163590094732665
17109,6,588,881.29,7.597327586206896,107,2011-04-21 15:46:00,2011-11-10 16:59:00,28,203,0.0294117647058823,3,1,0,0.1224112467668136
17110,1,50,163.29999999999998,13.608333333333333,12,2011-06-27 12:58:00,2011-06-27 12:58:00,164,0,1.0,1,0,1,0.5740801072393101
17111,1,282,231.61,7.986551724137931,29,2011-10-23 15:59:00,2011-10-23 15:59:00,46,0,1.0,1,0,0,0.5337987158849476
17114,8,215,801.12,6.5131707317073175,85,2011-01-09 11:39:00,2011-12-04 12:17:00,5,329,0.0242424242424242,8,1,0,0.03831934898538684
17115,3,372,837.5,21.474358974358974,33,2011-04-20 14:46:00,2011-12-01 14:30:00,7,224,0.0133333333333333,3,1,0,0.20724004474883373
17117,1,68,116.2,12.91111111111111,9,2011-02-24 13:54:00,2011-02-24 13:54:00,287,0,1.0,1,0,1,0.5802636418282807
17118,1,154,157.02,15.702000000000002,10,2011-01-26 12:19:00,2011-01-26 12:19:00,317,0,1.0,1,0,1,0.5764038414755607
17119,2,334,606.91,17.340285714285713,35,2011-10-11 11:03:00,2011-12-06 14:40:00,2,56,0.0350877192982456,2,1,0,0.5021437512931944
17120,1,120,307.46,17.08111111111111,18,2011-04-20 15:21:00,2011-04-20 15:21:00,232,0,1.0,1,0,1,0.5593231866746715
17122,1,80,138.32,19.76,7,2011-08-12 14:33:00,2011-08-12 14:33:00,118,0,1.0,1,0,1,0.5842099992397669
17123,1,246,345.29999999999995,38.36666666666666,9,2011-07-01 10:47:00,2011-07-01 10:47:00,161,0,1.0,1,0,1,0.5760526539133324
17124,1,129,294.24,9.491612903225809,31,2011-06-07 14:02:00,2011-06-07 14:02:00,184,0,1.0,1,0,1,0.5319934521768889
17125,1,281,230.5,6.585714285714285,34,2011-10-20 14:41:00,2011-10-20 14:41:00,49,0,1.0,1,0,0,0.5233451113205305
17126,5,780,989.45,3.989717741935484,187,2010-12-12 11:26:00,2011-07-10 13:52:00,151,210,0.0236966824644549,3,1,1,0.06526996571201038
17128,1,76,157.09,11.220714285714283,14,2011-01-09 12:02:00,2011-01-09 12:02:00,334,0,1.0,1,0,1,0.5694582860033259
17131,5,983,2463.17,18.38186567164179,78,2011-09-25 12:42:00,2011-12-04 12:52:00,4,70,0.0704225352112676,4,1,0,0.29107720055012315
17133,7,2730,4892.240000000001,181.1940740740741,13,2011-03-18 13:47:00,2011-11-24 12:27:00,15,250,0.0278884462151394,5,1,0,0.11583332865741923
17134,2,98,413.2,17.965217391304346,21,2011-03-20 11:56:00,2011-08-25 09:53:00,106,157,0.0126582278481012,2,1,1,0.3584040912961747
17135,7,1224,1139.73,21.917884615384615,34,2010-12-03 09:31:00,2011-11-23 16:48:00,15,355,0.0196629213483146,4,1,0,0.06582726920656971
17138,1,126,380.5,15.854166666666666,24,2011-03-09 11:54:00,2011-03-09 11:54:00,275,0,1.0,1,0,1,0.5460923666925561
17139,12,5176,10650.77,22.328658280922433,309,2011-02-24 09:32:00,2011-11-24 10:12:00,15,273,0.0437956204379562,8,1,0,0.0036486610688944467
17140,1,296,454.12,25.22888888888889,16,2011-04-06 13:33:00,2011-04-06 13:33:00,246,0,1.0,1,0,1,0.5592192181391189
17142,1,81,579.0,38.6,15,2011-04-14 18:22:00,2011-04-14 18:22:00,238,0,1.0,1,0,1,0.5647122972222741
17144,2,483,984.57,20.511875,42,2011-09-16 12:50:00,2011-12-08 17:57:00,0,83,0.0238095238095238,2,1,0,0.4325836242817763
17146,3,212,749.78,21.422285714285714,33,2010-12-16 12:20:00,2011-08-26 12:44:00,105,253,0.0118110236220472,3,1,1,0.17712592756474385
17147,4,882,1714.59,21.167777777777776,68,2011-02-01 09:36:00,2011-11-17 12:32:00,22,289,0.0137931034482758,4,1,0,0.08997607665680687
17148,1,82,124.88,13.875555555555556,9,2011-10-19 09:59:00,2011-10-19 09:59:00,51,0,1.0,1,0,0,0.579971463914413
17152,3,517,1689.5,120.67857142857144,9,2011-03-21 16:20:00,2011-05-29 12:19:00,194,68,0.0434782608695652,2,1,1,0.5145254535895747
17153,1,104,213.78,15.27,14,2011-11-15 13:42:00,2011-11-15 13:42:00,23,0,1.0,1,0,0,0.5686091877381186
17154,1,490,329.34,14.319130434782608,23,2011-09-25 13:42:00,2011-09-25 13:42:00,74,0,1.0,1,0,0,0.5417773532719035
17155,2,242,251.7,12.585,19,2011-06-15 10:22:00,2011-11-22 12:38:00,17,160,0.0124223602484472,2,1,0,0.35591736313756595
17157,2,172,319.0,24.53846153846154,11,2011-06-16 15:08:00,2011-12-02 09:10:00,7,168,0.0118343195266272,2,1,0,0.359131366339908
17158,3,778,1266.97,18.91,53,2010-12-14 13:03:00,2011-11-07 15:15:00,31,328,0.0091185410334346,3,1,0,0.09056691582387015
17159,3,1111,1538.88,15.236435643564358,96,2011-06-21 09:49:00,2011-11-18 10:52:00,21,150,0.0198675496688741,3,1,0,0.19533194849558944
17160,6,2856,3518.03,15.362576419213974,111,2011-04-12 12:00:00,2011-11-08 14:05:00,30,210,0.0284360189573459,4,1,0,0.08228118875319432
17162,10,1001,1715.46,16.494807692307692,81,2011-02-07 12:27:00,2011-11-11 11:34:00,28,276,0.0361010830324909,6,1,0,0.056991809823627865
17163,2,66,293.1,58.620000000000005,3,2011-09-22 15:54:00,2011-11-18 08:57:00,21,56,0.0350877192982456,2,1,0,0.5781311984900506
17164,7,1501,2467.35,17.134375,92,2011-03-11 14:26:00,2011-11-07 09:14:00,32,240,0.0290456431535269,5,1,0,0.07807089925771632
17165,1,100,158.68,15.868,10,2011-02-28 16:39:00,2011-02-28 16:39:00,283,0,1.0,1,0,1,0.5773868038957167
17166,2,78,206.34,17.195,11,2011-05-20 08:18:00,2011-11-01 09:46:00,38,165,0.0120481927710843,2,1,0,0.366429785053122
17169,2,526,835.78,15.477407407407409,51,2011-06-09 13:16:00,2011-10-13 10:25:00,57,125,0.0158730158730158,2,1,0,0.3430366945189889
17171,1,185,224.91,14.056875,16,2011-02-23 16:37:00,2011-02-23 16:37:00,288,0,1.0,1,0,1,0.5628513476754837
17172,1,480,317.76,21.184,15,2011-09-22 09:36:00,2011-09-22 09:36:00,78,0,1.0,1,0,0,0.55892444131773
17173,8,1122,3766.6,43.79767441860465,36,2011-07-31 15:26:00,2011-12-04 14:40:00,4,125,0.0634920634920634,5,1,0,0.22681536192218313
17174,1,41,59.9,14.975,4,2011-05-06 11:47:00,2011-05-06 11:47:00,217,0,1.0,1,0,1,0.5914896178039487
17175,4,866,1443.69,22.915714285714287,42,2011-02-16 14:56:00,2011-10-26 15:31:00,43,252,0.0158102766798418,4,1,0,0.13970830067613557
17176,1,170,306.13,20.408666666666665,15,2011-05-22 12:41:00,2011-05-22 12:41:00,201,0,1.0,1,0,1,0.5647310102070989
17179,3,290,711.79,8.897375,56,2010-12-13 14:24:00,2011-06-14 16:48:00,177,183,0.0163043478260869,3,1,1,0.22633664358635364
17180,4,670,783.97,6.27176,91,2011-01-27 18:05:00,2011-10-14 15:46:00,55,259,0.0153846153846153,3,1,0,0.10434556971156436
17181,2,241,239.92,10.431304347826089,23,2010-12-01 12:38:00,2011-10-13 14:48:00,56,316,0.0063091482649842,2,1,0,0.14765103669545432
17183,6,1296,3347.31,45.85356164383562,42,2011-08-26 15:25:00,2011-12-02 10:07:00,7,97,0.0612244897959183,4,1,0,0.2922776511008631
17186,2,200,144.0,72.0,1,2011-10-10 12:52:00,2011-10-24 10:20:00,46,13,0.1428571428571428,1,0,0,0.5222233556877409
17187,1,144,203.95,20.395,10,2011-04-27 12:39:00,2011-04-27 12:39:00,226,0,1.0,1,0,1,0.5763704853532405
17188,7,1328,2474.23,29.455119047619046,71,2010-12-12 12:56:00,2011-11-28 13:53:00,10,351,0.0198863636363636,4,1,0,0.04795071867292255
17189,2,226,383.75,6.395833333333333,52,2010-12-15 17:28:00,2011-08-25 19:39:00,105,253,0.0078740157480314,2,1,1,0.17570670838763633
17190,2,161,444.74,23.40736842105263,19,2011-05-16 15:29:00,2011-10-12 11:33:00,58,148,0.0134228187919463,2,1,0,0.37626777300726766
17191,7,1166,2093.68,8.871525423728812,163,2010-12-06 14:36:00,2011-11-11 16:58:00,27,340,0.0205278592375366,5,1,0,0.0230123460480147
17193,7,1254,1699.3000000000002,53.103125000000006,17,2011-06-16 10:04:00,2011-11-04 12:47:00,35,141,0.0492957746478873,4,1,0,0.2732692230346606
17194,2,119,262.62,9.055862068965515,26,2010-12-14 12:06:00,2011-03-11 12:05:00,273,86,0.0229885057471264,2,1,1,0.473132438145552
17197,1,191,1013.01,34.93137931034483,29,2011-11-10 10:32:00,2011-11-10 10:32:00,29,0,1.0,1,0,0,0.529575815664626
17198,3,357,692.22,7.210625,89,2010-12-03 14:54:00,2011-11-16 10:39:00,23,347,0.0086206896551724,2,1,0,0.06900702754503588
17201,1,231,289.78,7.62578947368421,38,2011-10-17 11:55:00,2011-10-17 11:55:00,53,0,1.0,1,0,0,0.5154366855305896
17203,6,2846,3560.08,24.05459459459459,116,2011-10-10 14:37:00,2011-11-04 12:27:00,35,24,0.24,2,1,0,0.291813436340232
17204,4,646,1564.56,27.448421052631577,44,2011-03-21 12:42:00,2011-06-17 14:46:00,174,88,0.0449438202247191,3,1,1,0.3680895119935119
17205,1,884,384.08,29.544615384615383,13,2011-10-17 12:46:00,2011-10-17 12:46:00,53,0,1.0,1,0,0,0.5553256096585005
17206,1,76,204.24,29.177142857142854,7,2011-10-17 13:25:00,2011-10-17 13:25:00,52,0,1.0,1,0,0,0.5841007525594818
17211,8,1323,2317.2200000000003,10.982085308056874,150,2010-12-05 12:44:00,2011-11-13 12:03:00,26,342,0.0233236151603498,6,1,0,0.02159577982444153
17212,1,147,226.85,56.7125,4,2011-03-31 19:42:00,2011-03-31 19:42:00,252,0,1.0,1,0,1,0.589865158035971
17213,7,1176,2781.23,17.71484076433121,85,2010-12-08 13:03:00,2011-10-30 14:53:00,39,326,0.0214067278287461,4,1,0,0.05084734918359763
17214,6,272,1059.12,10.486336633663369,79,2010-12-15 15:14:00,2011-10-10 13:17:00,59,298,0.020066889632107,5,1,0,0.06979668606454223
17217,1,24,113.5,12.61111111111111,9,2011-04-19 17:19:00,2011-04-19 17:19:00,233,0,1.0,1,0,1,0.5810800115563016
17218,10,955,1951.97,7.202841328413284,146,2010-12-06 15:25:00,2011-12-05 13:52:00,3,363,0.0274725274725274,6,1,0,0.018235388096738327
17219,1,89,114.23,4.5692,24,2011-11-08 11:25:00,2011-11-08 11:25:00,31,0,1.0,1,0,0,0.5486988444706227
17220,14,1897,3187.55,6.8255888650963605,303,2010-12-10 14:54:00,2011-11-15 13:47:00,23,339,0.0411764705882352,9,1,0,0.0033085221783710336
17221,2,287,334.48,5.39483870967742,59,2011-11-03 17:39:00,2011-12-02 13:35:00,6,28,0.0689655172413793,2,1,0,0.5068850720445812
17222,1,122,328.65,12.17222222222222,27,2011-10-05 13:58:00,2011-10-05 13:58:00,64,0,1.0,1,0,0,0.5402496237185219
17223,2,110,416.89,8.685208333333334,43,2010-12-06 14:08:00,2011-02-02 15:57:00,309,58,0.0338983050847457,2,1,1,0.48731790269319986
17226,1,406,393.49,18.73761904761905,21,2011-02-04 11:52:00,2011-02-04 11:52:00,308,0,1.0,1,0,1,0.5471040362560861
17227,6,741,939.32,19.985531914893617,28,2010-12-06 11:16:00,2011-11-21 10:51:00,18,349,0.0171428571428571,6,1,0,0.06578252635153503
17228,8,1532,1906.09,9.16389423076923,140,2010-12-02 16:00:00,2011-11-24 10:24:00,15,356,0.0224089635854341,6,1,0,0.02120733687543307
17229,2,185,318.76,6.782127659574468,39,2011-07-20 12:38:00,2011-09-04 13:56:00,95,46,0.0425531914893617,2,1,1,0.5171242400512096
17230,8,1651,3638.41,52.73057971014492,51,2010-12-15 11:22:00,2011-03-20 16:12:00,263,95,0.0833333333333333,3,1,1,0.27281593149024513
17231,10,1724,3124.72,5.884595103578154,292,2010-12-13 14:16:00,2011-11-27 15:18:00,11,349,0.0285714285714285,9,1,0,0.0041352021566404395
17232,2,202,417.77,11.936285714285711,30,2011-11-25 12:24:00,2011-12-07 12:21:00,2,11,0.1666666666666666,2,1,0,0.6023974605124559
17233,1,131,190.88,7.6352,25,2011-11-04 14:06:00,2011-11-04 14:06:00,34,0,1.0,1,0,0,0.5452840023684598
17234,1,55,149.89,10.706428571428573,14,2011-06-10 11:20:00,2011-06-10 11:20:00,182,0,1.0,1,0,1,0.5698874831033036
17235,2,224,550.06,18.96758620689655,24,2010-12-02 13:38:00,2011-11-14 15:51:00,24,347,0.0057471264367816,2,1,0,0.11985248854045409
17236,6,474,916.13,8.725047619047618,88,2010-12-12 11:49:00,2011-11-27 12:00:00,12,350,0.017094017094017,6,1,0,0.04134767799633475
17237,2,105,314.69,16.562631578947368,18,2011-11-17 12:55:00,2011-11-28 15:02:00,10,11,0.1666666666666666,1,0,0,0.4891943581014048
17238,17,1807,3719.1,6.701081081081081,297,2010-12-03 15:05:00,2011-12-07 11:35:00,2,368,0.046070460704607,10,1,0,0.0022055315496214666
17239,1,150,382.5,25.5,15,2011-01-31 09:41:00,2011-01-31 09:41:00,312,0,1.0,1,0,1,0.5646350783848002
17242,2,611,1135.04,28.376,30,2011-06-12 13:04:00,2011-08-23 14:55:00,107,72,0.0273972602739726,2,1,1,0.4738630858786131
17243,26,3320,8540.05,22.067312661498708,180,2010-12-05 10:03:00,2011-12-08 13:26:00,0,368,0.070460704607046,12,1,0,0.002391188405190877
17244,1,616,954.9,30.80322580645161,31,2011-10-17 15:19:00,2011-10-17 15:19:00,52,0,1.0,1,0,0,0.5177841537713331
17245,1,75,171.45,19.049999999999997,9,2011-05-19 10:43:00,2011-05-19 10:43:00,204,0,1.0,1,0,1,0.5799071020036057
17247,1,105,280.09000000000003,5.186851851851852,53,2011-11-24 15:21:00,2011-11-24 15:21:00,14,0,1.0,1,0,0,0.4864269823004448
17248,1,213,318.65,4.618115942028985,68,2011-08-11 13:34:00,2011-08-11 13:34:00,119,0,1.0,1,0,1,0.4527917039077399
17250,2,167,381.97,6.820892857142858,55,2011-03-23 16:45:00,2011-12-06 12:15:00,3,257,0.0077519379844961,2,1,0,0.1686658540833045
17251,1,108,269.83,7.2927027027027025,37,2010-12-12 11:06:00,2010-12-12 11:06:00,362,0,1.0,1,0,1,0.5200006375607931
17252,2,192,348.91,4.057093023255814,86,2011-06-06 16:41:00,2011-08-15 09:45:00,116,69,0.0285714285714285,2,1,1,0.37865484471035166
17253,1,43,178.26,9.903333333333332,18,2011-11-21 12:59:00,2011-11-21 12:59:00,17,0,1.0,1,0,0,0.5616001462367799
17254,2,251,271.19,2.443153153153153,100,2011-11-24 14:09:00,2011-12-05 12:46:00,4,10,0.1818181818181818,2,1,0,0.46008342679984343
17255,2,227,291.48,3.9389189189189193,69,2011-02-13 15:18:00,2011-10-30 12:18:00,40,258,0.0077220077220077,2,1,0,0.15172358231562916
17256,2,141,240.0,15.0,12,2011-01-31 14:53:00,2011-08-24 13:30:00,106,204,0.0097560975609756,2,1,1,0.30067355453932076
17259,2,388,581.23,5.010603448275862,104,2010-12-06 12:55:00,2011-07-14 15:01:00,147,220,0.0090497737556561,2,1,1,0.14654285055425775
17262,5,367,1253.36,104.44666666666669,9,2010-12-08 13:30:00,2011-10-18 12:56:00,51,313,0.0159235668789808,4,1,0,0.1223045602712519
17263,1,36,63.440000000000005,2.7582608695652175,23,2011-05-15 14:32:00,2011-05-15 14:32:00,207,0,1.0,1,0,1,0.5521345918209221
17265,2,389,550.01,4.50827868852459,106,2011-06-12 12:00:00,2011-07-24 10:49:00,138,41,0.0476190476190476,2,1,1,0.38247585614776275
17266,3,153,296.58,4.062739726027397,60,2011-07-15 11:57:00,2011-12-07 14:12:00,1,145,0.0205479452054794,2,1,0,0.2951323106850594
17267,2,158,317.2,8.572972972972973,37,2011-08-04 17:19:00,2011-08-04 17:22:00,126,0,2.0,1,0,1,0.5531167919683139
17268,4,844,763.64,127.27333333333333,3,2011-04-08 13:20:00,2011-08-24 10:06:00,107,137,0.0289855072463768,3,1,1,0.37237364300591896
17272,4,1778,2148.63,18.847631578947368,70,2011-03-22 12:05:00,2011-10-28 16:37:00,41,220,0.0180995475113122,3,1,0,0.13904932134105763
17274,1,77,107.82,4.312799999999999,24,2011-11-04 13:16:00,2011-11-04 13:16:00,34,0,1.0,1,0,0,0.548968967383995
17277,2,430,1065.35,15.43985507246377,67,2011-01-21 12:37:00,2011-04-26 12:47:00,227,95,0.0208333333333333,2,1,1,0.3618316464951989
17278,1,179,246.04,16.402666666666665,15,2011-04-12 13:10:00,2011-04-12 13:10:00,240,0,1.0,1,0,1,0.5649309338787117
17279,1,48,187.83,20.869999999999997,8,2011-10-13 11:58:00,2011-10-13 11:58:00,57,0,1.0,1,0,0,0.5823694271328612
17282,3,1866,1685.46,18.937752808988765,79,2011-02-13 11:36:00,2011-08-01 14:29:00,129,169,0.0176470588235294,3,1,1,0.18656592347166423
17284,6,1362,1647.48,5.661443298969072,229,2011-01-07 14:31:00,2011-10-10 14:38:00,59,276,0.0216606498194945,5,1,0,0.022102506253023638
17286,1,117,151.37,3.440227272727273,44,2011-11-18 12:47:00,2011-11-18 12:47:00,21,0,1.0,1,0,0,0.5061163773542005
17287,7,556,1049.06,8.598852459016394,88,2010-12-02 12:22:00,2011-11-13 13:27:00,25,346,0.0201729106628242,6,1,0,0.04019742308461355
17288,7,1201,1417.63,10.125928571428572,118,2010-12-16 13:33:00,2011-11-30 16:09:00,8,349,0.02,6,1,0,0.029107917785021434
17289,3,513,931.02,8.952115384615384,86,2011-06-12 13:51:00,2011-11-08 12:01:00,31,148,0.0201342281879194,2,1,0,0.23882115381151983
17290,2,397,513.01,5.343854166666667,92,2011-11-23 15:53:00,2011-12-06 12:38:00,3,12,0.1538461538461538,2,1,0,0.46704091420618826
17291,1,72,550.8000000000001,550.8000000000001,1,2011-02-04 13:04:00,2011-02-04 13:04:00,307,0,1.0,1,0,1,0.6152101072067812
17293,9,1135,1854.06,14.04590909090909,93,2010-12-13 14:55:00,2011-12-01 14:37:00,7,352,0.0254957507082152,8,1,0,0.026353683915138742
17295,3,293,547.0,8.044117647058824,53,2011-10-06 12:22:00,2011-11-11 10:49:00,28,35,0.0833333333333333,2,1,0,0.49358711768715907
17297,1,65,128.18,2.615918367346939,49,2011-11-22 14:43:00,2011-11-22 14:43:00,16,0,1.0,1,0,0,0.49681373816402175
17298,2,387,498.42,16.614,30,2011-08-07 12:21:00,2011-08-30 16:43:00,100,23,0.0833333333333333,1,0,1,0.43202258732496235
17299,4,668,656.61,11.938363636363636,50,2011-06-19 16:04:00,2011-11-28 12:01:00,11,161,0.0246913580246913,4,1,0,0.23420653364563737
17301,1,137,163.24,2.7667796610169493,59,2011-11-18 13:43:00,2011-11-18 13:43:00,20,0,1.0,1,0,0,0.47425906502721726
17302,5,575,1135.63,14.375063291139242,68,2011-02-07 10:14:00,2011-11-25 09:36:00,14,290,0.0171821305841924,4,1,0,0.08904988857883825
17303,1,144,250.04,4.717735849056604,53,2010-12-13 13:32:00,2010-12-13 13:32:00,360,0,1.0,1,0,1,0.48594832176310004
17306,19,11491,8631.31,130.77742424242425,13,2010-12-21 13:34:00,2011-11-29 12:14:00,10,342,0.0553935860058309,10,1,0,0.010657466638541164
17309,1,41,82.75,6.895833333333333,11,2011-09-05 15:20:00,2011-09-05 15:20:00,94,0,1.0,1,0,1,0.5767190927951275
17311,2,1005,1384.85,25.179090909090903,55,2011-01-27 10:56:00,2011-09-22 14:11:00,77,238,0.00836820083682,2,1,0,0.17446692539733752
17312,3,372,644.3,46.021428571428565,11,2011-07-03 13:12:00,2011-07-24 11:52:00,138,20,0.1428571428571428,1,0,1,0.46785026410508984
17313,1,1402,2328.84,97.035,24,2011-11-08 15:45:00,2011-11-08 15:45:00,30,0,1.0,1,0,0,0.5080282831880261
17314,8,1896,2527.92,19.297099236641223,120,2011-01-31 11:25:00,2011-11-15 09:41:00,24,287,0.0277777777777777,7,1,0,0.03534735629209275
17315,38,3863,6281.23,13.335944798301483,256,2010-12-17 12:24:00,2011-12-08 12:15:00,1,355,0.1067415730337078,13,1,0,0.0007500405098345981
17317,3,1146,2600.34,288.9266666666667,8,2011-09-11 12:45:00,2011-10-24 17:19:00,45,43,0.0681818181818181,2,1,0,0.5499649771285455
17320,3,634,1200.62,16.446849315068494,57,2010-12-06 15:38:00,2011-08-31 13:31:00,99,267,0.0111940298507462,3,1,1,0.13160135909315948
17321,2,364,657.16,6.637979797979797,94,2011-10-03 11:34:00,2011-12-01 13:41:00,7,59,0.0333333333333333,2,1,0,0.3745205974422766
17323,7,760,906.52,4.648820512820513,125,2011-02-20 14:38:00,2011-11-24 17:29:00,14,277,0.0251798561151079,6,1,0,0.04767682723403492
17324,4,843,986.48,20.132244897959183,43,2010-12-08 12:45:00,2011-11-22 10:34:00,17,348,0.0114613180515759,3,1,0,0.08247511374401977
17325,1,60,96.8,16.133333333333333,6,2011-03-04 13:09:00,2011-03-04 13:09:00,279,0,1.0,1,0,1,0.5868178713664518
17329,2,142,523.11,15.851818181818182,29,2011-01-28 15:29:00,2011-11-25 14:24:00,13,300,0.0066445182724252,2,1,0,0.1558051606699494
17330,2,120,363.9,60.65,5,2011-10-03 11:26:00,2011-11-17 08:56:00,22,44,0.0444444444444444,2,1,0,0.5939729246737038
17331,1,16,175.2,175.2,1,2011-08-08 11:55:00,2011-08-08 11:55:00,123,0,1.0,1,0,1,0.6037434866922353
17333,1,375,494.25,17.651785714285715,28,2011-09-15 10:11:00,2011-09-15 10:11:00,85,0,1.0,1,0,0,0.5321764687223943
17334,2,315,307.02,27.91090909090909,11,2011-02-04 09:03:00,2011-02-10 14:59:00,301,6,0.2857142857142857,1,0,1,0.5150127873256074
17337,4,1247,1981.06,3.802418426103647,421,2011-02-02 17:06:00,2011-07-11 14:55:00,150,158,0.0251572327044025,4,1,1,0.012623351627911995
17338,8,3059,6493.54,9.00629680998613,389,2010-12-13 12:57:00,2011-11-22 14:23:00,16,344,0.0231884057971014,8,1,0,0.0018418051546522818
17339,2,152,243.36,27.040000000000003,9,2010-12-09 14:44:00,2011-09-06 13:29:00,93,270,0.007380073800738,2,1,1,0.21509807106904558
17340,11,5967,12353.29,30.352063882063884,229,2010-12-08 15:56:00,2011-11-10 10:45:00,29,336,0.0326409495548961,7,1,0,0.00459940328250628
17341,3,443,682.29,4.3457961783439485,147,2010-12-08 12:46:00,2011-07-06 12:33:00,156,209,0.0142857142857142,2,1,1,0.10938344102513732
17343,1,56,193.64,11.390588235294118,17,2010-12-19 15:07:00,2010-12-19 15:07:00,354,0,1.0,1,0,1,0.5633443242399686
17344,1,65,157.62,5.0845161290322585,31,2011-10-24 12:56:00,2011-10-24 12:56:00,45,0,1.0,1,0,0,0.5342397093135893
17345,4,341,519.6899999999999,6.261325301204819,70,2011-05-27 12:26:00,2011-11-24 15:03:00,14,181,0.0219780219780219,3,1,0,0.20168209280128704
17346,15,1617,2622.88,5.430393374741201,299,2010-12-01 14:34:00,2011-12-06 12:18:00,3,369,0.0405405405405405,9,1,0,0.002738962364170975
17347,1,216,228.96,228.96,1,2011-09-14 13:12:00,2011-09-14 13:12:00,85,0,1.0,1,0,0,0.601939850668217
17348,5,1398,1156.6,5.430046948356807,180,2011-02-15 10:49:00,2011-11-25 11:25:00,14,283,0.0176056338028169,3,1,0,0.03979878258828021
17349,1,102,98.25,12.28125,8,2011-06-13 14:29:00,2011-06-13 14:29:00,178,0,1.0,1,0,1,0.5818103766610941
17350,4,770,1281.32,18.30457142857143,66,2011-10-19 16:05:00,2011-12-01 15:47:00,7,42,0.0930232558139534,2,1,0,0.4275724519406517
17351,3,113,587.15,21.746296296296297,22,2011-03-11 16:05:00,2011-11-03 18:45:00,35,237,0.0126050420168067,3,1,0,0.21166685057332144
17353,2,1200,1740.0,217.5,5,2011-07-08 16:17:00,2011-08-02 17:19:00,128,25,0.0769230769230769,2,1,1,0.6034168079500055
17354,1,1006,1393.06,87.06625,15,2011-10-20 10:34:00,2011-10-20 10:34:00,50,0,1.0,1,0,0,0.5422947012283171
17356,1,166,178.22,9.38,19,2011-02-01 11:07:00,2011-02-01 11:07:00,311,0,1.0,1,0,1,0.5572377996437724
17357,2,152,384.39,8.736136363636364,41,2011-11-15 16:29:00,2011-11-15 16:30:00,23,0,2.0,1,0,0,0.5443431111646708
17358,2,190,360.81,6.220862068965517,55,2010-12-19 14:16:00,2011-02-09 16:57:00,302,52,0.0377358490566037,2,1,1,0.4721525572702472
17359,1,161,127.86,8.524,13,2011-11-28 14:37:00,2011-11-28 14:37:00,10,0,1.0,1,0,0,0.5700880410324027
17360,3,328,568.24,4.54592,113,2011-06-08 17:09:00,2011-11-22 13:11:00,16,166,0.0179640718562874,2,1,0,0.18408867556521832
17361,3,157,488.2,16.834482758620688,26,2011-02-21 09:55:00,2011-10-21 15:43:00,48,242,0.0123456790123456,3,1,0,0.2001998830113163
17362,2,191,312.23,8.920857142857143,30,2011-02-03 10:26:00,2011-04-14 14:43:00,238,70,0.028169014084507,2,1,1,0.492032415216099
17364,11,2692,4462.68,10.991822660098522,288,2011-01-12 16:57:00,2011-12-09 09:00:00,0,330,0.0332326283987915,7,1,0,0.004984766617396273
17365,8,4749,4767.36,10.252387096774193,278,2011-01-11 12:11:00,2011-11-27 12:13:00,12,320,0.0249221183800623,7,1,0,0.005683059282564238
17367,1,149,167.55,5.077272727272728,33,2011-04-15 14:21:00,2011-04-15 14:21:00,237,0,1.0,1,0,1,0.5284112272401007
17368,8,1377,1878.87,17.559532710280372,93,2011-01-06 11:57:00,2011-11-16 15:26:00,22,314,0.0253968253968253,5,1,0,0.04614494757745075
17370,4,540,446.18,13.52060606060606,31,2011-06-23 11:50:00,2011-09-28 10:14:00,72,96,0.0412371134020618,2,1,0,0.4130627454897523
17371,3,151,418.4,4.865116279069767,83,2010-12-13 15:20:00,2011-11-22 13:30:00,16,343,0.0087209302325581,2,1,0,0.07600505389552352
17372,8,747,1337.18,5.3274103585657375,215,2010-12-12 12:00:00,2011-10-30 11:37:00,40,321,0.0248447204968944,5,1,0,0.01738158511154536
17373,4,408,646.92,11.349473684210526,47,2011-01-31 11:46:00,2011-10-30 15:28:00,39,272,0.0146520146520146,4,1,0,0.12536644621292828
17374,2,85,495.77,17.706071428571427,24,2011-03-03 12:53:00,2011-05-05 09:05:00,218,62,0.0317460317460317,2,1,1,0.51986681018009
17375,3,367,400.1,5.798550724637681,63,2010-12-13 15:16:00,2011-05-24 15:45:00,198,162,0.0184049079754601,3,1,1,0.24403103137851295
17376,2,86,203.2,8.466666666666667,23,2011-02-01 14:12:00,2011-09-30 12:36:00,70,240,0.0082987551867219,2,1,0,0.232939657566537
17377,20,2038,4058.32,10.045346534653463,190,2010-12-01 12:35:00,2011-11-16 11:17:00,23,349,0.0571428571428571,8,1,0,0.006254403874079513
17379,1,623,389.72,4.996410256410256,71,2011-11-28 13:56:00,2011-11-28 13:56:00,10,0,1.0,1,0,0,0.4383565557861717
17381,29,25649,20275.61,186.01477064220185,40,2010-12-02 12:58:00,2011-12-01 11:59:00,8,363,0.0796703296703296,13,1,0,0.0007932452145367312
17382,1,25,65.4,32.7,2,2011-10-05 13:05:00,2011-10-05 13:05:00,64,0,1.0,1,0,0,0.5965178534895459
17383,1,148,193.39,3.946734693877551,49,2011-12-05 17:36:00,2011-12-05 17:36:00,3,0,1.0,1,0,0,0.49471745874413803
17384,2,88,336.4,22.426666666666662,12,2011-05-04 16:07:00,2011-11-20 15:48:00,18,199,0.01,2,1,0,0.30870030198779896
17385,1,197,256.11,5.691333333333334,42,2011-11-25 11:02:00,2011-11-25 11:02:00,14,0,1.0,1,0,0,0.5079376856371243
17386,6,1902,2686.42,95.94357142857145,23,2011-06-27 12:11:00,2011-12-02 11:28:00,7,157,0.0379746835443038,4,1,0,0.23590788351506664
17387,2,522,746.81,9.826447368421052,71,2011-11-06 11:25:00,2011-11-20 11:00:00,19,13,0.1428571428571428,1,0,0,0.3650019176326981
17388,4,1068,1259.56,83.97066666666666,13,2011-02-25 12:28:00,2011-09-23 10:31:00,77,209,0.019047619047619,4,1,0,0.22062853532284926
17389,34,7612,31833.68,149.45389671361502,45,2011-01-12 15:48:00,2011-12-09 09:38:00,0,330,0.1027190332326284,11,1,0,0.0023168885173387626
17391,2,480,508.8,169.6,2,2011-06-28 12:21:00,2011-06-29 09:58:00,163,0,2.0,1,0,1,0.6232037095434955
17392,2,277,417.27,7.45125,53,2010-12-16 19:04:00,2011-02-06 12:48:00,306,51,0.0384615384615384,2,1,1,0.476065676201611
17394,1,241,203.87,50.967499999999994,4,2011-05-04 13:22:00,2011-05-04 13:22:00,218,0,1.0,1,0,1,0.5881133198504905
17396,8,2005,7330.8,271.5111111111111,24,2010-12-03 09:45:00,2011-10-31 14:12:00,38,332,0.024024024024024,3,1,0,0.06923345408955625
17397,2,250,681.41,7.65629213483146,88,2011-11-17 13:58:00,2011-11-17 14:08:00,21,0,2.0,1,0,0,0.4418412735443734
17398,3,310,653.38,17.19421052631579,30,2011-03-29 13:04:00,2011-08-17 09:48:00,114,140,0.0212765957446808,3,1,1,0.33217263244156864
17400,5,1088,2097.84,10.18368932038835,175,2010-12-21 17:16:00,2011-08-05 15:38:00,125,226,0.0220264317180616,4,1,1,0.05561614724840856
17402,13,701,2633.85,44.641525423728815,33,2010-12-05 13:53:00,2011-12-05 10:15:00,4,364,0.0356164383561643,9,1,0,0.030284024717054256
17403,1,111,263.92,8.2475,32,2011-11-03 15:18:00,2011-11-03 15:18:00,35,0,1.0,1,0,0,0.5304686561513607
17404,15,32748,31906.82,161.14555555555555,111,2010-12-14 13:28:00,2011-12-05 16:26:00,3,356,0.042016806722689,10,1,0,0.0004502666481526547
17405,3,726,1031.41,12.57817073170732,77,2011-07-12 14:17:00,2011-12-08 17:12:00,0,149,0.02,3,1,0,0.23101978011401259
17406,3,780,2184.42,19.67945945945946,99,2010-12-08 10:35:00,2011-01-10 15:07:00,332,33,0.088235294117647,2,1,1,0.38002651736179455
17408,1,3,32.65,16.325,2,2011-06-29 12:53:00,2011-06-29 12:53:00,162,0,1.0,1,0,1,0.5965100670349965
17409,2,105,771.85,59.37307692307692,13,2011-04-05 16:42:00,2011-06-08 10:36:00,184,63,0.03125,2,1,1,0.5399040853886086
17410,5,616,1214.72,18.98,57,2011-05-08 15:21:00,2011-11-23 15:46:00,15,199,0.025,4,1,0,0.17073632316960252
17411,3,306,778.94,18.998536585365855,39,2011-03-23 13:44:00,2011-11-27 14:25:00,11,249,0.012,3,1,0,0.17281739811431884
17412,7,738,1258.06,19.061515151515152,48,2010-12-02 16:29:00,2011-12-07 11:36:00,2,369,0.0189189189189189,6,1,0,0.046353400413771464
17414,2,2100,778.0,129.66666666666666,5,2011-06-08 11:43:00,2011-10-27 12:13:00,43,141,0.0140845070422535,2,1,0,0.3829865017765579
17415,1,114,507.84,36.27428571428571,14,2011-09-21 12:50:00,2011-09-21 12:50:00,79,0,1.0,1,0,0,0.566695960057973
17416,7,4302,6893.42,25.626096654275095,186,2011-03-03 13:45:00,2011-11-10 12:47:00,29,251,0.0277777777777777,6,1,0,0.02192821872916694
17418,2,289,463.46,15.448666666666668,29,2011-01-20 11:39:00,2011-10-28 13:00:00,41,281,0.0070921985815602,2,1,0,0.17342458668820243
17419,12,1876,4226.57,20.517330097087378,155,2010-12-07 15:03:00,2011-11-28 13:47:00,10,355,0.0337078651685393,8,1,0,0.011741925597343245
17420,3,265,598.83,19.961,28,2010-12-01 09:56:00,2011-10-20 14:52:00,49,323,0.0092592592592592,3,1,0,0.11937363949193112
17422,6,2253,1979.37,16.917692307692306,93,2011-02-16 14:44:00,2011-11-23 13:27:00,15,279,0.0214285714285714,6,1,0,0.055025623338302423
17423,2,459,698.41,26.861923076923077,26,2011-05-06 09:14:00,2011-10-24 13:36:00,45,171,0.0116279069767441,2,1,0,0.3183628172409334
17425,2,407,759.17,17.655116279069766,42,2011-10-10 11:37:00,2011-11-20 15:30:00,18,41,0.0476190476190476,2,1,0,0.5123953620313275
17426,6,3094,5037.26,18.58767527675277,179,2011-03-02 16:34:00,2011-12-01 18:07:00,7,274,0.0218181818181818,4,1,0,0.028850978810634673
17427,1,34,100.8,50.4,2,2011-09-29 11:29:00,2011-09-29 11:29:00,71,0,1.0,1,0,0,0.5967936017011092
17428,28,9474,17256.85,52.61234756097561,252,2010-12-06 09:37:00,2011-12-09 09:45:00,0,368,0.075880758807588,13,1,0,0.0005010229652758847
17429,3,624,524.9200000000001,13.459487179487182,36,2011-05-05 09:53:00,2011-08-03 13:22:00,127,90,0.0329670329670329,3,1,1,0.400064492480588
17430,2,190,265.76,18.982857142857146,14,2010-12-09 13:05:00,2011-11-07 09:24:00,32,332,0.006006006006006,2,1,0,0.14319937544228134
17431,1,292,403.3,9.37906976744186,41,2011-01-30 14:36:00,2011-01-30 14:36:00,312,0,1.0,1,0,1,0.5070621851156553
17432,2,207,365.76,7.62,44,2011-11-02 17:30:00,2011-11-21 17:33:00,17,19,0.1,1,0,0,0.4153359618092683
17433,1,185,303.15999999999997,5.6140740740740736,53,2011-09-12 14:24:00,2011-09-12 14:24:00,87,0,1.0,1,0,0,0.484733373414939
17434,7,1693,2373.82,17.715074626865672,100,2011-09-15 13:54:00,2011-12-07 13:16:00,1,82,0.0843373493975903,4,1,0,0.2134941626218586
17436,2,90,216.3,24.03333333333333,7,2011-04-27 11:33:00,2011-12-08 12:30:00,1,225,0.0088495575221238,2,1,0,0.27935435911294876
17438,1,103,388.4500000000001,22.85,17,2011-03-31 10:26:00,2011-03-31 10:26:00,253,0,1.0,1,0,1,0.5612200135299074
17440,3,246,186.42,37.284000000000006,3,2011-04-06 12:05:00,2011-07-06 11:54:00,156,90,0.0329670329670329,2,1,1,0.5020518551363832
17442,6,1496,2248.56,16.656,96,2011-02-22 13:02:00,2011-11-03 09:17:00,36,253,0.0236220472440944,6,1,0,0.06701724799724756
17443,1,504,534.24,534.24,1,2011-05-04 10:47:00,2011-05-04 10:47:00,219,0,1.0,1,0,1,0.6069449779869658
17444,3,2119,2940.04,21.778074074074073,132,2011-06-20 09:04:00,2011-07-15 12:05:00,147,25,0.1153846153846153,2,1,1,0.3035287452544753
17446,2,198,120.9,13.433333333333334,6,2011-02-02 14:40:00,2011-06-16 10:42:00,176,133,0.0149253731343283,2,1,1,0.4302368678333773
17447,2,443,541.53,15.0425,33,2011-09-29 10:10:00,2011-10-30 14:18:00,39,31,0.0625,2,1,0,0.5509668862688023
17449,7,1121,2519.21,9.127572463768116,178,2010-12-15 10:57:00,2011-12-07 16:56:00,1,357,0.0195530726256983,6,1,0,0.016282088121155728
17450,46,69973,194390.79,578.5440178571429,124,2010-12-07 09:23:00,2011-12-01 13:29:00,7,359,0.1277777777777777,12,1,0,1.3166079380115082e-08
17451,7,1203,1721.4,17.214000000000002,83,2011-08-26 11:54:00,2011-12-08 15:02:00,0,104,0.0666666666666666,5,1,0,0.20494660257078115
17453,2,219,486.72,25.616842105263157,19,2011-10-06 17:02:00,2011-11-22 09:42:00,17,46,0.0425531914893617,2,1,0,0.5573556389838304
17454,4,243,517.53,8.484098360655738,57,2010-12-15 10:54:00,2011-05-31 13:58:00,191,167,0.0238095238095238,4,1,1,0.22264812491366434
17455,1,66,131.7,16.4625,8,2011-05-20 12:31:00,2011-05-20 12:31:00,203,0,1.0,1,0,1,0.5823503689411283
17456,1,222,249.86,14.69764705882353,17,2010-12-09 15:23:00,2010-12-09 15:23:00,364,0,1.0,1,0,1,0.5599104048382856
17457,5,826,1737.7,91.4578947368421,14,2011-01-04 14:33:00,2011-08-05 12:48:00,126,212,0.0234741784037558,5,1,1,0.19319723569474023
17458,1,170,316.5,5.861111111111111,52,2011-11-24 13:01:00,2011-11-24 13:01:00,14,0,1.0,1,0,0,0.48699356329758053
17459,2,537,657.3,5.921621621621621,88,2011-10-10 17:00:00,2011-10-27 13:25:00,42,16,0.1176470588235294,1,0,0,0.32721654610499584
17460,6,236,622.4300000000001,21.463103448275863,18,2010-12-01 16:24:00,2011-09-06 15:04:00,93,278,0.021505376344086,5,1,1,0.12848398811768166
17461,3,770,735.82,6.941698113207548,104,2011-11-10 12:01:00,2011-11-17 10:21:00,22,6,0.4285714285714285,1,0,0,0.31161840255916273
17462,2,227,675.69,25.025555555555556,25,2011-02-28 17:01:00,2011-10-10 13:56:00,59,223,0.0089285714285714,2,1,0,0.24774358185089512
17463,5,1086,1875.86,9.018557692307692,162,2011-01-30 15:48:00,2011-11-23 13:40:00,15,296,0.0168350168350168,5,1,0,0.03510420892392641
17464,1,220,289.96000000000004,32.21777777777778,9,2011-07-04 13:19:00,2011-07-04 13:19:00,157,0,1.0,1,0,1,0.576759071942705
17466,2,306,763.28,18.61658536585366,41,2011-09-22 09:16:00,2011-11-29 13:15:00,9,68,0.0289855072463768,2,1,0,0.46687078948172017
17468,2,116,137.0,27.4,5,2011-11-25 12:52:00,2011-11-29 15:33:00,9,4,0.4,1,0,0,0.5416664765512259
17469,5,787,1870.97,21.261022727272728,61,2011-05-19 08:55:00,2011-11-23 13:15:00,15,188,0.0264550264550264,5,1,0,0.15935020694058605
17470,5,1675,1125.07,14.42397435897436,67,2010-12-07 09:57:00,2011-10-26 12:42:00,44,323,0.015432098765432,5,1,0,0.06122390057500996
17472,3,455,697.54,4.0088505747126435,142,2011-02-13 14:40:00,2011-06-01 14:57:00,190,108,0.0275229357798165,2,1,1,0.209893777182265
17475,1,178,194.37,13.883571428571427,14,2011-09-21 14:55:00,2011-09-21 14:55:00,78,0,1.0,1,0,0,0.5673585664884787
17480,1,338,511.82,17.64896551724138,29,2011-09-23 11:39:00,2011-09-23 11:39:00,77,0,1.0,1,0,0,0.5306261467734625
17481,4,1061,1255.59,15.312073170731706,69,2011-09-07 09:57:00,2011-12-06 12:28:00,3,90,0.0439560439560439,3,1,0,0.31298792985300955
17483,3,191,414.04,19.716190476190476,18,2011-06-09 19:40:00,2011-10-05 13:10:00,64,117,0.0254237288135593,3,1,0,0.3981561938367679
17486,1,191,396.87,16.53625,24,2011-03-23 14:00:00,2011-03-23 14:00:00,260,0,1.0,1,0,1,0.5447626516336546
17489,2,428,376.64,12.987586206896552,28,2011-05-11 11:34:00,2011-10-12 08:56:00,58,153,0.0129870129870129,2,1,0,0.3460902290394691
17490,7,1134,2092.32,27.530526315789476,63,2011-06-16 09:15:00,2011-12-09 09:08:00,0,175,0.0397727272727272,4,1,0,0.16523454660178563
17491,10,2013,3558.87,32.65018348623853,72,2010-12-07 12:18:00,2011-12-08 16:18:00,0,366,0.0272479564032697,8,1,0,0.023956647439536724
17492,1,155,374.57,31.214166666666667,12,2011-04-05 15:21:00,2011-04-05 15:21:00,247,0,1.0,1,0,1,0.5710185224484262
17495,2,229,497.56,18.42814814814815,21,2011-11-01 12:06:00,2011-12-02 12:08:00,7,31,0.0625,2,1,0,0.5801128880723759
17496,1,79,271.05,27.105,10,2010-12-16 08:39:00,2010-12-16 08:39:00,358,0,1.0,1,0,1,0.5772529859020274
17498,1,394,272.22,16.01294117647059,17,2011-09-25 12:25:00,2011-09-25 12:25:00,75,0,1.0,1,0,0,0.5565781694203121
17499,1,711,622.88,15.572,40,2011-02-23 09:14:00,2011-02-23 09:14:00,289,0,1.0,1,0,1,0.4995483826563639
17500,3,17,1138.0,227.6,3,2011-11-10 09:08:00,2011-11-22 14:25:00,16,12,0.2307692307692307,1,0,0,0.513207694952108
17501,2,160,288.6,16.033333333333335,18,2011-05-03 09:46:00,2011-05-03 09:47:00,220,0,2.0,1,0,1,0.5925225396152967
17502,4,376,689.1,24.610714285714288,25,2011-11-10 16:39:00,2011-11-30 13:13:00,8,19,0.2,1,0,0,0.4300789384615399
17503,2,486,558.96,14.709473684210527,36,2011-11-01 11:12:00,2011-12-07 09:18:00,2,35,0.0555555555555555,2,1,0,0.5362870647183499
17504,9,1664,2997.0299999999997,23.59866141732283,112,2011-01-21 11:09:00,2011-05-17 12:59:00,205,116,0.0769230769230769,4,1,1,0.14601354262338626
17505,2,556,1145.84,22.035384615384615,48,2011-05-18 09:01:00,2011-07-01 12:50:00,161,44,0.0444444444444444,2,1,1,0.4881565723526916
17506,1,139,302.2,21.585714285714285,14,2011-09-25 11:39:00,2011-09-25 11:39:00,75,0,1.0,1,0,0,0.5674440187475936
17507,2,359,605.58,6.881590909090909,79,2011-02-03 18:08:00,2011-03-23 11:48:00,261,47,0.0416666666666666,2,1,1,0.4262984365613149
17508,1,289,387.31,17.605,22,2011-03-04 08:10:00,2011-03-04 08:10:00,280,0,1.0,1,0,1,0.5472168770175752
17509,8,3512,6083.64,16.713296703296706,75,2011-10-07 13:14:00,2011-10-13 10:26:00,57,5,1.3333333333333333,1,0,0,0.2664020880373043
17510,1,214,308.48,15.424,20,2011-11-15 10:00:00,2011-11-15 10:00:00,24,0,1.0,1,0,0,0.5533692031431486
17511,31,64549,91062.38,94.5611422637591,453,2010-12-01 10:19:00,2011-12-07 10:12:00,2,370,0.0835579514824797,13,1,0,8.644281056016024e-08
17512,10,2753,2924.99,27.85704761904762,61,2011-02-11 12:22:00,2011-11-11 12:11:00,28,272,0.0366300366300366,7,1,0,0.05334334340603128
17513,1,254,513.2,85.53333333333335,6,2011-09-28 16:42:00,2011-09-28 16:42:00,71,0,1.0,1,0,0,0.5825500752080888
17514,1,135,208.65,5.2162500000000005,40,2011-08-03 15:45:00,2011-08-03 15:45:00,127,0,1.0,1,0,1,0.5136945607390206
17515,4,243,639.02,7.345057471264368,49,2011-01-25 14:33:00,2011-11-08 14:04:00,30,286,0.0139372822299651,4,1,0,0.11420892066920571
17516,5,414,764.88,5.665777777777778,113,2011-02-27 12:41:00,2011-11-24 16:51:00,14,270,0.018450184501845,4,1,0,0.07357390967714078
17517,1,102,153.94,13.994545454545454,11,2011-02-04 11:48:00,2011-02-04 11:48:00,308,0,1.0,1,0,1,0.575269492188007
17519,6,1236,1844.02,22.488048780487805,60,2010-12-06 15:18:00,2011-11-22 16:43:00,16,351,0.0170454545454545,6,1,0,0.047188244236466205
17520,1,365,546.81,18.226999999999997,30,2011-10-17 12:04:00,2011-10-17 12:04:00,53,0,1.0,1,0,0,0.5277435111308059
17521,3,519,723.2099999999999,16.07133333333333,38,2011-05-24 15:14:00,2011-11-10 11:22:00,29,169,0.0176470588235294,3,1,0,0.27019001805543824
17522,5,1034,1070.71,14.667260273972603,59,2011-05-05 16:31:00,2011-12-08 12:31:00,1,216,0.0230414746543778,4,1,0,0.14841562792758037
17523,4,872,652.74,19.78,25,2011-11-20 13:40:00,2011-11-28 13:20:00,10,7,0.5,1,0,0,0.4561478450574861
17524,1,90,145.0,24.166666666666668,6,2010-12-13 14:32:00,2010-12-13 14:32:00,360,0,1.0,1,0,1,0.5861869870085417
17525,1,82,422.7000000000001,46.96666666666667,9,2010-12-15 12:05:00,2010-12-15 12:05:00,359,0,1.0,1,0,1,0.5787397714706568
17526,4,310,1195.9,62.942105263157885,17,2010-12-09 12:20:00,2011-12-05 11:05:00,4,360,0.0110803324099723,3,1,0,0.0963534461487676
17527,4,488,939.37,19.98659574468085,45,2011-05-05 13:43:00,2011-10-17 12:32:00,53,164,0.0242424242424242,4,1,0,0.2386674608150934
17528,8,2138,3628.5,14.34189723320158,183,2011-09-29 13:04:00,2011-12-08 13:27:00,0,70,0.1126760563380281,4,1,0,0.115673878086648
17530,10,1514,2367.12,6.069538461538461,306,2010-12-09 20:01:00,2011-12-08 18:42:00,0,363,0.0274725274725274,8,1,0,0.003809299038064902
17531,1,136,296.7,21.192857142857143,14,2011-06-02 19:17:00,2011-06-02 19:17:00,189,0,1.0,1,0,1,0.5675316974508601
17534,1,103,223.36,24.817777777777778,9,2011-10-17 12:47:00,2011-10-17 12:47:00,53,0,1.0,1,0,0,0.5791796555535516
17535,1,136,164.4,12.646153846153847,13,2011-03-04 15:20:00,2011-03-04 15:20:00,279,0,1.0,1,0,1,0.5703992227704264
17536,1,6,76.5,25.5,3,2011-06-15 13:23:00,2011-06-15 13:23:00,176,0,1.0,1,0,1,0.59444407044381
17537,2,699,887.67,11.99554054054054,74,2011-02-09 13:37:00,2011-11-10 10:56:00,29,273,0.0072992700729927,2,1,0,0.12707129162034278
17538,1,134,98.42,10.935555555555556,9,2011-11-14 12:12:00,2011-11-14 12:12:00,25,0,1.0,1,0,0,0.5791285627393853
17540,2,194,578.9,23.156,20,2011-01-27 14:35:00,2011-11-15 11:56:00,24,291,0.0068493150684931,2,1,0,0.17448275887305711
17542,1,134,170.75,6.83,24,2011-03-15 11:45:00,2011-03-15 11:45:00,269,0,1.0,1,0,1,0.5474483512394747
17545,3,337,642.32,4.555460992907801,122,2011-10-27 13:48:00,2011-10-27 14:04:00,42,0,3.0,1,0,0,0.40486122568979876
17548,1,58,103.3,20.66,5,2011-04-20 12:01:00,2011-04-20 12:01:00,233,0,1.0,1,0,1,0.5890162366851329
17549,2,210,148.86,24.81,5,2011-10-19 10:05:00,2011-11-16 09:59:00,23,27,0.0714285714285714,2,1,0,0.6231356611855758
17550,3,86,267.16,6.360952380952382,42,2011-04-10 15:19:00,2011-05-26 14:09:00,196,45,0.0652173913043478,2,1,1,0.5040782361613472
17551,1,142,290.34,7.444615384615384,39,2010-12-15 14:12:00,2010-12-15 14:12:00,358,0,1.0,1,0,1,0.5150051534165911
17552,4,719,930.41,18.987959183673468,43,2010-12-02 18:45:00,2011-10-10 17:00:00,59,311,0.0128205128205128,3,1,0,0.10613837148857802
17553,1,1048,1487.6,743.8,2,2011-08-02 10:00:00,2011-08-02 10:00:00,129,0,1.0,1,0,1,0.5956323135148944
17554,5,1763,1952.45,22.18693181818182,58,2011-07-14 20:01:00,2011-12-08 14:15:00,0,146,0.0340136054421768,5,1,0,0.19628059539153328
17555,2,348,480.31,4.574380952380952,101,2011-01-09 12:31:00,2011-11-20 12:22:00,19,314,0.0063492063492063,2,1,0,0.08249010534259239
17556,1,101,157.9,26.316666666666663,6,2011-05-18 10:48:00,2011-05-18 10:48:00,205,0,1.0,1,0,1,0.5859639208779824
17557,3,306,541.46,15.92529411764706,27,2011-09-19 14:23:00,2011-11-25 12:57:00,13,66,0.044776119402985,3,1,0,0.4673401328909077
17560,4,635,854.95,32.88269230769231,22,2011-02-02 11:14:00,2011-09-06 09:18:00,94,215,0.0185185185185185,4,1,1,0.2071246174247
17561,1,144,165.12,3.669333333333334,44,2011-11-20 12:53:00,2011-11-20 12:53:00,18,0,1.0,1,0,0,0.5054936691455809
17562,7,817,1122.38,17.81555555555556,48,2011-06-19 13:06:00,2011-11-25 14:21:00,13,159,0.04375,6,1,0,0.18161917737687672
17564,3,146,454.01,9.265510204081632,38,2011-09-20 14:00:00,2011-11-15 13:27:00,23,55,0.0535714285714285,3,1,0,0.46809760891850405
17566,2,497,869.77,6.125140845070423,113,2011-11-14 13:42:00,2011-12-01 19:54:00,7,17,0.1111111111111111,2,1,0,0.40802728268913807
17567,8,2632,4331.48,26.251393939393935,110,2010-12-02 15:18:00,2011-12-02 15:48:00,6,365,0.0218579234972677,8,1,0,0.01800111941096085
17569,1,159,344.14,11.866896551724135,29,2011-01-11 14:15:00,2011-01-11 14:15:00,331,0,1.0,1,0,1,0.5352460469751011
17571,4,876,1425.67,5.260774907749078,247,2011-02-14 15:15:00,2011-10-20 15:57:00,49,248,0.0160642570281124,4,1,0,0.02912178285806857
17572,4,95,226.75000000000003,18.895833333333336,7,2010-12-01 12:51:00,2011-09-29 17:53:00,70,302,0.0132013201320132,3,1,0,0.15550017161021382
17573,3,308,380.6,15.224,24,2011-09-07 10:36:00,2011-11-10 13:01:00,28,64,0.0461538461538461,2,1,0,0.5017417793520916
17574,1,77,185.65,23.20625,8,2011-04-11 09:47:00,2011-04-11 09:47:00,242,0,1.0,1,0,1,0.5819586382287426
17576,19,1967,3564.83,8.86773631840796,245,2010-12-09 16:57:00,2011-12-01 17:56:00,7,357,0.053072625698324,13,1,0,0.0025279576017191935
17578,1,138,143.45999999999998,28.691999999999997,5,2011-05-05 18:38:00,2011-05-05 18:38:00,217,0,1.0,1,0,1,0.5875470509546461
17579,3,258,448.9,8.978000000000002,46,2011-06-13 14:12:00,2011-12-05 12:28:00,4,174,0.0171428571428571,3,1,0,0.2557158510142672
17580,3,88,215.72,4.793777777777778,43,2010-12-16 15:27:00,2011-04-01 12:41:00,252,105,0.0283018867924528,3,1,1,0.37220035501042853
17581,25,5915,11025.24,25.11444191343963,229,2010-12-02 14:47:00,2011-12-09 12:21:00,0,371,0.0672043010752688,10,1,0,0.0014739655694571423
17582,1,123,175.27,6.043793103448277,28,2011-04-17 13:18:00,2011-04-17 13:18:00,235,0,1.0,1,0,1,0.5392768604650932
17584,2,458,1242.3,35.494285714285716,30,2011-08-04 14:12:00,2011-12-02 17:12:00,6,120,0.0165289256198347,2,1,0,0.39075127654089087
17585,4,1650,1116.68,5.368653846153847,176,2011-01-05 15:09:00,2011-08-22 13:30:00,108,228,0.0174672489082969,4,1,1,0.056511215067882085
17588,3,676,1240.2,53.92173913043479,19,2011-04-21 10:31:00,2011-08-31 13:37:00,99,132,0.0225563909774436,3,1,1,0.35643173397859634
17589,4,1631,2404.17,9.502648221343874,172,2011-04-13 13:47:00,2011-10-10 16:58:00,59,180,0.0220994475138121,4,1,0,0.07731681828064595
17590,3,822,1468.02,7.489897959183673,162,2011-10-30 14:05:00,2011-12-07 12:55:00,1,37,0.0789473684210526,3,1,0,0.2462839773289146
17591,7,1000,2203.67,14.03611464968153,81,2010-12-07 15:39:00,2011-09-27 13:42:00,72,293,0.0238095238095238,7,1,0,0.05223781903758896
17593,5,3089,3923.86,18.50877358490566,190,2010-12-22 10:29:00,2011-12-06 10:30:00,3,349,0.0142857142857142,5,1,0,0.015451898241741552
17594,2,550,993.18,19.8636,42,2011-03-30 10:32:00,2011-09-15 16:34:00,84,169,0.0117647058823529,2,1,0,0.2891493638599157
17595,2,228,386.69,4.715731707317073,68,2011-11-02 16:19:00,2011-11-27 16:08:00,11,24,0.08,1,0,0,0.3577022992504065
17596,7,4376,2806.69,10.591283018867925,168,2010-12-06 12:34:00,2011-11-16 14:11:00,22,345,0.0202312138728323,6,1,0,0.01498209839810334
17597,1,1176,2044.37,37.17036363636364,55,2011-05-10 11:54:00,2011-05-10 11:54:00,213,0,1.0,1,0,1,0.4476076952497598
17600,1,144,161.67000000000002,12.436153846153848,13,2011-11-22 09:43:00,2011-11-22 09:43:00,17,0,1.0,1,0,0,0.570267260195473
17601,1,103,116.01,12.89,9,2011-04-14 18:02:00,2011-04-14 18:02:00,238,0,1.0,1,0,1,0.5796236092377391
17602,6,4116,5054.42,9.173176043557168,335,2011-01-19 16:18:00,2011-12-07 13:53:00,1,321,0.0186335403726708,6,1,0,0.004386607544607662
17603,1,74,394.72,35.88363636363636,11,2011-09-22 14:18:00,2011-09-22 14:18:00,77,0,1.0,1,0,0,0.5745759709036623
17604,2,169,309.36,4.91047619047619,57,2011-01-31 15:09:00,2011-05-06 13:43:00,216,94,0.0210526315789473,2,1,1,0.39385256551208203
17608,2,229,191.99,3.4283928571428572,54,2011-11-06 13:00:00,2011-11-06 13:06:00,32,0,2.0,1,0,0,0.5173451629001183
17609,5,719,1105.78,4.745836909871245,199,2011-01-16 16:23:00,2011-10-30 12:28:00,40,286,0.0174216027874564,4,1,0,0.0321846065287715
17611,15,2550,3961.12,6.986102292768959,440,2010-12-13 13:52:00,2011-12-02 13:29:00,6,353,0.0423728813559322,12,1,0,0.0006377048082360629
17612,6,1808,2048.45,15.173703703703705,116,2011-02-15 10:40:00,2011-10-17 14:59:00,52,244,0.0244897959183673,6,1,0,0.059972163055302695
17613,14,2490,4544.55,14.851470588235294,211,2011-02-07 11:20:00,2011-11-17 10:51:00,22,282,0.0494699646643109,9,1,0,0.009772788207696302
17614,1,235,386.32,3.9420408163265304,97,2011-10-13 16:01:00,2011-10-13 16:01:00,56,0,1.0,1,0,0,0.39264448009695346
17615,3,140,329.6,23.542857142857144,13,2011-05-01 15:33:00,2011-08-01 14:06:00,129,91,0.0326086956521739,2,1,1,0.47941161449242903
17616,3,224,571.1999999999999,190.4,1,2010-12-07 10:04:00,2011-06-19 10:11:00,173,194,0.0153846153846153,3,1,1,0.3086226897880694
17618,3,319,930.28,13.884776119402984,56,2010-12-12 16:05:00,2011-12-04 11:50:00,5,356,0.0084033613445378,3,1,0,0.07669882732083633
17619,1,124,214.37,2.896891891891892,71,2011-01-31 14:18:00,2011-01-31 14:18:00,311,0,1.0,1,0,1,0.4491030128909551
17620,1,60,81.44,20.36,4,2011-10-11 12:08:00,2011-10-11 12:08:00,59,0,1.0,1,0,0,0.5911834394046795
17621,3,514,1379.9,53.073076923076925,24,2010-12-20 13:31:00,2011-11-18 17:11:00,20,333,0.0089820359281437,3,1,0,0.11120065029220456
17623,1,265,527.0500000000001,15.971212121212124,33,2011-11-07 11:32:00,2011-11-07 11:32:00,32,0,1.0,1,0,0,0.5234416466882374
17624,2,554,843.48,16.869600000000002,49,2011-05-05 17:59:00,2011-11-25 10:52:00,14,203,0.0098039215686274,2,1,0,0.23163428154697904
17625,4,1180,2020.4,6.602614379084968,223,2011-03-27 12:21:00,2011-11-21 13:36:00,17,239,0.0166666666666666,4,1,0,0.03608047740446955
17628,1,79,75.75,15.15,5,2011-09-19 15:21:00,2011-09-19 15:21:00,80,0,1.0,1,0,0,0.5886429542265188
17629,8,1629,1814.12,14.748943089430892,106,2010-12-15 09:58:00,2011-12-04 10:56:00,5,354,0.0225352112676056,8,1,0,0.023639825140415224
17630,2,158,503.6,19.369230769230768,24,2011-04-21 14:03:00,2011-06-23 11:58:00,169,62,0.0317460317460317,2,1,1,0.5184988800587347
17631,3,334,528.33,13.546923076923076,39,2011-04-21 13:22:00,2011-12-08 09:47:00,1,230,0.0129870129870129,3,1,0,0.1942808479994321
17633,4,644,1324.84,18.92628571428571,59,2011-08-11 15:43:00,2011-11-08 13:25:00,30,88,0.0449438202247191,3,1,0,0.3410808062302165
17634,9,838,2358.59,7.96820945945946,209,2011-01-06 12:45:00,2011-11-03 13:09:00,35,301,0.0298013245033112,8,1,0,0.014656297453460995
17636,1,182,285.56,14.278,20,2011-11-20 14:40:00,2011-11-20 14:40:00,18,0,1.0,1,0,0,0.5541205519127889
17637,2,280,547.0600000000001,15.630285714285716,35,2011-08-16 13:25:00,2011-11-08 12:51:00,30,83,0.0238095238095238,2,1,0,0.4545288887737021
17639,1,49,108.5,15.5,7,2011-03-08 15:22:00,2011-03-08 15:22:00,275,0,1.0,1,0,1,0.5848582553317472
17640,1,250,621.66,124.332,5,2011-09-14 09:13:00,2011-09-14 09:13:00,86,0,1.0,1,0,0,0.5853518197344786
17642,2,474,712.29,17.80725,34,2011-06-16 12:55:00,2011-08-12 09:11:00,119,56,0.0350877192982456,2,1,1,0.5006626154625249
17643,1,71,101.55,12.69375,8,2010-12-01 14:38:00,2010-12-01 14:38:00,372,0,1.0,1,0,1,0.5823654881449098
17644,11,1793,2895.64,18.443566878980892,102,2011-03-24 09:44:00,2011-12-08 13:43:00,0,259,0.0423076923076923,8,1,0,0.039432819406516155
17646,3,323,1008.39,19.77235294117647,46,2010-12-09 14:28:00,2011-05-04 13:17:00,218,145,0.0205479452054794,3,1,1,0.2927827531506832
17647,1,30,133.06,19.00857142857143,7,2011-10-05 15:38:00,2011-10-05 15:38:00,64,0,1.0,1,0,0,0.5851370666618947
17648,4,487,1797.5,19.752747252747252,81,2011-04-04 10:29:00,2011-10-10 09:41:00,60,188,0.0211640211640211,3,1,0,0.17168220460882705
17649,1,399,868.49,16.70173076923077,52,2011-07-24 15:53:00,2011-07-24 15:53:00,137,0,1.0,1,0,1,0.4781382746162457
17650,1,150,166.08,20.76,8,2011-11-18 14:52:00,2011-11-18 14:52:00,20,0,1.0,1,0,0,0.5806924853268111
17651,10,3112,3945.0,17.004310344827587,149,2011-06-15 15:57:00,2011-11-28 10:29:00,11,165,0.0602409638554216,5,1,0,0.06196744018469449
17652,12,2509,4867.72,18.794285714285714,118,2011-03-03 14:05:00,2011-11-14 12:55:00,24,255,0.046875,7,1,0,0.032983007517534205
17653,4,1409,1207.56,27.44454545454545,44,2011-08-11 15:24:00,2011-11-03 12:46:00,36,83,0.0476190476190476,3,1,0,0.3662927558830992
17654,1,41,117.55,5.343181818181818,22,2011-03-07 13:17:00,2011-03-07 13:17:00,276,0,1.0,1,0,1,0.5537332587027075
17655,7,1116,2638.94,28.99934065934066,66,2010-12-08 16:45:00,2011-11-29 11:34:00,10,355,0.0196629213483146,6,1,0,0.041071276032316924
17656,5,1399,1674.69,20.423048780487804,67,2011-08-03 10:45:00,2011-09-27 13:04:00,72,55,0.0892857142857142,2,1,0,0.37667297691533475
17658,2,616,595.42,31.337894736842102,17,2011-05-12 15:23:00,2011-11-14 12:07:00,25,185,0.010752688172043,2,1,0,0.31121401718880193
17659,12,1525,2999.46,18.98392405063291,127,2010-12-02 16:46:00,2011-11-22 13:29:00,16,354,0.0338028169014084,7,1,0,0.017498299157420804
17660,1,121,178.75,4.703947368421052,37,2011-07-21 13:37:00,2011-07-21 13:37:00,140,0,1.0,1,0,1,0.5204733927878349
17663,7,797,1802.91,20.96406976744186,63,2011-02-25 14:11:00,2011-11-14 08:56:00,25,261,0.0267175572519083,6,1,0,0.0837242474769299
17664,2,604,604.64,14.061395348837207,41,2011-05-11 14:17:00,2011-11-21 11:29:00,18,193,0.0103092783505154,2,1,0,0.25817525271669617
17666,2,596,728.16,40.45333333333333,14,2011-10-05 11:06:00,2011-12-06 09:06:00,3,61,0.032258064516129,2,1,0,0.5318501758551453
17667,5,1033,2055.51,17.71991379310345,85,2011-02-14 09:24:00,2011-10-04 14:32:00,65,232,0.0214592274678111,4,1,0,0.10758492600408014
17668,2,93,347.75,23.183333333333337,14,2011-11-01 14:45:00,2011-12-08 13:25:00,0,36,0.054054054054054,2,1,0,0.5892024949406202
17669,7,1916,3406.7200000000003,50.09882352941177,45,2011-04-04 10:11:00,2011-10-28 08:53:00,42,206,0.0338164251207729,6,1,0,0.12114472986927194
17670,1,110,205.7,18.7,11,2011-04-26 09:12:00,2011-04-26 09:12:00,227,0,1.0,1,0,1,0.5748629467592624
17671,4,772,1572.71,29.67377358490566,40,2010-12-09 14:27:00,2011-11-24 12:21:00,15,349,0.0114285714285714,4,1,0,0.07599013569681627
17672,2,1690,3178.17,28.892454545454545,105,2011-02-03 13:29:00,2011-10-20 14:18:00,49,259,0.0076923076923076,2,1,0,0.09617298476075059
17673,6,1462,1594.97,7.316376146788991,118,2011-01-23 15:16:00,2011-12-08 12:50:00,1,318,0.018808777429467,5,1,0,0.040305295885854076
17674,2,672,551.04,20.40888888888889,19,2010-12-06 10:20:00,2011-09-26 13:35:00,73,294,0.0067796610169491,2,1,0,0.16758099537092214
17675,31,8360,20374.28,28.89968794326241,239,2010-12-07 13:22:00,2011-12-08 18:03:00,0,366,0.0844686648501362,13,1,0,0.00047518897584430015
17676,6,922,1371.18,17.807532467532468,49,2010-12-08 13:49:00,2011-12-05 15:16:00,3,362,0.0165289256198347,4,1,0,0.0590860561466854
17677,30,9772,16345.38,53.94514851485148,178,2010-12-06 08:42:00,2011-12-08 09:56:00,1,367,0.0815217391304347,13,1,0,0.0008618168432141514
17678,1,207,298.11,18.631875,16,2011-03-21 11:52:00,2011-03-21 11:52:00,263,0,1.0,1,0,1,0.5619845770662841
17679,2,729,1992.11,66.40366666666667,29,2011-09-15 10:35:00,2011-10-18 07:43:00,52,32,0.0606060606060606,2,1,0,0.5411637203491815
17680,1,96,184.4,16.763636363636365,11,2011-11-16 12:42:00,2011-11-16 12:42:00,23,0,1.0,1,0,0,0.5752269109665737
17682,6,1367,2474.33,20.968898305084743,48,2010-12-06 13:35:00,2011-11-29 15:59:00,9,358,0.0167130919220055,6,1,0,0.04794343789860395
17684,1,145,239.41,15.960666666666668,15,2011-10-27 11:10:00,2011-10-27 11:10:00,43,0,1.0,1,0,0,0.5655992830757277
17685,7,1907,3155.83,24.849055118110236,88,2010-12-02 14:42:00,2011-11-23 11:36:00,16,355,0.0196629213483146,6,1,0,0.03187357948796431
17686,7,2478,5739.46,20.06804195804196,205,2011-02-10 10:18:00,2011-12-02 15:39:00,6,295,0.0236486486486486,5,1,0,0.017910532601993705
17690,15,1769,4726.8,18.757142857142856,186,2010-12-01 16:15:00,2011-11-09 15:17:00,29,342,0.0437317784256559,9,1,0,0.00782341645684497
17691,2,134,290.40000000000003,15.28421052631579,18,2010-12-06 11:10:00,2010-12-16 17:20:00,357,10,0.1818181818181818,1,0,1,0.49132362931928986
17692,4,672,740.9399999999999,16.107391304347825,34,2010-12-15 13:37:00,2011-08-04 14:01:00,126,232,0.0171673819742489,4,1,1,0.1726166586875435
17693,1,231,200.47,12.529375,16,2011-07-25 15:48:00,2011-07-25 15:48:00,136,0,1.0,1,0,1,0.5621540669510104
17694,1,184,283.12,18.874666666666663,15,2011-07-21 12:00:00,2011-07-21 12:00:00,141,0,1.0,1,0,1,0.5646125926409105
17695,2,779,765.34,21.866857142857143,30,2011-06-21 12:35:00,2011-07-31 10:40:00,131,39,0.05,2,1,1,0.5342949568120331
17696,8,1756,2285.71,19.875739130434784,78,2010-12-10 09:51:00,2011-11-01 13:43:00,37,326,0.0244648318042813,6,1,0,0.042073199244460804
17697,1,93,338.95,17.839473684210525,19,2011-04-17 15:40:00,2011-04-17 15:40:00,235,0,1.0,1,0,1,0.5575103024847948
17698,1,93,154.95,19.36875,8,2011-03-24 11:34:00,2011-03-24 11:34:00,260,0,1.0,1,0,1,0.5817745634469912
17700,4,1266,2534.64,17.84957746478873,116,2011-03-03 16:34:00,2011-11-23 11:51:00,16,264,0.0150943396226415,4,1,0,0.06951270783280601
17701,1,109,417.95,17.414583333333333,24,2011-04-01 12:25:00,2011-04-01 12:25:00,252,0,1.0,1,0,1,0.5461380780545334
17702,4,1353,1824.37,24.653648648648648,58,2011-05-17 16:23:00,2011-11-09 16:03:00,29,175,0.0227272727272727,4,1,0,0.19078772813015055
17703,3,590,798.74,14.522545454545456,47,2011-07-24 13:30:00,2011-11-04 15:51:00,34,103,0.0288461538461538,3,1,0,0.35456625211900716
17704,2,343,885.19,28.554516129032255,27,2011-04-14 09:28:00,2011-06-24 09:40:00,168,71,0.0277777777777777,2,1,1,0.4892606253195954
17705,9,963,1823.52,17.70407766990291,63,2011-02-11 10:57:00,2011-12-06 13:45:00,2,298,0.0301003344481605,8,1,0,0.04957836843479028
17706,17,3899,10504.49,27.498664921465966,270,2010-12-08 11:02:00,2011-12-05 13:34:00,3,362,0.046831955922865,7,1,0,0.002549035586385184
17707,2,144,152.4,30.48,3,2011-01-07 13:30:00,2011-06-07 15:03:00,184,151,0.0131578947368421,2,1,1,0.4061068141447322
17708,2,90,263.33,7.744999999999999,28,2011-01-19 10:09:00,2011-06-05 10:12:00,187,137,0.0144927536231884,2,1,1,0.37943915847875176
17709,1,17,137.45,19.635714285714283,7,2011-06-23 11:55:00,2011-06-23 11:55:00,169,0,1.0,1,0,1,0.5853620989250374
17711,2,246,385.1,16.743478260869566,22,2011-02-23 11:32:00,2011-11-29 11:40:00,10,279,0.0071428571428571,2,1,0,0.18508992469995159
17712,1,215,522.91,18.031379310344825,29,2011-10-26 12:28:00,2011-10-26 12:28:00,44,0,1.0,1,0,0,0.5328438297554132
17714,1,92,153.0,15.3,10,2011-01-23 10:32:00,2011-01-23 10:32:00,320,0,1.0,1,0,1,0.5775597399151052
17715,1,384,326.4,326.4,1,2011-05-23 12:32:00,2011-05-23 12:32:00,200,0,1.0,1,0,1,0.602170846204816
17716,11,3072,5655.99,23.085673469387753,171,2011-03-17 10:38:00,2011-11-17 12:00:00,22,245,0.0447154471544715,6,1,0,0.0246042494556299
17718,1,83,139.35,23.225,6,2011-04-21 13:39:00,2011-04-21 13:39:00,231,0,1.0,1,0,1,0.5863244555090409
17719,15,2466,5396.04,19.693576642335767,111,2011-03-29 11:29:00,2011-11-02 10:36:00,37,217,0.0688073394495412,8,1,0,0.03580690407268922
17720,4,576,1195.94,23.9188,39,2010-12-07 10:43:00,2011-11-13 15:04:00,25,341,0.0116959064327485,4,1,0,0.08282983407264087
17722,4,1595,2424.04,21.078608695652175,111,2010-12-08 12:41:00,2011-09-04 15:22:00,95,270,0.014760147601476,4,1,1,0.06812541012056109
17723,6,792,3276.4000000000005,327.64000000000004,4,2011-05-09 14:44:00,2011-08-04 18:37:00,126,87,0.0681818181818181,4,1,1,0.40059458998220954
17724,3,300,1033.0,25.825,38,2011-07-24 13:26:00,2011-09-29 15:26:00,70,67,0.0441176470588235,2,1,0,0.4616947533955447
17725,11,2162,3439.08,17.911875,115,2011-03-17 19:47:00,2011-11-23 16:34:00,15,250,0.0438247011952191,9,1,0,0.0330369837906784
17727,1,645,1060.25,16.064393939393938,66,2011-11-24 17:06:00,2011-11-24 17:06:00,14,0,1.0,1,0,0,0.4427003782892037
17728,3,1469,2876.01,17.430363636363637,153,2011-09-14 11:39:00,2011-12-06 08:52:00,3,82,0.036144578313253,3,1,0,0.18630398538805773
17730,13,3576,5298.4800000000005,24.304954128440368,127,2011-01-17 14:49:00,2011-12-06 15:43:00,2,323,0.0401234567901234,10,1,0,0.012550314649365308
17731,4,493,1240.11,18.509104477611935,54,2011-06-09 14:18:00,2011-09-21 15:02:00,78,104,0.0380952380952381,3,1,0,0.3276119984099024
17732,1,93,303.97,16.887222222222224,18,2010-12-02 09:29:00,2010-12-02 09:29:00,372,0,1.0,1,0,1,0.5598463028459089
17733,2,463,692.19,19.776857142857143,33,2011-03-23 09:54:00,2011-11-01 08:16:00,38,222,0.0089686098654708,2,1,0,0.23332340912014773
17734,3,422,700.63,16.293720930232556,40,2011-04-20 10:04:00,2011-10-17 12:33:00,53,180,0.0165745856353591,3,1,0,0.25316580505909697
17735,19,8439,13110.02,19.00002898550725,319,2010-12-07 10:32:00,2011-12-07 16:47:00,1,365,0.0519125683060109,13,1,0,0.0005594468206139691
17736,3,238,377.44,15.0976,24,2011-08-18 14:33:00,2011-11-30 15:36:00,8,104,0.0285714285714285,3,1,0,0.4080658904948705
17737,2,108,168.24,16.824,8,2011-10-12 14:42:00,2011-11-30 15:16:00,8,49,0.04,2,1,0,0.5790202085087518
17738,4,1029,1879.05,19.37164948453608,89,2011-03-02 16:26:00,2011-11-20 15:05:00,18,262,0.0152091254752851,3,1,0,0.0980156065656378
17739,7,861,2791.35,59.39042553191489,29,2010-12-14 14:26:00,2011-11-28 09:12:00,11,348,0.0200573065902578,6,1,0,0.05888393234611167
17742,2,89,355.11,23.674,13,2011-01-11 10:04:00,2011-08-18 15:28:00,112,219,0.009090909090909,2,1,1,0.276963077877326
17744,6,3412,2322.4,17.076470588235296,110,2010-12-16 14:17:00,2011-12-06 12:11:00,3,354,0.0169014084507042,5,1,0,0.02834022495932629
17746,1,29,110.25,18.375,6,2011-04-13 14:31:00,2011-04-13 14:31:00,239,0,1.0,1,0,1,0.5873592221329956
17747,1,12,71.4,71.4,1,2011-08-19 08:13:00,2011-08-19 08:13:00,112,0,1.0,1,0,1,0.6003468606156502
17749,2,320,674.52,19.272,33,2011-03-28 13:39:00,2011-06-14 15:45:00,177,78,0.0253164556962025,2,1,1,0.4659715364401353
17750,9,3747,1710.45,9.29592391304348,101,2011-06-28 15:44:00,2011-12-04 14:09:00,4,158,0.0566037735849056,7,1,0,0.08546300614859792
17752,1,192,80.64,80.64,1,2010-12-15 16:19:00,2010-12-15 16:19:00,358,0,1.0,1,0,1,0.597406628783254
17754,5,1816,1664.65,18.703932584269666,82,2011-03-24 13:54:00,2011-12-09 11:20:00,0,259,0.0192307692307692,5,1,0,0.08146635759667034
17757,30,3318,5593.39,7.558635135135136,275,2010-12-02 17:17:00,2011-12-08 15:31:00,0,370,0.0808625336927223,13,1,0,0.0008938396187757712
17758,8,2054,3408.2000000000003,8.436138613861386,310,2011-04-03 15:22:00,2011-11-20 14:45:00,18,230,0.0346320346320346,6,1,0,0.011695584948923385
17759,3,697,819.96,9.110666666666669,82,2011-06-23 13:35:00,2011-11-22 16:02:00,16,152,0.0196078431372549,2,1,0,0.2378689883089233
17760,2,239,287.59,11.5036,25,2010-12-01 15:08:00,2011-11-18 10:56:00,21,351,0.0056818181818181,2,1,0,0.1167144108909244
17761,1,398,712.78,37.514736842105265,19,2011-11-07 10:23:00,2011-11-07 10:23:00,32,0,1.0,1,0,0,0.5493262988446649
17763,1,12,15.0,15.0,1,2011-03-21 14:25:00,2011-03-21 14:25:00,262,0,1.0,1,0,1,0.5984579649378611
17764,2,351,772.55,10.880985915492955,71,2011-05-12 16:11:00,2011-10-20 11:03:00,50,160,0.0124223602484472,2,1,0,0.2581521252349075
17765,3,143,367.63,6.564821428571428,51,2011-03-28 11:58:00,2011-07-04 12:41:00,158,98,0.0303030303030303,3,1,1,0.36628287821578326
17767,1,128,271.2,12.914285714285716,21,2011-11-24 14:42:00,2011-11-24 14:42:00,14,0,1.0,1,0,0,0.5531267635006749
17768,3,1122,2081.9,21.243877551020407,77,2011-06-26 13:46:00,2011-12-01 13:22:00,7,157,0.0189873417721519,3,1,0,0.20964302880740493
17769,10,1850,3957.43,13.017861842105262,200,2011-01-23 11:15:00,2011-11-27 11:18:00,12,308,0.0323624595469255,6,1,0,0.015076560061891743
17770,5,365,1143.27,30.086052631578948,33,2011-03-02 13:35:00,2011-05-25 12:34:00,198,83,0.0595238095238095,2,1,1,0.41871647782266136
17771,2,287,245.81,4.552037037037037,51,2011-01-20 14:13:00,2011-10-14 11:43:00,56,266,0.0074906367041198,2,1,0,0.1636819973802568
17772,2,55,173.45,3.469,50,2011-11-29 10:57:00,2011-11-29 11:05:00,10,0,2.0,1,0,0,0.5291239880191765
17774,4,508,1213.73,7.932875816993464,123,2011-02-07 13:13:00,2011-09-04 12:49:00,96,208,0.0191387559808612,4,1,1,0.10484795495991862
17775,1,72,56.4,18.8,3,2011-03-30 10:50:00,2011-03-30 10:50:00,254,0,1.0,1,0,1,0.5931402597028201
17777,3,501,647.56,3.408210526315789,141,2011-08-31 14:35:00,2011-11-15 12:02:00,24,75,0.0394736842105263,3,1,0,0.23666935765777694
17779,3,396,650.32,8.028641975308643,73,2011-07-19 12:19:00,2011-11-18 14:15:00,20,122,0.024390243902439,3,1,0,0.2817982187342731
17781,2,34,188.02,15.668333333333337,12,2011-03-31 19:54:00,2011-07-03 16:00:00,158,93,0.0212765957446808,2,1,1,0.49224585554121814
17783,2,354,283.47,4.23089552238806,67,2011-04-06 10:07:00,2011-09-28 16:07:00,71,175,0.0113636363636363,2,1,0,0.24710880938597915
17785,1,67,131.94,10.149230769230767,13,2011-10-17 13:43:00,2011-10-17 13:43:00,52,0,1.0,1,0,0,0.5718522255035583
17786,2,195,266.85,3.9242647058823534,57,2011-01-26 14:35:00,2011-09-15 12:51:00,84,231,0.0086206896551724,2,1,0,0.1942703325659124
17787,4,896,1817.54,14.19953125,94,2010-12-03 13:43:00,2011-07-10 11:24:00,152,218,0.0182648401826484,4,1,1,0.11667093317543256
17788,2,211,1117.9,223.58,3,2011-08-02 10:38:00,2011-09-27 10:09:00,73,55,0.0357142857142857,2,1,0,0.5769943809877671
17789,1,74,225.9,16.135714285714286,14,2011-03-03 13:14:00,2011-03-03 13:14:00,280,0,1.0,1,0,1,0.5690909762799348
17790,14,835,1964.3,10.393121693121692,121,2010-12-10 10:47:00,2011-11-13 11:30:00,26,338,0.0412979351032448,8,1,0,0.018691093932046602
17791,1,46,106.1,10.61,10,2011-11-10 12:09:00,2011-11-10 12:09:00,29,0,1.0,1,0,0,0.5786194634293762
17793,1,226,300.34,5.77576923076923,49,2011-11-14 14:24:00,2011-11-14 14:24:00,24,0,1.0,1,0,0,0.49235614349435064
17795,2,305,342.83,7.618444444444444,43,2011-03-20 12:02:00,2011-06-13 12:36:00,179,85,0.0232558139534883,2,1,1,0.43544574342660036
17796,4,176,690.0,8.518518518518519,63,2010-12-05 12:23:00,2011-10-30 15:38:00,39,329,0.0121212121212121,3,1,0,0.08468362563979069
17797,3,498,780.43,7.0309009009009005,102,2011-06-10 11:29:00,2011-11-17 13:21:00,21,160,0.0186335403726708,2,1,0,0.2020461785015517
17799,10,1753,3039.17,7.522698019801981,280,2010-12-13 13:10:00,2011-11-17 15:16:00,21,339,0.0294117647058823,7,1,0,0.005909073154079636
17800,9,732,1187.21,11.526310679611653,51,2011-01-09 13:50:00,2011-11-02 12:57:00,36,296,0.0303030303030303,8,1,0,0.057378556634570727
17802,3,752,1285.04,9.178857142857142,102,2010-12-02 13:44:00,2011-09-18 14:56:00,81,290,0.0103092783505154,3,1,0,0.07998031460446657
17805,1,478,512.31,51.230999999999995,10,2011-09-27 11:49:00,2011-09-27 11:49:00,73,0,1.0,1,0,0,0.5687989870826398
17806,1,727,546.04,12.698604651162787,43,2011-11-28 14:12:00,2011-11-28 14:12:00,10,0,1.0,1,0,0,0.4935500289793987
17809,12,2057,5411.91,88.71983606557377,46,2010-12-01 09:41:00,2011-11-23 12:59:00,15,357,0.0335195530726257,8,1,0,0.027108722174563366
17811,39,4146,7761.82,9.374178743961352,359,2011-01-10 10:58:00,2011-12-05 13:46:00,3,329,0.1181818181818181,12,1,0,0.0003713893577887469
17812,4,329,699.81,5.261729323308271,113,2010-12-06 15:27:00,2011-11-27 11:47:00,12,355,0.0112359550561797,2,1,0,0.05184084050105272
17813,5,752,1698.07,4.879511494252873,297,2011-09-29 15:57:00,2011-11-25 16:13:00,13,57,0.0862068965517241,3,1,0,0.07657009216152302
17816,4,30,36.56,2.150588235294118,16,2010-12-09 14:10:00,2011-11-03 11:34:00,36,328,0.0121580547112462,4,1,0,0.11520030396535495
17817,3,67,387.68,11.747878787878788,32,2011-03-07 17:30:00,2011-12-05 14:39:00,3,272,0.0109890109890109,2,1,0,0.1750885261834099
17819,7,1031,3704.87,77.18479166666667,36,2010-12-03 14:26:00,2011-09-29 10:52:00,71,299,0.0233333333333333,6,1,0,0.07454280347996614
17824,1,408,298.4,22.95384615384615,13,2011-10-19 14:14:00,2011-10-19 14:14:00,50,0,1.0,1,0,0,0.5646257075497169
17827,5,1240,1987.33,9.24339534883721,190,2010-12-10 10:18:00,2011-12-04 15:00:00,4,359,0.0138888888888888,3,1,0,0.0211697847050926
17828,4,667,1820.09,27.1655223880597,54,2011-06-08 08:31:00,2011-11-17 08:41:00,22,162,0.0245398773006134,3,1,0,0.23635983036158634
17829,1,496,889.24,29.641333333333332,30,2011-02-14 12:46:00,2011-02-14 12:46:00,298,0,1.0,1,0,1,0.5226703936752449
17830,3,92,398.7,17.33478260869565,18,2011-02-24 10:15:00,2011-12-08 12:28:00,1,287,0.0104166666666666,3,1,0,0.16315696370856672
17831,1,12,35.400000000000006,17.700000000000003,2,2011-11-06 15:09:00,2011-11-06 15:09:00,32,0,1.0,1,0,0,0.5963813267580933
17832,1,208,155.37,2.547049180327869,61,2011-10-21 11:43:00,2011-10-21 11:43:00,49,0,1.0,1,0,0,0.4688227258025756
17835,3,344,342.24,5.800677966101695,45,2011-11-16 16:30:00,2011-12-07 11:48:00,2,20,0.1428571428571428,2,1,0,0.5408656872383384
17836,1,88,110.21,4.592083333333334,23,2011-10-23 16:13:00,2011-10-23 16:13:00,46,0,1.0,1,0,0,0.5508251795705927
17837,8,510,1541.23,9.513765432098763,110,2011-06-29 16:44:00,2011-10-28 16:13:00,41,120,0.0661157024793388,4,1,0,0.16866376346040327
17838,5,1831,2720.8,23.254700854700857,96,2010-12-02 15:55:00,2011-11-13 11:20:00,26,345,0.0144508670520231,4,1,0,0.042796223515593645
17839,1,257,318.15,6.11826923076923,50,2011-10-28 17:27:00,2011-10-28 17:27:00,41,0,1.0,1,0,0,0.4895359359531054
17841,124,22834,40519.84,5.2787701928087545,1323,2010-12-01 14:41:00,2011-12-08 12:07:00,1,371,0.3333333333333333,13,1,0,1.045006490407877e-10
17843,1,113,205.48,5.553513513513513,36,2011-02-09 15:33:00,2011-02-09 15:33:00,302,0,1.0,1,0,1,0.5225043480587959
17844,1,52,51.559999999999995,10.312,5,2011-08-25 11:27:00,2011-08-25 11:27:00,106,0,1.0,1,0,1,0.5891419963914447
17846,1,1,2033.1,2033.1,1,2011-09-15 15:20:00,2011-09-15 15:20:00,84,0,1.0,1,0,0,0.6640397999543028
17848,9,398,901.2,17.670588235294115,41,2010-12-16 18:38:00,2011-09-19 16:49:00,80,276,0.0324909747292418,8,1,0,0.0735080375469952
17849,4,114,605.8000000000001,23.300000000000004,14,2011-01-10 11:59:00,2011-05-05 13:46:00,217,115,0.0344827586206896,4,1,1,0.3765116157436557
17850,34,1733,5391.21,18.15222222222222,21,2010-12-01 08:26:00,2010-12-02 15:27:00,371,1,17.0,1,0,1,0.7862572560350263
17852,2,53,114.34,4.764166666666667,21,2011-11-28 12:31:00,2011-11-28 12:36:00,11,0,2.0,1,0,0,0.5894600106350708
17854,2,84,311.26,20.750666666666667,15,2011-04-26 16:53:00,2011-06-07 16:21:00,184,41,0.0476190476190476,2,1,1,0.5784983979557885
17855,1,197,208.97,12.292352941176471,17,2010-12-02 09:44:00,2010-12-02 09:44:00,372,0,1.0,1,0,1,0.5606369800611197
17856,4,842,1418.03,94.53533333333333,12,2011-03-03 11:40:00,2011-12-08 09:40:00,1,279,0.0142857142857142,3,1,0,0.16055359380445192
17857,23,19256,26879.04,497.76,19,2010-12-09 11:35:00,2011-12-05 13:13:00,3,361,0.0635359116022099,11,1,0,0.0020544348172096038
17858,12,2694,5140.66,26.09472081218274,101,2010-12-05 13:08:00,2011-12-04 11:56:00,5,363,0.0329670329670329,9,1,0,0.014410907315202308
17859,1,102,141.92000000000002,6.170434782608696,23,2011-02-08 10:32:00,2011-02-08 10:32:00,304,0,1.0,1,0,1,0.5503469608288568
17860,1,93,226.45,4.354807692307693,49,2010-12-06 12:41:00,2010-12-06 12:41:00,368,0,1.0,1,0,1,0.49546687139716594
17861,8,1985,2097.88,9.579360730593608,172,2011-01-24 11:34:00,2011-12-06 16:21:00,2,316,0.0252365930599369,5,1,0,0.022774553990799504
17862,1,100,330.9,30.08181818181818,11,2011-01-20 12:23:00,2011-01-20 12:23:00,323,0,1.0,1,0,1,0.5744185111208673
17863,6,2638,3160.0,21.35135135135135,110,2010-12-05 13:21:00,2011-10-11 13:45:00,58,310,0.0192926045016077,6,1,0,0.036232368063628416
17864,3,706,554.85,6.165,70,2011-03-09 11:44:00,2011-11-27 11:15:00,12,262,0.0114068441064638,3,1,0,0.12530443179306494
17865,20,5757,10526.32,28.449513513513512,191,2010-12-10 14:53:00,2011-11-09 12:08:00,30,333,0.059880239520958,11,1,0,0.0031715260169130326
17866,1,174,329.65,36.62777777777777,9,2011-07-20 11:07:00,2011-07-20 11:07:00,142,0,1.0,1,0,1,0.5774384509454562
17867,6,508,1157.87,17.027500000000003,62,2011-02-24 12:25:00,2011-11-09 14:15:00,29,258,0.0231660231660231,4,1,0,0.11044295268064895
17869,5,111,428.18,10.7045,37,2010-12-06 17:16:00,2011-08-24 16:16:00,106,260,0.0191570881226053,4,1,1,0.1431821586586533
17870,12,1351,1865.89,6.910703703703704,214,2010-12-08 08:12:00,2011-12-07 15:07:00,1,364,0.0328767123287671,7,1,0,0.008361933315148997
17871,1,182,155.9,15.59,10,2011-05-19 11:32:00,2011-05-19 11:32:00,204,0,1.0,1,0,1,0.5758951169907618
17873,5,1035,1848.96,42.99906976744186,24,2010-12-01 14:54:00,2011-09-20 16:41:00,79,293,0.0170068027210884,5,1,0,0.10650627203928878
17874,6,221,683.46,14.857826086956525,37,2011-03-29 11:25:00,2011-06-07 12:54:00,184,70,0.0845070422535211,3,1,1,0.40652933660222434
17877,1,98,237.61,19.800833333333333,12,2011-06-22 13:00:00,2011-06-22 13:00:00,169,0,1.0,1,0,1,0.5728003441089984
17878,1,401,379.45,14.59423076923077,26,2011-10-27 11:24:00,2011-10-27 11:24:00,43,0,1.0,1,0,0,0.536761990959343
17879,1,45,178.51999999999998,29.75333333333333,6,2011-06-19 12:36:00,2011-06-19 12:36:00,173,0,1.0,1,0,1,0.5869487006610592
17880,1,314,458.92,17.65076923076923,26,2010-12-10 10:21:00,2010-12-10 10:21:00,364,0,1.0,1,0,1,0.5377996756570249
17881,1,32,133.35000000000002,16.668750000000003,8,2011-02-08 17:16:00,2011-02-08 17:16:00,303,0,1.0,1,0,1,0.582965921908122
17883,4,374,664.34,4.6784507042253525,133,2011-04-07 19:16:00,2011-12-06 17:49:00,2,242,0.0164609053497942,4,1,0,0.07985114579971425
17884,4,817,695.0699999999999,6.151061946902654,107,2010-12-03 12:11:00,2011-12-06 11:33:00,3,367,0.0108695652173913,3,1,0,0.04429554520650196
17885,1,110,156.34,2.949811320754717,50,2011-11-27 14:40:00,2011-11-27 14:40:00,11,0,1.0,1,0,0,0.4936349567454436
17886,3,469,869.28,8.52235294117647,93,2011-04-04 12:34:00,2011-11-08 10:09:00,31,217,0.0137614678899082,3,1,0,0.14140688288500092
17887,1,30,111.35,11.135,10,2011-08-02 17:29:00,2011-08-02 17:29:00,128,0,1.0,1,0,1,0.5788884119893504
17888,8,973,716.0,11.015384615384615,60,2010-12-17 13:56:00,2011-11-18 13:45:00,20,335,0.0238095238095238,7,1,0,0.04663507688595631
17889,2,77,201.37,10.0685,20,2011-01-21 17:14:00,2011-05-11 16:26:00,211,109,0.0181818181818181,2,1,1,0.44555261595462603
17890,2,402,586.89,6.449340659340659,88,2010-12-13 15:12:00,2011-01-21 11:19:00,322,38,0.0512820512820512,2,1,1,0.4235668476965175
17891,1,393,203.86,5.995882352941176,34,2011-06-30 20:08:00,2011-06-30 20:08:00,161,0,1.0,1,0,1,0.5214617981355029
17892,3,109,244.1,8.717857142857143,27,2011-07-07 12:56:00,2011-10-14 16:49:00,55,99,0.03,2,1,0,0.4366264957266183
17893,1,149,107.21,7.147333333333333,15,2011-04-28 13:50:00,2011-04-28 13:50:00,224,0,1.0,1,0,1,0.5663305674516326
17894,8,404,1118.96,5.827916666666667,127,2010-12-08 14:50:00,2011-09-29 09:23:00,71,294,0.0271186440677966,4,1,0,0.04846374334918096
17895,1,127,95.45,6.363333333333333,15,2011-10-26 17:00:00,2011-10-26 17:00:00,43,0,1.0,1,0,0,0.5668082056267756
17896,1,288,256.32,128.16,2,2011-11-16 13:59:00,2011-11-16 13:59:00,22,0,1.0,1,0,0,0.5941234673208001
17897,3,222,541.8100000000001,5.01675925925926,100,2010-12-01 12:31:00,2011-06-20 11:23:00,172,200,0.0149253731343283,2,1,1,0.16561722633893702
17898,2,190,152.06,5.430714285714286,27,2011-05-16 17:13:00,2011-09-15 14:56:00,84,121,0.0163934426229508,2,1,0,0.40814742983942015
17899,1,170,154.55,4.985483870967743,29,2011-07-03 14:58:00,2011-07-03 14:58:00,158,0,1.0,1,0,1,0.5364615415932826
17900,2,73,112.2,18.7,4,2011-06-02 14:28:00,2011-06-02 14:38:00,189,0,2.0,1,0,1,0.6236234133541969
17901,1,24,110.38,5.809473684210526,19,2011-11-10 17:29:00,2011-11-10 17:29:00,28,0,1.0,1,0,0,0.5603249984805292
17904,1,59,181.07,5.325588235294117,33,2011-11-18 12:57:00,2011-11-18 12:57:00,20,0,1.0,1,0,0,0.5299843587453841
17905,4,406,798.99,24.21181818181818,33,2010-12-01 13:21:00,2011-09-29 17:33:00,70,302,0.0132013201320132,3,1,0,0.12423609261780684
17906,1,26,72.9,6.075,12,2011-04-06 17:25:00,2011-04-06 17:25:00,246,0,1.0,1,0,1,0.5750040688421924
17908,1,169,232.03,4.2968518518518515,51,2010-12-01 11:45:00,2010-12-01 11:45:00,373,0,1.0,1,0,1,0.48980444942264917
17911,1,223,366.23,9.39051282051282,39,2011-11-30 14:52:00,2011-11-30 14:52:00,8,0,1.0,1,0,0,0.5128774972545267
17912,5,184,310.06,8.38,35,2010-12-10 11:11:00,2011-02-02 14:25:00,309,54,0.0909090909090909,2,1,1,0.47764659148420935
17913,2,288,408.65,7.0456896551724135,55,2010-12-19 11:35:00,2011-10-12 10:45:00,58,296,0.0067340067340067,2,1,0,0.13161920693838572
17914,1,457,329.36,4.391466666666667,72,2011-12-06 11:58:00,2011-12-06 11:58:00,3,0,1.0,1,0,0,0.43988603926718167
17917,3,184,335.03,3.641630434782608,77,2010-12-12 12:08:00,2011-10-25 13:20:00,44,317,0.0094339622641509,3,1,0,0.08690234450554506
17919,1,756,1304.04,56.697391304347825,23,2011-09-12 13:41:00,2011-09-12 13:41:00,87,0,1.0,1,0,0,0.5298057809785872
17920,17,2473,4119.5,6.1947368421052635,407,2010-12-01 11:49:00,2011-12-05 14:29:00,3,369,0.0459459459459459,10,1,0,0.0008189463992377657
17921,4,425,820.23,5.776267605633803,114,2011-03-18 13:19:00,2011-10-06 18:56:00,63,202,0.0197044334975369,4,1,0,0.1186187859624352
17923,1,50,207.50000000000003,207.50000000000003,1,2011-03-02 15:15:00,2011-03-02 15:15:00,281,0,1.0,1,0,1,0.6042098442891816
17924,7,1160,2962.5,95.56451612903226,26,2010-12-01 10:51:00,2011-11-28 09:11:00,11,361,0.0193370165745856,4,1,0,0.0642919310245661
17925,1,72,244.08,244.08,1,2010-12-02 10:10:00,2010-12-02 10:10:00,372,0,1.0,1,0,1,0.6050342465805186
17926,2,306,397.29,18.91857142857143,17,2011-05-20 09:24:00,2011-07-29 14:39:00,132,70,0.028169014084507,2,1,1,0.5167122795410684
17928,2,140,212.54,9.240869565217391,23,2011-04-07 18:03:00,2011-10-25 13:52:00,44,200,0.0099502487562189,2,1,0,0.2875853774449699
17929,4,108,843.0,168.6,4,2011-02-04 11:40:00,2011-11-28 16:01:00,10,297,0.0134228187919463,4,1,0,0.15181489638362172
17930,5,1594,1740.48,44.62769230769231,26,2011-04-14 15:46:00,2011-11-04 10:23:00,35,203,0.0245098039215686,5,1,0,0.1778946057610808
17931,2,249,408.36,6.282461538461539,63,2011-03-29 12:31:00,2011-07-28 18:33:00,133,121,0.0163934426229508,2,1,1,0.33483564665009596
17932,3,789,1331.57,14.795222222222222,84,2011-05-12 13:58:00,2011-11-10 19:49:00,28,182,0.0163934426229508,3,1,0,0.18017099880874893
17934,2,478,704.25,33.535714285714285,21,2011-10-12 10:50:00,2011-10-19 11:16:00,51,7,0.25,1,0,0,0.48420189601747265
17935,2,82,145.79,5.027241379310345,28,2011-07-21 11:23:00,2011-07-24 13:18:00,137,3,0.5,1,0,1,0.4997031949975232
17936,1,257,380.13,5.279583333333333,68,2011-12-04 13:32:00,2011-12-04 13:32:00,4,0,1.0,1,0,0,0.4514451312927579
17937,7,1754,4301.22,100.02837209302326,19,2010-12-12 14:43:00,2011-12-01 11:45:00,8,353,0.019774011299435,6,1,0,0.05524774901643475
17939,1,40,99.14,8.261666666666667,12,2011-07-03 12:27:00,2011-07-03 12:27:00,159,0,1.0,1,0,1,0.5746067180889861
17940,10,9323,4020.04,223.33555555555552,6,2011-02-10 09:29:00,2011-10-21 13:27:00,48,253,0.0393700787401574,7,1,0,0.058528677155803836
17941,1,252,304.56,152.28,2,2011-08-01 08:30:00,2011-08-01 08:30:00,130,0,1.0,1,0,1,0.59537409739401
17942,1,38,77.50000000000001,38.75000000000001,2,2011-12-02 10:45:00,2011-12-02 10:45:00,7,0,1.0,1,0,0,0.5964326008609386
17946,2,75,149.57999999999998,7.478999999999999,18,2011-03-25 14:34:00,2011-04-20 17:00:00,232,26,0.074074074074074,2,1,1,0.6008286574175044
17947,1,168,176.68,19.63111111111111,9,2011-11-02 13:05:00,2011-11-02 13:05:00,36,0,1.0,1,0,0,0.5781817251784003
17948,1,144,358.56000000000006,358.56000000000006,1,2011-07-15 12:58:00,2011-07-15 12:58:00,146,0,1.0,1,0,1,0.607553967999518
17949,45,30546,58510.48,835.864,29,2010-12-03 13:12:00,2011-12-08 18:46:00,0,370,0.1212938005390835,13,1,0,7.451297449325356e-05
17950,3,366,482.2,6.791549295774648,63,2010-12-09 15:16:00,2011-09-28 15:18:00,71,293,0.010204081632653,2,1,0,0.12049612383719083
17951,3,616,1008.54,50.42700000000001,18,2010-12-01 12:40:00,2011-10-31 12:30:00,39,333,0.0089820359281437,2,1,0,0.12669467730195433
17954,12,2221,2314.13,4.851425576519916,326,2010-12-03 14:18:00,2011-12-04 14:15:00,4,365,0.0327868852459016,9,1,0,0.0025057463517149455
17955,4,273,557.3,29.331578947368417,14,2011-05-04 12:29:00,2011-05-25 12:00:00,198,20,0.1904761904761904,1,0,1,0.45385085944867315
17956,1,1,12.75,12.75,1,2011-04-04 13:47:00,2011-04-04 13:47:00,248,0,1.0,1,0,1,0.5985812143800574
17957,1,287,111.68,3.6025806451612907,31,2011-10-04 14:58:00,2011-10-04 14:58:00,65,0,1.0,1,0,0,0.530438740427889
17958,1,84,508.4599999999999,72.63714285714285,7,2011-08-15 12:19:00,2011-08-15 12:19:00,116,0,1.0,1,0,1,0.5831131236994324
17960,1,41,73.78,2.8376923076923077,26,2011-06-21 14:15:00,2011-06-21 14:15:00,170,0,1.0,1,0,1,0.5457383582877575
17961,39,560,1296.44,5.206586345381527,211,2010-12-02 19:18:00,2011-11-18 16:55:00,20,350,0.1111111111111111,11,1,0,0.0019943552259202714
17962,1,127,102.41,3.0120588235294115,33,2011-07-20 14:16:00,2011-07-20 14:16:00,141,0,1.0,1,0,1,0.5293254938662405
17964,2,294,463.21,4.726632653061224,84,2010-12-02 13:32:00,2011-11-08 10:44:00,31,340,0.0058651026392961,2,1,0,0.07945602298490077
17965,14,1532,2599.19,7.997507692307693,274,2010-12-05 15:54:00,2011-11-02 09:31:00,37,331,0.0421686746987951,9,1,0,0.004686662347247941
17966,5,2571,1098.43,16.15338235294118,53,2011-03-23 17:25:00,2011-11-02 10:26:00,37,223,0.0223214285714285,4,1,0,0.13426038235930773
17967,1,73,112.27,2.673095238095238,41,2010-12-03 11:19:00,2010-12-03 11:19:00,371,0,1.0,1,0,1,0.5135367136258067
17968,1,151,265.1,3.27283950617284,74,2010-12-01 12:23:00,2010-12-01 12:23:00,373,0,1.0,1,0,1,0.4419615758338853
17969,2,152,228.2,16.3,14,2010-12-13 15:34:00,2011-06-26 13:00:00,165,194,0.0102564102564102,2,1,1,0.3124382698486514
17970,1,513,562.79,19.40655172413793,27,2011-05-12 20:03:00,2011-05-12 20:03:00,210,0,1.0,1,0,1,0.5311301797742183
17972,1,36,135.19,4.506333333333333,30,2011-04-12 12:16:00,2011-04-12 12:16:00,241,0,1.0,1,0,1,0.5370407758388858
17973,1,176,337.04,22.469333333333335,15,2011-10-19 10:34:00,2011-10-19 10:34:00,51,0,1.0,1,0,0,0.5644317657283244
17974,3,500,703.99,4.266606060606061,143,2011-05-04 11:50:00,2011-11-15 11:37:00,24,194,0.0153846153846153,3,1,0,0.11378306388399534
17975,13,1565,4483.26,15.30122866894198,189,2010-12-08 11:38:00,2011-11-24 13:27:00,14,351,0.0369318181818181,10,1,0,0.007338499622712593
17976,1,93,321.79,5.645438596491228,56,2010-12-02 13:49:00,2010-12-02 13:49:00,371,0,1.0,1,0,1,0.48002583182274383
17977,1,342,288.14,13.72095238095238,19,2011-11-10 13:28:00,2011-11-10 13:28:00,28,0,1.0,1,0,0,0.5531683684193941
17978,1,499,300.91999999999996,25.076666666666664,12,2010-12-09 14:05:00,2010-12-09 14:05:00,364,0,1.0,1,0,1,0.5650697725574289
17979,4,383,732.41,5.30731884057971,116,2011-03-25 11:34:00,2011-11-04 12:05:00,35,224,0.0177777777777777,3,1,0,0.11078958687578727
17980,3,682,811.45,27.048333333333336,23,2010-12-15 15:50:00,2011-06-27 12:01:00,165,193,0.0154639175257731,3,1,1,0.2582083159596197
17984,1,98,152.68,3.1808333333333336,48,2011-07-17 15:59:00,2011-07-17 15:59:00,144,0,1.0,1,0,1,0.49808589292072464
17985,1,171,631.35,30.064285714285717,20,2011-11-17 14:24:00,2011-11-17 14:24:00,21,0,1.0,1,0,0,0.5518896097166586
17986,1,10,20.8,20.8,1,2011-10-14 14:22:00,2011-10-14 14:22:00,55,0,1.0,1,0,0,0.5986884644289099
17987,1,261,198.57,15.274615384615384,13,2011-06-07 14:22:00,2011-06-07 14:22:00,184,0,1.0,1,0,1,0.5679028606743269
17988,7,43,201.12,5.292631578947368,37,2011-01-17 11:59:00,2011-11-28 11:00:00,11,314,0.0222222222222222,4,1,0,0.0943784970675676
17990,3,414,630.84,21.753103448275866,27,2010-12-13 12:10:00,2011-04-17 11:44:00,236,124,0.024,2,1,1,0.3843527575473685
17991,2,25,93.35,18.67,4,2011-04-27 16:39:00,2011-04-28 15:58:00,224,0,2.0,1,0,1,0.6246300043301735
17994,4,495,674.89,8.542911392405063,63,2011-02-22 11:02:00,2011-08-10 11:41:00,121,169,0.0235294117647058,4,1,1,0.20756820825986483
17995,1,133,76.1,38.05,2,2011-03-03 12:30:00,2011-03-03 12:30:00,281,0,1.0,1,0,1,0.5946954553402685
17997,8,2273,1962.46,11.966219512195122,133,2011-06-28 17:28:00,2011-09-26 16:13:00,73,89,0.0888888888888888,3,1,0,0.1659445156073565
17999,2,219,380.39,4.18010989010989,87,2010-12-08 15:17:00,2011-11-02 15:56:00,36,329,0.006060606060606,2,1,0,0.08417812625009431
18001,2,362,415.13,7.282982456140351,56,2011-09-14 11:21:00,2011-11-27 16:02:00,11,74,0.0266666666666666,2,1,0,0.42668559960715274
18004,1,75,157.92,4.268108108108108,32,2010-12-12 13:47:00,2010-12-12 13:47:00,361,0,1.0,1,0,1,0.5319322000933894
18005,2,86,226.47,4.273018867924528,52,2011-10-23 14:40:00,2011-12-06 11:51:00,3,43,0.0454545454545454,2,1,0,0.4980854824425226
18006,1,220,444.68,20.212727272727275,21,2011-11-16 16:52:00,2011-11-16 16:52:00,22,0,1.0,1,0,0,0.5501670628127603
18008,9,1581,2116.19,70.53966666666666,24,2011-01-25 12:26:00,2011-09-30 15:17:00,69,248,0.036144578313253,5,1,0,0.11548835220200276
18009,1,125,247.39,7.98032258064516,31,2011-04-18 13:36:00,2011-04-18 13:36:00,234,0,1.0,1,0,1,0.5324281131371752
18010,1,60,174.8,12.485714285714286,14,2011-03-28 12:27:00,2011-03-28 12:27:00,256,0,1.0,1,0,1,0.5696490930312184
18011,1,71,102.79,3.671071428571428,28,2010-12-01 17:35:00,2010-12-01 17:35:00,372,0,1.0,1,0,1,0.5408015215775616
18013,2,285,187.29,6.041612903225806,31,2011-07-07 14:08:00,2011-07-07 14:11:00,154,0,2.0,1,0,1,0.5641969540068862
18014,1,66,162.22,5.407333333333333,29,2011-11-11 15:28:00,2011-11-11 15:28:00,27,0,1.0,1,0,0,0.5383535124275722
18015,1,157,120.03,2.6093478260869567,46,2011-12-05 14:49:00,2011-12-05 14:49:00,3,0,1.0,1,0,0,0.5014325137741518
18016,5,1027,1477.66,12.111967213114754,90,2010-12-10 17:14:00,2011-11-07 13:25:00,31,331,0.0150602409638554,5,1,0,0.0499831327177725
18017,3,300,523.0,174.33333333333334,1,2011-02-02 13:57:00,2011-09-19 16:15:00,80,229,0.0130434782608695,3,1,0,0.2561058549937416
18018,2,55,122.14,4.211724137931035,29,2011-05-24 13:22:00,2011-08-23 17:37:00,107,91,0.0217391304347826,2,1,1,0.4601133431821773
18019,1,7,38.45,7.69,5,2011-10-19 12:10:00,2011-10-19 12:10:00,51,0,1.0,1,0,0,0.5899646015051279
18022,1,703,612.72,3.73609756097561,141,2011-11-04 12:45:00,2011-11-04 12:45:00,35,0,1.0,1,0,0,0.2999105420433926
18024,2,184,389.78,18.56095238095238,21,2011-07-10 12:28:00,2011-07-10 12:40:00,152,0,2.0,1,0,1,0.5852238376518267
18027,1,78,115.31,5.490952380952381,21,2011-09-02 10:38:00,2011-09-02 10:38:00,98,0,1.0,1,0,1,0.5551392458920017
18030,2,67,230.65,25.627777777777776,8,2011-10-28 13:55:00,2011-12-05 16:37:00,3,38,0.0512820512820512,2,1,0,0.5993052389106368
18032,1,42,73.5,14.7,5,2011-01-09 15:32:00,2011-01-09 15:32:00,333,0,1.0,1,0,1,0.589316867673255
18033,1,252,93.82,2.8430303030303032,32,2011-10-05 17:28:00,2011-10-05 17:28:00,64,0,1.0,1,0,0,0.529139561894359
18034,2,559,418.68,3.8061818181818183,99,2011-11-18 12:08:00,2011-11-18 12:22:00,21,0,2.0,1,0,0,0.41580798294448046
18035,3,584,713.89,14.569183673469388,44,2011-10-27 17:48:00,2011-11-04 12:39:00,35,7,0.375,2,1,0,0.5693416642530033
18036,3,232,403.12,4.288510638297873,77,2011-04-08 11:26:00,2011-11-07 14:40:00,31,213,0.014018691588785,3,1,0,0.16703049241206255
18037,6,20,70.02,3.685263157894737,19,2010-12-12 16:20:00,2011-07-08 13:39:00,153,207,0.0288461538461538,5,1,1,0.20167204085493326
18040,2,148,357.20000000000005,18.8,18,2011-04-08 08:27:00,2011-11-20 14:20:00,18,226,0.0088105726872246,2,1,0,0.2578211428945966
18041,21,3758,4097.37,8.94622270742358,285,2010-12-02 11:21:00,2011-11-28 11:39:00,11,361,0.0580110497237569,11,1,0,0.0016502712070117739
18042,1,33,165.04999999999998,23.578571428571426,7,2011-10-17 11:49:00,2011-10-17 11:49:00,53,0,1.0,1,0,0,0.5849939305457785
18043,3,265,529.29,4.6025217391304345,106,2010-12-08 12:35:00,2011-11-15 12:48:00,24,342,0.0087463556851311,3,1,0,0.057968207426766935
18044,10,1033,2088.6,16.445669291338582,88,2010-12-14 12:25:00,2011-12-05 14:26:00,3,356,0.0280112044817927,8,1,0,0.02547398334615893
18045,1,138,178.34,4.147441860465117,43,2011-10-25 13:07:00,2011-10-25 13:07:00,44,0,1.0,1,0,0,0.5075974656631009
18048,2,127,172.29000000000002,24.612857142857145,6,2011-05-20 14:54:00,2011-05-20 14:58:00,202,0,2.0,1,0,1,0.6184595568849073
18050,1,40,74.4,14.88,5,2010-12-15 14:25:00,2010-12-15 14:25:00,358,0,1.0,1,0,1,0.5893529581688858
18053,1,302,300.02,15.001,20,2011-09-30 09:05:00,2011-09-30 09:05:00,70,0,1.0,1,0,0,0.5517920129010002
18055,10,2452,6761.34,18.88642458100559,223,2010-12-05 10:52:00,2011-12-02 14:25:00,6,362,0.0275482093663911,7,1,0,0.00668386598772296
18056,1,211,363.65,19.139473684210525,19,2011-02-24 14:27:00,2011-02-24 14:27:00,287,0,1.0,1,0,1,0.5551550876052802
18058,1,88,170.16,56.72,3,2011-11-30 08:38:00,2011-11-30 08:38:00,9,0,1.0,1,0,0,0.5934578770371743
18059,3,258,306.46,17.025555555555556,17,2011-10-03 09:30:00,2011-11-16 16:49:00,22,44,0.0666666666666666,2,1,0,0.5548837853003159
18061,10,955,2119.41,46.0741304347826,18,2010-12-08 13:03:00,2011-11-18 11:20:00,21,344,0.0289855072463768,10,1,0,0.04121389781189521
18062,3,396,720.52,26.685925925925925,23,2011-01-06 10:03:00,2011-06-19 14:47:00,172,164,0.0181818181818181,3,1,1,0.30559244085833565
18064,2,384,814.0,116.28571428571428,7,2011-04-18 15:08:00,2011-07-29 16:39:00,132,102,0.0194174757281553,2,1,1,0.478528340625544
18065,14,1027,2392.83,17.465912408759124,110,2010-12-10 12:44:00,2011-12-04 10:30:00,5,358,0.0389972144846796,6,1,0,0.02068232124861078
18066,1,108,318.0,31.8,10,2011-09-25 15:30:00,2011-09-25 15:30:00,74,0,1.0,1,0,0,0.576504084373236
18067,1,189,396.33,10.71162162162162,36,2011-10-30 15:58:00,2011-10-30 15:58:00,39,0,1.0,1,0,0,0.5195657769661732
18068,1,6,101.7,101.7,1,2011-02-23 14:50:00,2011-02-23 14:50:00,288,0,1.0,1,0,1,0.6014685111267608
18069,5,1296,2009.24,4.396586433260394,334,2011-01-16 15:50:00,2011-11-13 16:03:00,25,301,0.0165562913907284,5,1,0,0.008082207190543077
18071,2,260,453.0,18.12,23,2010-12-09 10:33:00,2011-03-27 11:59:00,257,108,0.018348623853211,2,1,1,0.43584765377345247
18072,1,288,247.44,13.746666666666666,18,2011-06-07 10:44:00,2011-06-07 10:44:00,185,0,1.0,1,0,1,0.5566049567407084
18073,12,3102,3859.82,53.60861111111112,23,2011-05-26 19:38:00,2011-08-17 14:02:00,113,82,0.144578313253012,4,1,1,0.26084260898047434
18074,1,190,489.6,37.66153846153846,13,2010-12-01 09:53:00,2010-12-01 09:53:00,373,0,1.0,1,0,1,0.5675706115191506
18075,10,1464,2611.75,18.392605633802816,97,2010-12-14 10:48:00,2011-11-16 15:21:00,22,337,0.029585798816568,9,1,0,0.023527783588816745
18077,11,1839,2584.41,11.589282511210762,101,2010-12-08 10:21:00,2011-12-01 13:32:00,7,358,0.0306406685236768,8,1,0,0.019951087821301863
18078,2,145,336.13,11.590689655172412,27,2011-03-25 15:08:00,2011-05-06 14:32:00,216,41,0.0476190476190476,2,1,1,0.552093750694502
18079,4,7347,3613.15,29.37520325203252,99,2011-04-15 12:14:00,2011-10-25 15:27:00,44,193,0.0206185567010309,3,1,0,0.08780822596827438
18080,2,642,1231.5,615.75,2,2011-04-11 10:10:00,2011-11-21 08:02:00,18,223,0.0089285714285714,2,1,0,0.2961239968032955
18081,3,195,343.45,20.20294117647059,14,2011-07-29 11:56:00,2011-11-03 16:30:00,35,97,0.0306122448979591,3,1,0,0.44224269020646156
18082,1,608,680.84,9.726285714285714,62,2011-11-14 12:45:00,2011-11-14 12:45:00,25,0,1.0,1,0,0,0.45481649014464764
18084,1,312,90.48,90.48,1,2011-11-23 13:57:00,2011-11-23 13:57:00,15,0,1.0,1,0,0,0.5955661998880263
18085,2,265,689.95,23.79137931034483,25,2010-12-01 12:08:00,2011-01-13 15:17:00,329,43,0.0454545454545454,2,1,1,0.5476633844004144
18086,1,106,101.34,14.477142857142857,7,2011-03-10 13:34:00,2011-03-10 13:34:00,273,0,1.0,1,0,1,0.5838375328602888
18087,2,3907,4055.7199999999993,2027.8599999999997,2,2011-02-22 10:43:00,2011-09-02 15:12:00,97,192,0.0103626943005181,2,1,1,0.32258825313002387
18088,1,107,166.03,4.487297297297298,35,2011-10-09 13:41:00,2011-10-09 13:41:00,60,0,1.0,1,0,0,0.5250158255146092
18092,11,4252,9068.26,101.8905617977528,28,2010-12-09 10:00:00,2011-12-07 13:14:00,1,363,0.0302197802197802,8,1,0,0.02361068675393314
18093,4,1392,2106.52,58.51444444444444,31,2011-02-10 12:15:00,2011-09-07 15:43:00,92,209,0.019047619047619,3,1,1,0.20102127647148518
18094,7,2518,3017.3,43.10428571428571,39,2011-02-21 08:50:00,2011-09-19 09:28:00,81,210,0.0331753554502369,5,1,0,0.1300781147714739
18095,2,419,580.0500000000001,27.621428571428577,20,2011-01-11 12:37:00,2011-01-31 12:50:00,312,20,0.0952380952380952,1,0,1,0.457714749518645
18096,3,788,849.06,4.331938775510204,157,2011-10-07 11:55:00,2011-11-28 12:44:00,11,52,0.0566037735849056,2,1,0,0.2550081926013734
18097,6,1662,2662.4,25.116981132075473,65,2010-12-20 14:49:00,2011-12-02 11:16:00,7,346,0.0172910662824207,5,1,0,0.04833719394390557
18099,1,149,168.31,8.858421052631579,19,2011-08-04 15:52:00,2011-08-04 15:52:00,126,0,1.0,1,0,1,0.5576196585637413
18101,2,87,222.4,5.5600000000000005,37,2011-07-19 13:05:00,2011-11-28 13:37:00,10,132,0.0150375939849624,2,1,0,0.3705876589190141
18102,60,64124,259657.3,602.45313225058,150,2010-12-07 16:42:00,2011-12-09 11:50:00,0,366,0.1634877384196185,12,1,0,7.459525030330225e-10
18104,1,362,754.64,19.858947368421052,38,2011-11-02 14:07:00,2011-11-02 14:07:00,36,0,1.0,1,0,0,0.5092724959159153
18105,1,46,113.48000000000002,6.304444444444446,18,2011-11-02 12:04:00,2011-11-02 12:04:00,37,0,1.0,1,0,0,0.5619712112216506
18106,1,126,421.9,11.402702702702705,33,2011-01-14 12:23:00,2011-01-14 12:23:00,329,0,1.0,1,0,1,0.5268040167688574
18108,1,84,271.0,15.941176470588236,17,2011-03-30 13:56:00,2011-03-30 13:56:00,253,0,1.0,1,0,1,0.5623283378913003
18109,26,4230,8004.92,18.151746031746033,119,2010-12-05 10:58:00,2011-12-08 11:36:00,1,368,0.070460704607046,13,1,0,0.0034521895563184284
18110,1,72,198.8,5.372972972972973,33,2011-11-20 12:34:00,2011-11-20 12:34:00,19,0,1.0,1,0,0,0.529581712745059
18112,2,255,352.69,13.565,26,2011-06-26 13:56:00,2011-11-27 14:43:00,11,154,0.0129032258064516,2,1,0,0.3514223513632036
18113,1,72,76.32000000000001,76.32000000000001,1,2010-12-06 12:31:00,2010-12-06 12:31:00,368,0,1.0,1,0,1,0.599429199118492
18114,1,55,220.1,7.860714285714286,28,2011-02-22 13:20:00,2011-02-22 13:20:00,289,0,1.0,1,0,1,0.5402191272406498
18116,8,837,1403.11,3.781967654986523,230,2010-12-10 12:14:00,2011-10-03 11:00:00,67,296,0.0269360269360269,4,1,0,0.0199076312884403
18117,1,605,315.65,4.384027777777778,68,2011-11-14 12:47:00,2011-11-14 12:47:00,25,0,1.0,1,0,0,0.44551946653169705
18118,26,2865,5625.08,4.453745051464766,424,2010-12-05 12:13:00,2011-11-29 11:32:00,10,358,0.0724233983286908,11,1,0,0.00042119502453651634
18119,1,124,180.7,6.23103448275862,29,2010-12-07 11:59:00,2010-12-07 11:59:00,367,0,1.0,1,0,1,0.5371381850378348
18120,1,31,111.15,6.538235294117648,17,2011-05-09 13:45:00,2011-05-09 13:45:00,213,0,1.0,1,0,1,0.5643373555571687
18121,2,438,653.3,21.074193548387097,28,2011-07-08 12:14:00,2011-07-13 12:53:00,148,5,0.3333333333333333,1,0,1,0.47773081832218967
18122,6,1225,1793.06,5.022577030812325,239,2011-07-12 11:37:00,2011-12-01 13:08:00,7,142,0.0419580419580419,5,1,0,0.05225771262950696
18123,2,582,574.4399999999999,16.895294117647058,31,2011-11-08 13:31:00,2011-11-15 14:23:00,23,7,0.25,1,0,0,0.46185889431969235
18125,4,800,1131.75,5.89453125,164,2011-01-27 15:02:00,2011-11-10 12:29:00,29,286,0.0139372822299651,4,1,0,0.04434165607569562
18126,1,135,200.92,3.863846153846154,52,2011-10-10 12:19:00,2011-10-10 12:19:00,60,0,1.0,1,0,0,0.48861776724296785
18127,3,187,347.08,7.545217391304347,41,2011-07-29 10:06:00,2011-11-20 14:05:00,18,114,0.0260869565217391,2,1,0,0.3797165980094824
18129,1,48,112.55,8.039285714285715,13,2011-04-10 14:16:00,2011-04-10 14:16:00,242,0,1.0,1,0,1,0.5722842793110964
18130,3,824,1059.39,15.13414285714286,58,2011-10-13 15:58:00,2011-11-24 14:40:00,14,41,0.0714285714285714,2,1,0,0.4575128134859295
18133,1,1350,931.5,931.5,1,2011-05-11 14:14:00,2011-05-11 14:14:00,211,0,1.0,1,0,1,0.6049930887856003
18135,5,349,681.9100000000001,34.0955,11,2011-06-02 14:04:00,2011-11-10 19:32:00,28,161,0.0308641975308641,3,1,0,0.3130732517572519
18136,3,379,784.33,20.640263157894736,34,2011-01-24 12:08:00,2011-10-07 15:40:00,62,256,0.0116731517509727,3,1,0,0.17080562072864947
18138,1,38,152.65,19.08125,8,2011-02-17 14:51:00,2011-02-17 14:51:00,294,0,1.0,1,0,1,0.5827881215212806
18139,6,5557,8438.34,53.07132075471698,35,2011-11-21 14:06:00,2011-11-22 10:44:00,17,0,6.0,1,0,0,0.5223301008160428
18142,2,1276,1019.52,67.968,9,2011-05-08 12:31:00,2011-07-05 13:19:00,156,58,0.0338983050847457,2,1,1,0.5335593222453342
18143,2,570,1000.16,16.396065573770493,59,2011-07-21 10:44:00,2011-08-15 12:07:00,116,25,0.0769230769230769,2,1,1,0.5017553634344429
18144,12,1343,2888.75,67.18023255813954,27,2010-12-01 13:45:00,2011-12-02 12:46:00,7,365,0.0327868852459016,10,1,0,0.028688838268522747
18145,4,2625,2861.55,12.94819004524887,174,2011-01-31 12:10:00,2011-11-27 11:22:00,12,299,0.0133333333333333,4,1,0,0.030854492388149905
18146,2,153,160.35000000000002,16.035000000000004,10,2011-05-03 16:35:00,2011-07-22 12:08:00,140,79,0.025,2,1,1,0.5198758701148419
18147,2,203,179.33999999999995,25.619999999999997,7,2011-08-23 12:22:00,2011-10-25 11:46:00,45,62,0.0317460317460317,2,1,0,0.5562080439637005
18149,3,310,612.0799999999999,38.254999999999995,11,2011-03-11 12:44:00,2011-10-20 12:04:00,50,222,0.0134529147982062,3,1,0,0.24465489243706706
18150,3,332,566.58,15.312972972972974,29,2011-05-22 10:47:00,2011-11-07 16:49:00,31,169,0.0176470588235294,3,1,0,0.28931015164642754
18151,2,355,653.35,17.193421052631578,38,2011-02-23 08:29:00,2011-07-28 11:35:00,134,155,0.0128205128205128,2,1,1,0.32338571932359295
18154,2,255,399.19,19.009047619047617,15,2011-10-27 10:40:00,2011-12-06 16:41:00,2,40,0.048780487804878,2,1,0,0.5763172547668038
18155,3,266,371.62,14.8648,19,2011-02-21 10:36:00,2011-09-25 13:32:00,74,216,0.0138248847926267,3,1,0,0.24178671790833844
18156,2,283,675.64,5.538032786885246,100,2010-12-05 12:29:00,2011-11-27 12:24:00,12,356,0.0056022408963585,2,1,0,0.06262780351424349
18158,2,354,453.4,13.335294117647058,24,2011-09-12 09:03:00,2011-11-30 16:19:00,8,79,0.025,2,1,0,0.48404482983425895
18159,1,139,530.15,23.05,23,2011-02-11 14:26:00,2011-02-11 14:26:00,300,0,1.0,1,0,1,0.546882407918136
18160,2,294,638.0600000000001,16.36051282051282,37,2011-05-23 13:41:00,2011-10-13 15:50:00,56,143,0.0138888888888888,2,1,0,0.34567273286686173
18161,5,812,1618.69,20.233625,49,2011-01-24 11:56:00,2011-11-24 16:40:00,14,304,0.0163934426229508,5,1,0,0.08360367899947989
18164,1,184,399.65,16.652083333333334,24,2011-11-02 12:56:00,2011-11-02 12:56:00,36,0,1.0,1,0,0,0.5448729949233211
18165,1,254,302.46000000000004,30.246,10,2011-06-15 13:23:00,2011-06-15 13:23:00,176,0,1.0,1,0,1,0.5738947510313357
18167,3,382,1384.86,37.428648648648654,24,2011-08-26 11:40:00,2011-11-16 15:56:00,22,82,0.036144578313253,2,1,0,0.45931427031908
18168,6,592,1160.04,8.923384615384615,97,2010-12-02 18:08:00,2011-06-16 19:21:00,175,196,0.0304568527918781,5,1,1,0.11603571367576411
18169,1,61,202.65,22.516666666666666,9,2011-10-10 12:18:00,2011-10-10 12:18:00,60,0,1.0,1,0,0,0.5800344428641425
18170,3,409,980.31,25.797631578947367,29,2011-05-06 15:13:00,2011-11-06 14:35:00,32,183,0.0163043478260869,3,1,0,0.2652122466229124
18171,5,481,1231.31,22.802037037037035,43,2011-01-10 09:55:00,2011-10-12 09:13:00,58,274,0.0181818181818181,5,1,0,0.110277288681398
18172,20,3184,7561.68,40.00888888888889,100,2011-02-23 10:44:00,2011-11-25 11:12:00,14,275,0.072463768115942,8,1,0,0.018209190833254275
18173,4,1220,2106.84,67.9625806451613,23,2011-03-10 11:56:00,2011-09-14 11:26:00,86,187,0.0212765957446808,4,1,0,0.2258849302493372
18174,1,50,104.0,104.0,1,2011-12-02 16:56:00,2011-12-02 16:56:00,6,0,1.0,1,0,0,0.6007525043142284
18176,1,283,476.35,15.878333333333334,30,2010-12-16 15:45:00,2010-12-16 15:45:00,357,0,1.0,1,0,1,0.5298174116750669
18177,6,709,1340.87,18.368082191780825,53,2011-03-29 08:46:00,2011-11-08 14:44:00,30,224,0.0266666666666666,5,1,0,0.13250982667542477
18178,4,983,1590.81,16.400103092783503,80,2010-12-10 12:42:00,2011-08-03 09:30:00,128,235,0.0169491525423728,4,1,1,0.11629337679935552
18179,6,1360,1793.17,19.924111111111113,86,2011-01-07 14:22:00,2011-11-30 16:23:00,8,327,0.0182926829268292,5,1,0,0.04903902025001094
18180,6,1721,1843.75,15.493697478991596,108,2011-07-20 08:59:00,2011-12-05 08:39:00,4,137,0.0434782608695652,4,1,0,0.1530764210187214
18181,1,133,366.85,8.947560975609756,40,2011-11-15 15:08:00,2011-11-15 15:08:00,23,0,1.0,1,0,0,0.5124525607840101
18183,2,371,632.07,17.082972972972975,36,2011-03-10 10:08:00,2011-04-26 15:26:00,226,47,0.0416666666666666,2,1,1,0.5156515031624151
18184,1,60,49.8,49.8,1,2011-11-24 15:28:00,2011-11-24 15:28:00,14,0,1.0,1,0,0,0.5987574050928838
18185,1,183,304.25,17.897058823529413,17,2011-04-04 13:42:00,2011-04-04 13:42:00,248,0,1.0,1,0,1,0.560281859671518
18188,3,1168,2001.04,28.183661971830983,63,2011-02-22 14:43:00,2011-11-24 16:46:00,14,275,0.0108695652173913,3,1,0,0.11283088063721922
18189,2,566,1090.24,16.032941176470587,65,2011-03-17 09:49:00,2011-09-23 12:40:00,77,190,0.0104712041884816,2,1,0,0.2228595458983319
18190,2,140,284.46000000000004,18.964,14,2011-01-13 10:35:00,2011-05-31 14:48:00,191,138,0.014388489208633,2,1,1,0.40501380682928145
18191,1,140,207.8,29.685714285714283,7,2011-03-23 12:08:00,2011-03-23 12:08:00,261,0,1.0,1,0,1,0.5829219283210222
18192,1,339,957.97,21.288222222222224,45,2011-09-29 09:53:00,2011-09-29 09:53:00,71,0,1.0,1,0,0,0.49327455586166497
18193,1,124,243.76,15.235,16,2011-06-27 13:58:00,2011-06-27 13:58:00,164,0,1.0,1,0,1,0.5638607397240187
18194,1,632,973.84,139.11999999999998,7,2011-09-18 13:29:00,2011-09-18 13:29:00,81,0,1.0,1,0,0,0.5717715074785038
18196,2,431,686.63,4.93978417266187,131,2011-02-22 16:13:00,2011-09-05 16:22:00,94,195,0.010204081632653,2,1,1,0.14011682636307488
18198,17,4074,5425.56,34.12301886792453,81,2011-01-07 13:39:00,2011-12-05 14:49:00,3,332,0.051051051051051,11,1,0,0.012524165422845287
18200,1,104,150.35,5.011666666666667,29,2011-08-25 18:45:00,2011-08-25 18:45:00,105,0,1.0,1,0,1,0.5377341030571559
18202,3,581,1396.99,20.543970588235293,55,2011-02-01 13:36:00,2011-05-24 12:12:00,199,111,0.0267857142857142,2,1,1,0.3425949699080151
18203,1,43,160.42000000000002,8.443157894736842,19,2011-07-05 13:07:00,2011-07-05 13:07:00,156,0,1.0,1,0,1,0.5596369871218603
18204,3,1190,1975.35,10.28828125,159,2011-05-31 15:26:00,2011-09-29 16:44:00,70,121,0.0245901639344262,3,1,0,0.14737706116963686
18205,2,192,517.36,16.1675,30,2011-09-26 12:02:00,2011-11-03 13:22:00,35,38,0.0512820512820512,2,1,0,0.5490966984311694
18209,1,58,139.10000000000002,17.387500000000003,8,2011-11-11 12:07:00,2011-11-11 12:07:00,28,0,1.0,1,0,0,0.582470458218027
18210,6,1398,2621.38,19.56253731343284,109,2011-03-17 16:58:00,2011-12-08 11:02:00,1,265,0.0225563909774436,4,1,0,0.06599691401745483
18211,5,359,600.07,14.287380952380952,37,2011-03-06 12:09:00,2011-11-14 08:10:00,25,252,0.0197628458498023,5,1,0,0.13611111708592144
18212,1,92,216.07,6.3549999999999995,30,2011-01-17 16:14:00,2011-01-17 16:14:00,325,0,1.0,1,0,1,0.5353403093563246
18213,1,232,232.48,15.498666666666669,15,2011-04-17 10:21:00,2011-04-17 10:21:00,236,0,1.0,1,0,1,0.5640343067059624
18215,1,118,299.34000000000003,23.02615384615385,13,2011-09-11 16:05:00,2011-09-11 16:05:00,88,0,1.0,1,0,0,0.5699705663934447
18216,1,200,481.75,18.528846153846153,26,2011-11-08 16:55:00,2011-11-08 16:55:00,30,0,1.0,1,0,0,0.5397599666833715
18217,2,491,621.75,20.056451612903224,27,2011-09-30 10:44:00,2011-11-10 13:18:00,28,41,0.0476190476190476,2,1,0,0.543436919354339
18218,2,536,641.92,32.096,17,2011-03-03 12:24:00,2011-05-12 12:53:00,210,70,0.028169014084507,2,1,1,0.5107412559480335
18219,10,885,2069.77,18.155877192982455,58,2010-12-06 10:05:00,2011-12-07 11:43:00,2,366,0.0272479564032697,8,1,0,0.03066342507936748
18220,1,288,305.28000000000003,152.64,2,2011-04-27 09:03:00,2011-04-27 09:03:00,226,0,1.0,1,0,1,0.5947310547927531
18221,5,791,1041.61,16.27515625,59,2011-05-12 14:13:00,2011-11-17 14:40:00,21,189,0.0263157894736842,5,1,0,0.16458963168166932
18222,1,335,443.0,23.31578947368421,19,2011-09-08 10:45:00,2011-09-08 10:45:00,92,0,1.0,1,0,1,0.5523175385759501
18223,14,2948,6484.54,23.840220588235297,116,2010-12-16 16:42:00,2011-12-05 09:11:00,4,353,0.03954802259887,10,1,0,0.010624196544255154
18224,1,69,158.95000000000002,15.895,10,2011-03-21 10:30:00,2011-03-21 10:30:00,263,0,1.0,1,0,1,0.5779539737521949
18225,12,3242,5504.96,20.46453531598513,150,2010-12-09 15:46:00,2011-12-06 13:27:00,2,361,0.0331491712707182,10,1,0,0.008421236720243398
18226,11,3466,5228.05,21.603512396694217,141,2011-01-06 09:00:00,2011-10-26 13:36:00,43,293,0.0374149659863945,9,1,0,0.016821243711851928
18227,1,21,93.75,18.75,5,2011-05-06 12:23:00,2011-05-06 12:23:00,217,0,1.0,1,0,1,0.5896923061071541
18228,2,238,779.9,25.996666666666663,23,2011-09-21 10:48:00,2011-10-14 09:21:00,56,22,0.0869565217391304,2,1,0,0.5905748571040137
18229,20,2488,7276.900000000001,44.37134146341464,66,2010-12-01 16:25:00,2011-11-28 09:48:00,11,361,0.0552486187845303,12,1,0,0.009632565900333127
18230,7,1316,2810.2000000000003,32.67674418604651,32,2011-02-10 13:06:00,2011-11-30 13:22:00,8,293,0.0238095238095238,6,1,0,0.08027234803732256
18231,5,819,2071.77,16.843658536585366,106,2011-02-24 09:08:00,2011-05-31 14:18:00,191,96,0.0515463917525773,4,1,1,0.21600214473488208
18232,4,302,592.97,16.026216216216216,31,2011-05-26 16:30:00,2011-09-19 11:49:00,81,115,0.0344827586206896,3,1,0,0.361442997093352
18233,1,4,440.0,440.0,1,2011-01-18 08:44:00,2011-01-18 08:44:00,325,0,1.0,1,0,1,0.6127586657200567
18235,3,1578,1796.48,17.273846153846154,100,2011-05-06 13:35:00,2011-09-29 08:27:00,71,145,0.0205479452054794,3,1,0,0.1889060084849302
18236,6,403,882.24,18.004897959183673,42,2011-04-13 09:52:00,2011-11-10 08:06:00,29,210,0.0284360189573459,6,1,0,0.14952603151138438
18237,5,622,987.1,16.181967213114753,40,2011-07-28 13:05:00,2011-12-07 12:49:00,2,131,0.0378787878787878,5,1,0,0.26303734788750666
18239,5,795,1561.61,17.745568181818182,80,2010-12-02 17:48:00,2011-05-05 12:38:00,218,153,0.0324675324675324,4,1,1,0.18757304469720693
18240,1,126,422.58,70.42999999999999,6,2011-10-24 13:06:00,2011-10-24 13:06:00,45,0,1.0,1,0,0,0.5850459261158557
18241,17,1051,2073.09,19.933557692307694,60,2011-05-06 09:22:00,2011-11-30 12:10:00,9,208,0.0813397129186602,7,1,0,0.07078252647944823
18242,4,1017,2232.49,28.62166666666667,72,2011-05-10 11:20:00,2011-09-28 13:43:00,71,141,0.028169014084507,2,1,0,0.24604646511870581
18245,7,1788,2567.06,14.668914285714283,153,2010-12-19 14:58:00,2011-12-02 14:48:00,6,347,0.0201149425287356,5,1,0,0.022348379005713154
18246,2,166,596.1,149.025,3,2011-04-20 13:55:00,2011-11-16 11:49:00,23,209,0.0095238095238095,2,1,0,0.3108329096158855
18248,2,511,804.02,17.1068085106383,39,2011-06-06 13:18:00,2011-08-09 10:19:00,122,63,0.03125,2,1,1,0.47585716099641157
18249,1,128,95.34,11.9175,8,2011-11-22 15:07:00,2011-11-22 15:07:00,16,0,1.0,1,0,0,0.5813451423151214
18250,1,199,349.27,16.63190476190476,21,2011-02-02 13:16:00,2011-02-02 13:16:00,309,0,1.0,1,0,1,0.5512639194622533
18251,1,7824,4314.72,269.67,16,2011-09-13 15:03:00,2011-09-13 15:03:00,86,0,1.0,1,0,0,0.39513359943072435
18252,2,234,518.27,5.5135106382978725,90,2011-06-21 11:47:00,2011-10-20 12:43:00,50,121,0.0163934426229508,2,1,0,0.28592543852227226
18255,1,74,103.3,17.216666666666665,6,2011-09-11 13:16:00,2011-09-11 13:16:00,88,0,1.0,1,0,0,0.586551389792779
18257,8,1041,2337.63,19.81042372881356,97,2011-02-16 15:13:00,2011-10-31 14:48:00,38,256,0.0311284046692607,5,1,0,0.06699768460736923
18259,3,714,2338.6000000000004,55.68095238095239,27,2010-12-08 13:38:00,2011-11-15 12:34:00,24,341,0.0087719298245614,3,1,0,0.09876896961390169
18260,6,1475,2628.35,19.76203007518797,86,2010-12-16 18:23:00,2011-06-20 12:37:00,172,185,0.032258064516129,6,1,1,0.11211586576570386
18261,2,146,324.24,15.44,19,2011-09-05 09:34:00,2011-10-27 15:36:00,42,52,0.0377358490566037,2,1,0,0.5488138556691435
18262,1,182,149.48,11.498461538461536,13,2011-07-22 16:04:00,2011-07-22 16:04:00,139,0,1.0,1,0,1,0.5696359203713967
18263,3,1468,1213.16,19.887868852459015,59,2011-04-01 11:48:00,2011-11-14 09:00:00,25,226,0.013215859030837,3,1,0,0.15843176279146517
18265,2,311,801.51,17.424130434782608,44,2011-07-04 15:26:00,2011-09-28 14:10:00,71,85,0.0232558139534883,2,1,0,0.42959355028078355
18268,1,2,25.5,25.5,1,2011-07-28 19:13:00,2011-07-28 19:13:00,133,0,1.0,1,0,1,0.5989903872949713
18269,1,76,168.6,24.085714285714285,7,2010-12-08 13:53:00,2010-12-08 13:53:00,365,0,1.0,1,0,1,0.5841993010190973
18270,2,101,283.15,25.74090909090909,11,2011-03-18 12:41:00,2011-11-01 13:57:00,37,228,0.0087336244541484,2,1,0,0.267810676333204
18272,6,2050,3078.58,18.54566265060241,99,2011-04-07 09:35:00,2011-12-07 12:43:00,2,244,0.0244897959183673,5,1,0,0.07091988201348305
18273,3,80,204.0,68.0,1,2011-03-27 11:22:00,2011-12-07 13:16:00,1,255,0.01171875,3,1,0,0.22362343714956748
18274,1,88,175.92,15.992727272727272,11,2011-11-09 17:03:00,2011-11-09 17:03:00,29,0,1.0,1,0,0,0.5754163425294253
18276,1,186,335.86,23.99,14,2011-10-27 10:54:00,2011-10-27 10:54:00,43,0,1.0,1,0,0,0.5663787641976806
18277,1,68,110.38,13.7975,8,2011-10-12 15:22:00,2011-10-12 15:22:00,57,0,1.0,1,0,0,0.5823891311108526
18278,1,66,173.9,19.322222222222223,9,2011-09-27 11:58:00,2011-09-27 11:58:00,73,0,1.0,1,0,0,0.5800617511127819
18280,1,45,180.6,18.06,10,2011-03-07 09:52:00,2011-03-07 09:52:00,277,0,1.0,1,0,1,0.5782939754086153
18281,1,54,80.82,11.545714285714284,7,2011-06-12 10:53:00,2011-06-12 10:53:00,180,0,1.0,1,0,1,0.584843514653363
18282,2,103,178.05,14.8375,12,2011-08-05 13:35:00,2011-12-02 11:43:00,7,118,0.0168067226890756,2,1,0,0.44591354360917523
18283,16,1357,2045.53,2.8370735090152563,263,2011-01-06 14:14:00,2011-12-06 12:02:00,3,333,0.0479041916167664,10,1,0,0.004341238798004492
18287,3,1586,1837.28,26.24685714285714,59,2011-05-22 10:39:00,2011-10-28 09:29:00,42,158,0.0188679245283018,2,1,0,0.24667914867785545
